snapshot_id,target,target_name,endpoint,standard_type,molecule_chembl_id,canonical_smiles,p_value,standard_value_nM,split,scaffold_smiles,source
chembl-endpoint-20260529T111633Z,CHEMBL218,CB1,pIC50,IC50,CHEMBL180154,O=C(c1cnc(-c2ccc(Cl)cc2Cl)c(-c2ccc(Cl)cc2)c1)N1CCCCC1,6.337242168318426,460.0,external,O=C(c1cnc(-c2ccccc2)c(-c2ccccc2)c1)N1CCCCC1,ChEMBL
chembl-endpoint-20260529T111633Z,CHEMBL218,CB1,pIC50,IC50,CHEMBL180648,O=C(NC1CCCCC1)c1ccc(-c2ccc(Cl)cc2)c(-c2ccc(Cl)cc2Cl)n1,7.022276394711152,95.0,external,O=C(NC1CCCCC1)c1ccc(-c2ccccc2)c(-c2ccccc2)n1,ChEMBL
chembl-endpoint-20260529T111633Z,CHEMBL218,CB1,pIC50,IC50,CHEMBL202169,CC(=O)Nc1c(C(C)=O)c(=O)n(Cc2ccccc2)c2nc(-c3ccc(Cl)cc3Cl)c(-c3ccc(Cl)cc3)cc12,8.638272163982407,2.3,external,O=c1ccc2cc(-c3ccccc3)c(-c3ccccc3)nc2n1Cc1ccccc1,ChEMBL
chembl-endpoint-20260529T111633Z,CHEMBL218,CB1,pIC50,IC50,CHEMBL2096840,C[C@@H](NC(=O)C(C)(C)Oc1ccc(Cl)cc1)[C@H](Cc1ccc(Cl)cc1)c1ccc(Cl)cc1,7.886056647693163,13.0,external,O=C(COc1ccccc1)NC[C@H](Cc1ccccc1)c1ccccc1,ChEMBL
chembl-endpoint-20260529T111633Z,CHEMBL218,CB1,pIC50,IC50,CHEMBL2096841,C[C@@H](NC(=O)C(C)(C)Oc1ccc(Cl)cc1)[C@H](Cc1ccc(Cl)cc1)c1ccccc1,6.769551078621726,170.0,external,O=C(COc1ccccc1)NC[C@H](Cc1ccccc1)c1ccccc1,ChEMBL
chembl-endpoint-20260529T111633Z,CHEMBL218,CB1,pIC50,IC50,CHEMBL2113257,C[C@H](NC(=O)C(C)(C)Oc1cccnc1)[C@@H](Cc1ccc(Cl)cc1)c1ccccc1,7.721246399047171,19.0,external,O=C(COc1cccnc1)NC[C@@H](Cc1ccccc1)c1ccccc1,ChEMBL
chembl-endpoint-20260529T111633Z,CHEMBL218,CB1,pIC50,IC50,CHEMBL230294,C[C@H](NC(=O)Cc1ccccc1)[C@@H](Cc1ccc(Cl)cc1)c1cccc(C#N)c1,7.355561410532162,44.1,external,O=C(Cc1ccccc1)NC[C@@H](Cc1ccccc1)c1ccccc1,ChEMBL
chembl-endpoint-20260529T111633Z,CHEMBL218,CB1,pIC50,IC50,CHEMBL230826,C[C@H](NS(=O)(=O)c1cccc2ccccc12)[C@@H](Cc1ccc(Cl)cc1)c1cccc(C#N)c1,7.675717544702307,21.1,external,O=S(=O)(NC[C@@H](Cc1ccccc1)c1ccccc1)c1cccc2ccccc12,ChEMBL
chembl-endpoint-20260529T111633Z,CHEMBL218,CB1,pIC50,IC50,CHEMBL230927,C[C@H](NS(=O)(=O)Cc1ccccc1)[C@@H](Cc1ccc(Cl)cc1)c1cccc(C#N)c1,7.679853713888946,20.9,external,O=S(=O)(Cc1ccccc1)NC[C@@H](Cc1ccccc1)c1ccccc1,ChEMBL
chembl-endpoint-20260529T111633Z,CHEMBL218,CB1,pIC50,IC50,CHEMBL231034,C[C@H](NS(=O)(=O)Cc1ccccc1Cl)[C@@H](Cc1ccc(Cl)cc1)c1cccc(C#N)c1,7.795880017344075,16.0,external,O=S(=O)(Cc1ccccc1)NC[C@@H](Cc1ccccc1)c1ccccc1,ChEMBL
chembl-endpoint-20260529T111633Z,CHEMBL218,CB1,pIC50,IC50,CHEMBL231240,C[C@H](NS(=O)(=O)Cc1ccc(Cl)cc1)[C@@H](Cc1ccc(Cl)cc1)c1cccc(C#N)c1,7.8124792791635365,15.4,external,O=S(=O)(Cc1ccccc1)NC[C@@H](Cc1ccccc1)c1ccccc1,ChEMBL
chembl-endpoint-20260529T111633Z,CHEMBL218,CB1,pIC50,IC50,CHEMBL231342,C[C@H](NS(=O)(=O)/C=C/c1ccccc1)[C@@H](Cc1ccc(Cl)cc1)c1cccc(C#N)c1,7.3788237182249645,41.8,external,O=S(=O)(/C=C/c1ccccc1)NC[C@@H](Cc1ccccc1)c1ccccc1,ChEMBL
chembl-endpoint-20260529T111633Z,CHEMBL218,CB1,pIC50,IC50,CHEMBL389774,C[C@H](NS(=O)(=O)Cc1cccc(Cl)c1)[C@@H](Cc1ccc(Cl)cc1)c1cccc(C#N)c1,7.2716462179787715,53.5,external,O=S(=O)(Cc1ccccc1)NC[C@@H](Cc1ccccc1)c1ccccc1,ChEMBL
chembl-endpoint-20260529T111633Z,CHEMBL218,CB1,pIC50,IC50,CHEMBL180949,Cn1c(C(=O)N2CCCCC2)nc(-c2ccc(Cl)cc2)c1-c1ccc(Cl)cc1,5.958607314841775,1100.0,scaffold_test,O=C(c1nc(-c2ccccc2)c(-c2ccccc2)[nH]1)N1CCCCC1,ChEMBL
chembl-endpoint-20260529T111633Z,CHEMBL218,CB1,pIC50,IC50,CHEMBL2113249,C[C@H](NC(=O)C(C)(C)Oc1ccc(Cl)cc1)[C@@H](Cc1ccc(Cl)cc1)c1ccc(F)cc1,7.045757490560675,90.0,scaffold_test,O=C(COc1ccccc1)NC[C@@H](Cc1ccccc1)c1ccccc1,ChEMBL
chembl-endpoint-20260529T111633Z,CHEMBL218,CB1,pIC50,IC50,CHEMBL2113250,C[C@H](NC(=O)C(C)(C)Oc1ccc(Cl)cc1)[C@@H](Cc1ccc(Cl)cc1)c1cccc(F)c1,8.55284196865778,2.8,scaffold_test,O=C(COc1ccccc1)NC[C@@H](Cc1ccccc1)c1ccccc1,ChEMBL
chembl-endpoint-20260529T111633Z,CHEMBL218,CB1,pIC50,IC50,CHEMBL2113251,C[C@H](NC(=O)C(C)(C)Oc1ccc(Cl)cc1)[C@@H](Cc1ccc(Cl)cc1)c1ccccc1F,7.920818753952375,12.0,scaffold_test,O=C(COc1ccccc1)NC[C@@H](Cc1ccccc1)c1ccccc1,ChEMBL
chembl-endpoint-20260529T111633Z,CHEMBL218,CB1,pIC50,IC50,CHEMBL2113252,C[C@H](NC(=O)C(C)(C)Oc1ccc(Cl)cc1)[C@@H](Cc1ccccc1Cl)c1ccccc1,6.853871964321762,140.0,scaffold_test,O=C(COc1ccccc1)NC[C@@H](Cc1ccccc1)c1ccccc1,ChEMBL
chembl-endpoint-20260529T111633Z,CHEMBL218,CB1,pIC50,IC50,CHEMBL2113253,C[C@H](NC(=O)C(C)(C)Oc1ccc(Cl)cc1)[C@@H](Cc1ccc(C(F)(F)F)cc1)c1ccccc1,8.468521082957745,3.4,scaffold_test,O=C(COc1ccccc1)NC[C@@H](Cc1ccccc1)c1ccccc1,ChEMBL
chembl-endpoint-20260529T111633Z,CHEMBL218,CB1,pIC50,IC50,CHEMBL2113254,C[C@H](NC(=O)C(C)(C)Oc1ccc(Cl)cc1)[C@@H](Cc1ccc(F)cc1)c1ccccc1,7.853871964321762,14.0,scaffold_test,O=C(COc1ccccc1)NC[C@@H](Cc1ccccc1)c1ccccc1,ChEMBL
chembl-endpoint-20260529T111633Z,CHEMBL218,CB1,pIC50,IC50,CHEMBL2113255,C[C@H](NC(=O)C(C)(C)Oc1ccc(Cl)cc1)[C@@H](Cc1ccccc1)c1ccccc1,7.481486060122112,33.0,scaffold_test,O=C(COc1ccccc1)NC[C@@H](Cc1ccccc1)c1ccccc1,ChEMBL
chembl-endpoint-20260529T111633Z,CHEMBL218,CB1,pIC50,IC50,CHEMBL2113256,C[C@H](NC(=O)C(C)(C)Oc1ccccc1Cl)[C@@H](Cc1ccc(Cl)cc1)c1ccccc1,7.7447274948966935,18.0,scaffold_test,O=C(COc1ccccc1)NC[C@@H](Cc1ccccc1)c1ccccc1,ChEMBL
chembl-endpoint-20260529T111633Z,CHEMBL218,CB1,pIC50,IC50,CHEMBL217862,C[C@H](NC(=O)C(C)(C)Oc1ccccc1)[C@@H](Cc1ccc(Cl)cc1)c1ccccc1,8.698970004336019,2.0,scaffold_test,O=C(COc1ccccc1)NC[C@@H](Cc1ccccc1)c1ccccc1,ChEMBL
chembl-endpoint-20260529T111633Z,CHEMBL218,CB1,pIC50,IC50,CHEMBL218649,C[C@H](NC(=O)C(C)(C)Oc1ccc(Cl)cc1)[C@@H](Cc1ccc(Cl)cc1)c1ccccc1,8.522878745280337,3.0,scaffold_test,O=C(COc1ccccc1)NC[C@@H](Cc1ccccc1)c1ccccc1,ChEMBL
chembl-endpoint-20260529T111633Z,CHEMBL218,CB1,pIC50,IC50,CHEMBL219188,CC(NC(=O)C(C)(C)Oc1ccc(Cl)cc1)C(Cc1ccc(Cl)cc1)c1ccccc1,8.602059991327963,2.5,scaffold_test,O=C(COc1ccccc1)NCC(Cc1ccccc1)c1ccccc1,ChEMBL
chembl-endpoint-20260529T111633Z,CHEMBL218,CB1,pIC50,IC50,CHEMBL219480,C[C@H](NC(=O)C(C)(C)Oc1cc(F)cc(F)c1)[C@@H](Cc1ccc(Cl)cc1)c1ccccc1,8.958607314841775,1.1,scaffold_test,O=C(COc1ccccc1)NC[C@@H](Cc1ccccc1)c1ccccc1,ChEMBL
chembl-endpoint-20260529T111633Z,CHEMBL218,CB1,pIC50,IC50,CHEMBL230890,Cc1c2c(n(-c3ccc(Cl)cc3Cl)c1-c1cc3ccccc3s1)CCN(C1CCCCC1)C2=O,7.638272163982407,23.0,scaffold_test,O=C1c2cc(-c3cc4ccccc4s3)n(-c3ccccc3)c2CCN1C1CCCCC1,ChEMBL
chembl-endpoint-20260529T111633Z,CHEMBL218,CB1,pIC50,IC50,CHEMBL231245,C[C@H](NC(=O)CCc1ccccc1)[C@@H](Cc1ccc(Cl)cc1)c1cccc(C#N)c1,7.416801226031377,38.3,scaffold_test,O=C(CCc1ccccc1)NC[C@@H](Cc1ccccc1)c1ccccc1,ChEMBL
chembl-endpoint-20260529T111633Z,CHEMBL218,CB1,pIC50,IC50,CHEMBL361785,O=C(NC1CCCC1)c1cc(-c2ccc(Cl)cc2)c(-c2ccc(Cl)cc2Cl)nc1OCc1ccccc1,7.7447274948966935,18.0,scaffold_test,O=C(NC1CCCC1)c1cc(-c2ccccc2)c(-c2ccccc2)nc1OCc1ccccc1,ChEMBL
chembl-endpoint-20260529T111633Z,CHEMBL218,CB1,pIC50,IC50,CHEMBL362638,Cn1c(C(=O)N2CCCCC2)nc(-c2ccccc2)c1-c1ccccc1,4.721246399047171,19000.0,scaffold_test,O=C(c1nc(-c2ccccc2)c(-c2ccccc2)[nH]1)N1CCCCC1,ChEMBL
chembl-endpoint-20260529T111633Z,CHEMBL218,CB1,pIC50,IC50,CHEMBL362643,Cn1c(C(=O)Nc2ccccc2)nc(-c2ccc(Cl)cc2Cl)c1-c1ccc(Cl)cc1,7.221848749616356,60.0,scaffold_test,O=C(Nc1ccccc1)c1nc(-c2ccccc2)c(-c2ccccc2)[nH]1,ChEMBL
chembl-endpoint-20260529T111633Z,CHEMBL218,CB1,pIC50,IC50,CHEMBL362694,Cc1ccc(-c2nc(C(=O)N3CCCCC3)n(C)c2-c2ccc(C)cc2)cc1,5.468521082957745,3400.0,scaffold_test,O=C(c1nc(-c2ccccc2)c(-c2ccccc2)[nH]1)N1CCCCC1,ChEMBL
chembl-endpoint-20260529T111633Z,CHEMBL218,CB1,pIC50,IC50,CHEMBL374291,CC(NC(=O)C(C)(C)Oc1ccc(Cl)cc1)C(Cc1ccc(Cl)cc1)c1ccc(Cl)cc1,7.698970004336019,20.0,scaffold_test,O=C(COc1ccccc1)NCC(Cc1ccccc1)c1ccccc1,ChEMBL
chembl-endpoint-20260529T111633Z,CHEMBL218,CB1,pIC50,IC50,CHEMBL385033,C[C@H](NC(=O)C(C)(C)Oc1cccc(Cl)c1)[C@@H](Cc1ccc(Cl)cc1)c1ccccc1,8.823908740944319,1.5,scaffold_test,O=C(COc1ccccc1)NC[C@@H](Cc1ccccc1)c1ccccc1,ChEMBL
chembl-endpoint-20260529T111633Z,CHEMBL218,CB1,pIC50,IC50,CHEMBL385767,C[C@H](NC(=O)C(C)(C)Oc1cccc(F)c1)[C@@H](Cc1ccc(Cl)cc1)c1ccccc1,8.795880017344075,1.6,scaffold_test,O=C(COc1ccccc1)NC[C@@H](Cc1ccccc1)c1ccccc1,ChEMBL
chembl-endpoint-20260529T111633Z,CHEMBL218,CB1,pIC50,IC50,CHEMBL412262,CN/C(=N\S(=O)(=O)c1ccc(Cl)cc1)N1C[C@H](c2ccccc2)C(c2ccc(Cl)cc2)=N1,7.769551078621726,17.0,scaffold_test,O=S(=O)(N=CN1C[C@H](c2ccccc2)C(c2ccccc2)=N1)c1ccccc1,ChEMBL
chembl-endpoint-20260529T111633Z,CHEMBL218,CB1,pIC50,IC50,CHEMBL427236,C[C@H](NC(=O)C(C)(C)Oc1ccc(Cl)cc1)[C@@H](Cc1ccc(Cl)cc1)c1ccc(Cl)cc1,7.318758762624412,48.0,scaffold_test,O=C(COc1ccccc1)NC[C@@H](Cc1ccccc1)c1ccccc1,ChEMBL
chembl-endpoint-20260529T111633Z,CHEMBL218,CB1,pIC50,IC50,CHEMBL111,Cc1c(C(=O)NN2CCCCC2)nn(-c2ccc(Cl)cc2Cl)c1-c1ccc(Cl)cc1,8.221848749616356,6.0,train,O=C(NN1CCCCC1)c1cc(-c2ccccc2)n(-c2ccccc2)n1,ChEMBL
chembl-endpoint-20260529T111633Z,CHEMBL218,CB1,pIC50,IC50,CHEMBL116463,N#Cc1ccc(CCOC(=O)NC2CCN(CCCC(c3ccc(F)cc3)c3ccc(F)cc3)CC2)cc1,5.215382707367125,6090.0,train,O=C(NC1CCN(CCCC(c2ccccc2)c2ccccc2)CC1)OCCc1ccccc1,ChEMBL
chembl-endpoint-20260529T111633Z,CHEMBL218,CB1,pIC50,IC50,CHEMBL178243,CCCCCCNC(=O)c1cc(-c2ccc(Cl)cc2)c(-c2ccc(Cl)cc2Cl)nc1Cl,7.236572006437063,58.0,train,c1ccc(-c2cccnc2-c2ccccc2)cc1,ChEMBL
chembl-endpoint-20260529T111633Z,CHEMBL218,CB1,pIC50,IC50,CHEMBL178446,N#Cc1cc(-c2ccc(Cl)cc2)c(-c2ccc(Cl)cc2)nc1OCc1ccc(F)c(F)c1,7.7447274948966935,18.0,train,c1ccc(COc2ccc(-c3ccccc3)c(-c3ccccc3)n2)cc1,ChEMBL
chembl-endpoint-20260529T111633Z,CHEMBL218,CB1,pIC50,IC50,CHEMBL178987,N#Cc1cc(-c2ccc(Cl)cc2)c(-c2ccc(Cl)cc2Cl)n(Cc2ccccc2)c1=O,5.698970004336019,2000.0,train,O=c1ccc(-c2ccccc2)c(-c2ccccc2)n1Cc1ccccc1,ChEMBL
chembl-endpoint-20260529T111633Z,CHEMBL218,CB1,pIC50,IC50,CHEMBL179119,O=C(NN1CCCCC1)c1nc(-c2ccc(Cl)cc2)c(-c2ccc(Cl)cc2)o1,5.657577319177793,2200.0,train,O=C(NN1CCCCC1)c1nc(-c2ccccc2)c(-c2ccccc2)o1,ChEMBL
chembl-endpoint-20260529T111633Z,CHEMBL218,CB1,pIC50,IC50,CHEMBL179233,CC(=O)C(Sc1nc(-c2ccccc2)c(-c2ccccc2)[nH]1)c1ccccc1,5.154901959985743,7000.0,train,c1ccc(CSc2nc(-c3ccccc3)c(-c3ccccc3)[nH]2)cc1,ChEMBL
chembl-endpoint-20260529T111633Z,CHEMBL218,CB1,pIC50,IC50,CHEMBL179324,O=C(NC1CCCCC1)c1nc(-c2ccc(Cl)cc2)c(-c2ccc(Cl)cc2)o1,6.301029995663981,500.0,train,O=C(NC1CCCCC1)c1nc(-c2ccccc2)c(-c2ccccc2)o1,ChEMBL
chembl-endpoint-20260529T111633Z,CHEMBL218,CB1,pIC50,IC50,CHEMBL179473,Cn1c(C(=O)NC2CCCCC2)nc(-c2ccc(Cl)cc2Cl)c1-c1ccc(Cl)cc1,8.397940008672037,4.0,train,O=C(NC1CCCCC1)c1nc(-c2ccccc2)c(-c2ccccc2)[nH]1,ChEMBL
chembl-endpoint-20260529T111633Z,CHEMBL218,CB1,pIC50,IC50,CHEMBL179507,CCn1c(C(=O)NC2CCCCC2)nc(-c2ccc(Cl)cc2Cl)c1-c1ccc(Cl)cc1,8.387216143280265,4.1,train,O=C(NC1CCCCC1)c1nc(-c2ccccc2)c(-c2ccccc2)[nH]1,ChEMBL
chembl-endpoint-20260529T111633Z,CHEMBL218,CB1,pIC50,IC50,CHEMBL179779,NC(=O)c1cc(-c2ccc(Cl)cc2)c(-c2ccc(Cl)cc2Cl)nc1OCc1ccccc1,7.7447274948966935,18.0,train,c1ccc(COc2ccc(-c3ccccc3)c(-c3ccccc3)n2)cc1,ChEMBL
chembl-endpoint-20260529T111633Z,CHEMBL218,CB1,pIC50,IC50,CHEMBL179787,N#Cc1cc(-c2ccc(Cl)cc2)c(-c2ccccc2Cl)nc1OCc1ccc(F)c(F)c1,8.096910013008056,8.0,train,c1ccc(COc2ccc(-c3ccccc3)c(-c3ccccc3)n2)cc1,ChEMBL
chembl-endpoint-20260529T111633Z,CHEMBL218,CB1,pIC50,IC50,CHEMBL179901,COC(=O)c1cc(-c2ccc(Cl)cc2)c(-c2ccc(Cl)cc2Cl)nc1OCc1ccc(F)c(F)c1,8.886056647693163,1.3,train,c1ccc(COc2ccc(-c3ccccc3)c(-c3ccccc3)n2)cc1,ChEMBL
chembl-endpoint-20260529T111633Z,CHEMBL218,CB1,pIC50,IC50,CHEMBL179981,Cn1c(C(=O)NN2CCOCC2)nc(-c2ccc(Cl)cc2)c1-c1ccc(Cl)cc1,5.508638306165727,3100.0,train,O=C(NN1CCOCC1)c1nc(-c2ccccc2)c(-c2ccccc2)[nH]1,ChEMBL
chembl-endpoint-20260529T111633Z,CHEMBL218,CB1,pIC50,IC50,CHEMBL180028,O=C(NN1CCCCC1)c1cc(-c2ccc(Cl)cc2)c(-c2ccc(Cl)cc2Cl)nc1OCc1ccccc1,7.3872161432802645,41.0,train,O=C(NN1CCCCC1)c1cc(-c2ccccc2)c(-c2ccccc2)nc1OCc1ccccc1,ChEMBL
chembl-endpoint-20260529T111633Z,CHEMBL218,CB1,pIC50,IC50,CHEMBL180077,CN(C)C(=O)c1cc(-c2ccc(Cl)cc2)c(-c2ccc(Cl)cc2Cl)nc1Cl,5.886056647693163,1300.0,train,c1ccc(-c2cccnc2-c2ccccc2)cc1,ChEMBL
chembl-endpoint-20260529T111633Z,CHEMBL218,CB1,pIC50,IC50,CHEMBL180144,Cn1c(C(=O)NN2CCCCC2)nc(-c2ccc(Cl)cc2Cl)c1-c1ccc(Cl)cc1Cl,7.795880017344075,16.0,train,O=C(NN1CCCCC1)c1nc(-c2ccccc2)c(-c2ccccc2)[nH]1,ChEMBL
chembl-endpoint-20260529T111633Z,CHEMBL218,CB1,pIC50,IC50,CHEMBL180252,N#Cc1cc(-c2ccccc2)c(-c2ccc(Cl)cc2)n(Cc2ccccc2)c1=O,5.221848749616356,6000.0,train,O=c1ccc(-c2ccccc2)c(-c2ccccc2)n1Cc1ccccc1,ChEMBL
chembl-endpoint-20260529T111633Z,CHEMBL218,CB1,pIC50,IC50,CHEMBL180360,N#Cc1cc(-c2ccc(Cl)cc2)c(-c2ccc(Cl)cc2Cl)nc1OCc1cc(F)cc(F)c1,8.744727494896694,1.8,train,c1ccc(COc2ccc(-c3ccccc3)c(-c3ccccc3)n2)cc1,ChEMBL
chembl-endpoint-20260529T111633Z,CHEMBL218,CB1,pIC50,IC50,CHEMBL180394,CCCNC(=O)c1cc(-c2ccc(Cl)cc2)c(-c2ccc(Cl)cc2Cl)nc1OCC1CCCCC1,8.2839966563652,5.2,train,c1ccc(-c2ccc(OCC3CCCCC3)nc2-c2ccccc2)cc1,ChEMBL
chembl-endpoint-20260529T111633Z,CHEMBL218,CB1,pIC50,IC50,CHEMBL180409,N#Cc1cc(-c2ccc(F)cc2)c(-c2ccc(Cl)cc2Cl)nc1OCc1ccc(F)c(F)c1,8.142667503568731,7.2,train,c1ccc(COc2ccc(-c3ccccc3)c(-c3ccccc3)n2)cc1,ChEMBL
chembl-endpoint-20260529T111633Z,CHEMBL218,CB1,pIC50,IC50,CHEMBL180447,CCCC(CCC)NC(=O)c1ccc(-c2ccc(Cl)cc2)c(-c2ccc(Cl)cc2Cl)n1,7.494850021680094,32.0,train,c1ccc(-c2cccnc2-c2ccccc2)cc1,ChEMBL
chembl-endpoint-20260529T111633Z,CHEMBL218,CB1,pIC50,IC50,CHEMBL180461,Cn1c(C(=O)NN2CCCCC2)nc(-c2ccc(Cl)cc2)c1-c1ccc(Cl)cc1Cl,6.721246399047171,190.0,train,O=C(NN1CCCCC1)c1nc(-c2ccccc2)c(-c2ccccc2)[nH]1,ChEMBL
chembl-endpoint-20260529T111633Z,CHEMBL218,CB1,pIC50,IC50,CHEMBL180507,O=C(c1ccc(-c2ccc(Cl)cc2)c(-c2ccc(Cl)cc2Cl)n1)N1CCCCC1,6.468521082957745,340.0,train,O=C(c1ccc(-c2ccccc2)c(-c2ccccc2)n1)N1CCCCC1,ChEMBL
chembl-endpoint-20260529T111633Z,CHEMBL218,CB1,pIC50,IC50,CHEMBL180564,O=C(NN1CCCCC1)c1ccc(-c2ccc(Cl)cc2)c(-c2ccc(Cl)cc2Cl)n1,7.251811972993799,56.0,train,O=C(NN1CCCCC1)c1ccc(-c2ccccc2)c(-c2ccccc2)n1,ChEMBL
chembl-endpoint-20260529T111633Z,CHEMBL218,CB1,pIC50,IC50,CHEMBL180734,CCCCCCNC(=O)c1nc(-c2ccc(Cl)cc2)c(-c2ccc(Cl)cc2)n1C,6.267606240177032,540.0,train,c1ccc(-c2nc[nH]c2-c2ccccc2)cc1,ChEMBL
chembl-endpoint-20260529T111633Z,CHEMBL218,CB1,pIC50,IC50,CHEMBL180861,CCCCOc1nc(-c2ccc(Cl)cc2Cl)c(-c2ccc(Cl)cc2)cc1C(=O)NCCC,7.6777807052660805,21.0,train,c1ccc(-c2cccnc2-c2ccccc2)cc1,ChEMBL
chembl-endpoint-20260529T111633Z,CHEMBL218,CB1,pIC50,IC50,CHEMBL181016,O=C(Nc1ccccc1)c1ccc(-c2ccc(Cl)cc2)c(-c2ccc(Cl)cc2Cl)n1,6.6777807052660805,210.0,train,O=C(Nc1ccccc1)c1ccc(-c2ccccc2)c(-c2ccccc2)n1,ChEMBL
chembl-endpoint-20260529T111633Z,CHEMBL218,CB1,pIC50,IC50,CHEMBL181088,N#Cc1cc(-c2ccccc2)c(-c2ccc(Cl)cc2)nc1OCc1ccccc1,5.552841968657781,2800.0,train,c1ccc(COc2ccc(-c3ccccc3)c(-c3ccccc3)n2)cc1,ChEMBL
chembl-endpoint-20260529T111633Z,CHEMBL218,CB1,pIC50,IC50,CHEMBL181096,Cn1c(C(=O)NC2CCCCCC2)nc(-c2ccc(Cl)cc2Cl)c1-c1ccc(Cl)cc1,8.096910013008056,8.0,train,O=C(NC1CCCCCC1)c1nc(-c2ccccc2)c(-c2ccccc2)[nH]1,ChEMBL
chembl-endpoint-20260529T111633Z,CHEMBL218,CB1,pIC50,IC50,CHEMBL181164,CCCCOc1nc(-c2ccc(Cl)cc2Cl)c(-c2ccc(Cl)cc2)cc1C(N)=O,7.494850021680094,32.0,train,c1ccc(-c2cccnc2-c2ccccc2)cc1,ChEMBL
chembl-endpoint-20260529T111633Z,CHEMBL218,CB1,pIC50,IC50,CHEMBL181254,O=C(NC1CCCCC1)c1nc(-c2ccc(Cl)cc2Cl)c(-c2ccc(Cl)cc2Cl)o1,7.154901959985743,70.0,train,O=C(NC1CCCCC1)c1nc(-c2ccccc2)c(-c2ccccc2)o1,ChEMBL
chembl-endpoint-20260529T111633Z,CHEMBL218,CB1,pIC50,IC50,CHEMBL181269,Cc1ccc(-c2nc(C(=O)NC3CCCCC3)n(C)c2-c2ccc(C)cc2)cc1,6.045757490560675,900.0,train,O=C(NC1CCCCC1)c1nc(-c2ccccc2)c(-c2ccccc2)[nH]1,ChEMBL
chembl-endpoint-20260529T111633Z,CHEMBL218,CB1,pIC50,IC50,CHEMBL181305,O=C(NN1CCCCC1)c1nc(-c2ccc(Cl)cc2)c(-c2ccc(Cl)cc2Cl)o1,6.327902142064283,470.0,train,O=C(NN1CCCCC1)c1nc(-c2ccccc2)c(-c2ccccc2)o1,ChEMBL
chembl-endpoint-20260529T111633Z,CHEMBL218,CB1,pIC50,IC50,CHEMBL181331,Cn1c(C(=O)NN2CCOCC2)nc(-c2ccc(Cl)cc2Cl)c1-c1ccc(Cl)cc1,6.769551078621726,170.0,train,O=C(NN1CCOCC1)c1nc(-c2ccccc2)c(-c2ccccc2)[nH]1,ChEMBL
chembl-endpoint-20260529T111633Z,CHEMBL218,CB1,pIC50,IC50,CHEMBL181403,O=C(NC1CCCCC1)c1nc(-c2ccc(Cl)cc2)c(-c2ccc(Cl)cc2Cl)o1,6.0,1000.0,train,O=C(NC1CCCCC1)c1nc(-c2ccccc2)c(-c2ccccc2)o1,ChEMBL
chembl-endpoint-20260529T111633Z,CHEMBL218,CB1,pIC50,IC50,CHEMBL181629,Cc1ccc(-c2cc(C#N)c(OCc3ccc(F)c(F)c3)nc2-c2ccc(Cl)cc2Cl)cc1,8.200659450546418,6.3,train,c1ccc(COc2ccc(-c3ccccc3)c(-c3ccccc3)n2)cc1,ChEMBL
chembl-endpoint-20260529T111633Z,CHEMBL218,CB1,pIC50,IC50,CHEMBL181631,CN(C(=O)c1nc(-c2ccc(Cl)cc2Cl)c(-c2ccc(Cl)cc2)n1C)C1CCCCC1,7.154901959985743,70.0,train,O=C(NC1CCCCC1)c1nc(-c2ccccc2)c(-c2ccccc2)[nH]1,ChEMBL
chembl-endpoint-20260529T111633Z,CHEMBL218,CB1,pIC50,IC50,CHEMBL181720,O=C(NC1CCCC1)c1ccc(-c2ccc(Cl)cc2)c(-c2ccc(Cl)cc2Cl)n1,7.275724130399211,53.0,train,O=C(NC1CCCC1)c1ccc(-c2ccccc2)c(-c2ccccc2)n1,ChEMBL
chembl-endpoint-20260529T111633Z,CHEMBL218,CB1,pIC50,IC50,CHEMBL181818,Cn1c(C(=O)NC(C)(C)C)nc(-c2ccc(Cl)cc2)c1-c1ccc(Cl)cc1,6.045757490560675,900.0,train,c1ccc(-c2nc[nH]c2-c2ccccc2)cc1,ChEMBL
chembl-endpoint-20260529T111633Z,CHEMBL218,CB1,pIC50,IC50,CHEMBL181875,CNC(=O)c1cc(-c2ccc(Cl)cc2)c(-c2ccc(Cl)cc2Cl)nc1OCc1ccc(F)c(F)c1,8.508638306165727,3.1,train,c1ccc(COc2ccc(-c3ccccc3)c(-c3ccccc3)n2)cc1,ChEMBL
chembl-endpoint-20260529T111633Z,CHEMBL218,CB1,pIC50,IC50,CHEMBL181888,COc1ccc(-c2cc(C#N)c(OCc3ccccc3)nc2-c2ccc(N(C)C)cc2)cc1,6.275724130399211,530.0,train,c1ccc(COc2ccc(-c3ccccc3)c(-c3ccccc3)n2)cc1,ChEMBL
chembl-endpoint-20260529T111633Z,CHEMBL218,CB1,pIC50,IC50,CHEMBL182141,O=C(NCc1ccccc1)c1ccc(-c2ccc(Cl)cc2)c(-c2ccc(Cl)cc2Cl)n1,7.508638306165727,31.0,train,O=C(NCc1ccccc1)c1ccc(-c2ccccc2)c(-c2ccccc2)n1,ChEMBL
chembl-endpoint-20260529T111633Z,CHEMBL218,CB1,pIC50,IC50,CHEMBL182192,O=C(NN1CCCCC1)c1nc(-c2ccc(Cl)cc2Cl)c(-c2ccc(Cl)cc2Cl)o1,6.698970004336019,200.0,train,O=C(NN1CCCCC1)c1nc(-c2ccccc2)c(-c2ccccc2)o1,ChEMBL
chembl-endpoint-20260529T111633Z,CHEMBL218,CB1,pIC50,IC50,CHEMBL182241,O=C(NN1CCCCC1)c1cnc(-c2ccc(Cl)cc2Cl)c(-c2ccc(Cl)cc2)c1,6.318758762624412,480.0,train,O=C(NN1CCCCC1)c1cnc(-c2ccccc2)c(-c2ccccc2)c1,ChEMBL
chembl-endpoint-20260529T111633Z,CHEMBL218,CB1,pIC50,IC50,CHEMBL182948,CCCCOc1nc(-c2ccc(Cl)cc2Cl)c(-c2ccc(Cl)cc2)cc1C(=O)NC,7.769551078621726,17.0,train,c1ccc(-c2cccnc2-c2ccccc2)cc1,ChEMBL
chembl-endpoint-20260529T111633Z,CHEMBL218,CB1,pIC50,IC50,CHEMBL201102,COc1c(NC(C)=O)c2cc(-c3ccc(Cl)cc3)c(-c3ccc(Cl)cc3Cl)nc2n(C)c1=O,7.619788758288394,24.0,train,O=c1ccc2cc(-c3ccccc3)c(-c3ccccc3)nc2[nH]1,ChEMBL
chembl-endpoint-20260529T111633Z,CHEMBL218,CB1,pIC50,IC50,CHEMBL201388,CC(=O)Nc1c(C(C)=O)c(=O)n(CC(C)C)c2nc(-c3ccc(Cl)cc3Cl)c(-c3ccc(Cl)cc3)cc12,8.638272163982407,2.3,train,O=c1ccc2cc(-c3ccccc3)c(-c3ccccc3)nc2[nH]1,ChEMBL
chembl-endpoint-20260529T111633Z,CHEMBL218,CB1,pIC50,IC50,CHEMBL201552,COCC(=O)Nc1c(C(C)=O)c(=O)n(C)c2nc(-c3ccc(Cl)cc3Cl)c(-c3ccc(Cl)cc3)cc12,7.619788758288394,24.0,train,O=c1ccc2cc(-c3ccccc3)c(-c3ccccc3)nc2[nH]1,ChEMBL
chembl-endpoint-20260529T111633Z,CHEMBL218,CB1,pIC50,IC50,CHEMBL202013,CC(=O)Nc1c(C)c(=O)n(C)c2nc(-c3ccc(Cl)cc3Cl)c(-c3ccc(Cl)cc3)cc12,7.585026652029182,26.0,train,O=c1ccc2cc(-c3ccccc3)c(-c3ccccc3)nc2[nH]1,ChEMBL
chembl-endpoint-20260529T111633Z,CHEMBL218,CB1,pIC50,IC50,CHEMBL202064,CC(=O)Nc1c(C(C)=O)c(=O)n(CC2CCCO2)c2nc(-c3ccc(Cl)cc3Cl)c(-c3ccc(Cl)cc3)cc12,8.2839966563652,5.2,train,O=c1ccc2cc(-c3ccccc3)c(-c3ccccc3)nc2n1CC1CCCO1,ChEMBL
chembl-endpoint-20260529T111633Z,CHEMBL218,CB1,pIC50,IC50,CHEMBL202201,CC(=O)c1c(NC(=O)CO)c2cc(-c3ccc(Cl)cc3)c(-c3ccc(Cl)cc3Cl)nc2n(C)c1=O,7.337242168318426,46.0,train,O=c1ccc2cc(-c3ccccc3)c(-c3ccccc3)nc2[nH]1,ChEMBL
chembl-endpoint-20260529T111633Z,CHEMBL218,CB1,pIC50,IC50,CHEMBL202202,CC(=O)c1c(C)c2cc(-c3ccc(Cl)cc3)c(-c3ccc(Cl)cc3Cl)nc2n(C)c1=O,7.259637310505756,55.0,train,O=c1ccc2cc(-c3ccccc3)c(-c3ccccc3)nc2[nH]1,ChEMBL
chembl-endpoint-20260529T111633Z,CHEMBL218,CB1,pIC50,IC50,CHEMBL202659,CC(=O)Nc1c(N(C)C)c(=O)n(C)c2nc(-c3ccc(Cl)cc3Cl)c(-c3ccc(Cl)cc3)cc12,7.698970004336019,20.0,train,O=c1ccc2cc(-c3ccccc3)c(-c3ccccc3)nc2[nH]1,ChEMBL
chembl-endpoint-20260529T111633Z,CHEMBL218,CB1,pIC50,IC50,CHEMBL203152,CC(=O)Nc1c(C(C)=O)c(O)nc2nc(-c3ccc(Cl)cc3Cl)c(-c3ccc(Cl)cc3)cc12,7.113509274827518,77.0,train,c1ccc(-c2cc3cccnc3nc2-c2ccccc2)cc1,ChEMBL
chembl-endpoint-20260529T111633Z,CHEMBL218,CB1,pIC50,IC50,CHEMBL203811,CC(=O)c1c(N)c2cc(-c3ccc(Cl)cc3)c(-c3ccc(Cl)cc3Cl)nc2n(C)c1=O,6.920818753952375,120.0,train,O=c1ccc2cc(-c3ccccc3)c(-c3ccccc3)nc2[nH]1,ChEMBL
chembl-endpoint-20260529T111633Z,CHEMBL218,CB1,pIC50,IC50,CHEMBL204232,CC(=O)Nc1c(C(C)=O)c(=O)n(C)c2nc(-c3ccc(Cl)cc3Cl)c(-c3ccc(Cl)cc3)cc12,8.1249387366083,7.5,train,O=c1ccc2cc(-c3ccccc3)c(-c3ccccc3)nc2[nH]1,ChEMBL
chembl-endpoint-20260529T111633Z,CHEMBL218,CB1,pIC50,IC50,CHEMBL204391,CC(=O)Nc1cc(=O)n(C)c2nc(-c3ccc(Cl)cc3Cl)c(-c3ccc(Cl)cc3)cc12,6.958607314841775,110.0,train,O=c1ccc2cc(-c3ccccc3)c(-c3ccccc3)nc2[nH]1,ChEMBL
chembl-endpoint-20260529T111633Z,CHEMBL218,CB1,pIC50,IC50,CHEMBL2113009,N#Cc1cc(-c2ccc(Cl)cc2)c(-c2ccc(Cl)cc2Cl)nc1OCc1cccc(Cl)c1,8.236572006437063,5.8,train,c1ccc(COc2ccc(-c3ccccc3)c(-c3ccccc3)n2)cc1,ChEMBL
chembl-endpoint-20260529T111633Z,CHEMBL218,CB1,pIC50,IC50,CHEMBL2113258,C[C@H](NC(=O)C(C)(C)Oc1ccncc1)[C@H](Cc1ccc(Cl)cc1)c1ccccc1,7.769551078621726,17.0,train,O=C(COc1ccncc1)NC[C@H](Cc1ccccc1)c1ccccc1,ChEMBL
chembl-endpoint-20260529T111633Z,CHEMBL218,CB1,pIC50,IC50,CHEMBL220360,C[C@H](NC(=O)C(C)(C)Oc1ccc(C(F)(F)F)cn1)[C@@H](Cc1ccc(Cl)cc1)c1cccc(C#N)c1,9.522878745280337,0.3,train,O=C(COc1ccccn1)NC[C@@H](Cc1ccccc1)c1ccccc1,ChEMBL
chembl-endpoint-20260529T111633Z,CHEMBL218,CB1,pIC50,IC50,CHEMBL225241,O=C(Nc1ccccc1)c1cnc(-c2ccccc2)c(-c2ccccc2)n1,5.554395796726403,2790.0,train,O=C(Nc1ccccc1)c1cnc(-c2ccccc2)c(-c2ccccc2)n1,ChEMBL
chembl-endpoint-20260529T111633Z,CHEMBL218,CB1,pIC50,IC50,CHEMBL225242,Cc1ccc(-c2ncc(C(=O)Nc3ccccc3)nc2-c2ccc(C)cc2)cc1,6.486782399932061,326.0,train,O=C(Nc1ccccc1)c1cnc(-c2ccccc2)c(-c2ccccc2)n1,ChEMBL
chembl-endpoint-20260529T111633Z,CHEMBL218,CB1,pIC50,IC50,CHEMBL225243,COc1ccc(-c2ncc(C(=O)Nc3ccccc3)nc2-c2ccc(OC)cc2)cc1,6.924453038607469,119.0,train,O=C(Nc1ccccc1)c1cnc(-c2ccccc2)c(-c2ccccc2)n1,ChEMBL
chembl-endpoint-20260529T111633Z,CHEMBL218,CB1,pIC50,IC50,CHEMBL225300,O=C(Nc1ccccc1)c1cnc(-c2ccccc2Cl)c(-c2ccccc2Cl)n1,6.117475462045119,763.0,train,O=C(Nc1ccccc1)c1cnc(-c2ccccc2)c(-c2ccccc2)n1,ChEMBL
chembl-endpoint-20260529T111633Z,CHEMBL218,CB1,pIC50,IC50,CHEMBL226110,O=C(NN1CCCCC1)c1cnc(-c2ccc(Cl)cc2)c(-c2ccc(Cl)cc2Cl)n1,7.853871964321762,14.0,train,O=C(NN1CCCCC1)c1cnc(-c2ccccc2)c(-c2ccccc2)n1,ChEMBL
chembl-endpoint-20260529T111633Z,CHEMBL218,CB1,pIC50,IC50,CHEMBL226111,O=C(NN1CCCCC1)c1cnc(-c2ccc(Cl)cc2Cl)c(-c2ccc(Cl)cc2)n1,8.0,10.0,train,O=C(NN1CCCCC1)c1cnc(-c2ccccc2)c(-c2ccccc2)n1,ChEMBL
chembl-endpoint-20260529T111633Z,CHEMBL218,CB1,pIC50,IC50,CHEMBL226222,O=C(NN1CCCCC1)c1cnc(-c2ccc(Br)cc2)c(-c2ccc(Br)cc2)n1,9.0,1.0,train,O=C(NN1CCCCC1)c1cnc(-c2ccccc2)c(-c2ccccc2)n1,ChEMBL
chembl-endpoint-20260529T111633Z,CHEMBL218,CB1,pIC50,IC50,CHEMBL226223,Cc1ccc(-c2ncc(C(=O)NN3CCCCC3)nc2-c2ccc(C)cc2)cc1,8.221848749616356,6.0,train,O=C(NN1CCCCC1)c1cnc(-c2ccccc2)c(-c2ccccc2)n1,ChEMBL
chembl-endpoint-20260529T111633Z,CHEMBL218,CB1,pIC50,IC50,CHEMBL226273,COc1ccc(-c2ncc(C(=O)NN3CCCCC3)nc2-c2ccc(OC)cc2)cc1,7.6777807052660805,21.0,train,O=C(NN1CCCCC1)c1cnc(-c2ccccc2)c(-c2ccccc2)n1,ChEMBL
chembl-endpoint-20260529T111633Z,CHEMBL218,CB1,pIC50,IC50,CHEMBL227791,O=C(NN1CCCCC1)c1cnc(-c2ccccc2Cl)c(-c2ccccc2Cl)n1,6.7594507517174005,174.0,train,O=C(NN1CCCCC1)c1cnc(-c2ccccc2)c(-c2ccccc2)n1,ChEMBL
chembl-endpoint-20260529T111633Z,CHEMBL218,CB1,pIC50,IC50,CHEMBL227792,O=C(NC1CCCCC1)c1cnc(-c2ccc(Br)cc2)c(-c2ccc(Br)cc2)n1,7.958607314841775,11.0,train,O=C(NC1CCCCC1)c1cnc(-c2ccccc2)c(-c2ccccc2)n1,ChEMBL
chembl-endpoint-20260529T111633Z,CHEMBL218,CB1,pIC50,IC50,CHEMBL227840,COc1ccc(-c2ncc(C(=O)NC3CCCCC3)nc2-c2ccc(OC)cc2)cc1,8.096910013008056,8.0,train,O=C(NC1CCCCC1)c1cnc(-c2ccccc2)c(-c2ccccc2)n1,ChEMBL
chembl-endpoint-20260529T111633Z,CHEMBL218,CB1,pIC50,IC50,CHEMBL227841,O=C(NC1CCCCC1)c1cnc(-c2ccc(Cl)cc2)c(-c2ccc(Cl)cc2)n1,7.721246399047171,19.0,train,O=C(NC1CCCCC1)c1cnc(-c2ccccc2)c(-c2ccccc2)n1,ChEMBL
chembl-endpoint-20260529T111633Z,CHEMBL218,CB1,pIC50,IC50,CHEMBL230062,C[C@H](NS(=O)(=O)c1cccc(Cl)c1Cl)[C@@H](Cc1ccc(Cl)cc1)c1cccc(C#N)c1,7.97061622231479,10.7,train,O=S(=O)(NC[C@@H](Cc1ccccc1)c1ccccc1)c1ccccc1,ChEMBL
chembl-endpoint-20260529T111633Z,CHEMBL218,CB1,pIC50,IC50,CHEMBL230073,C[C@H](NC(=O)c1cc(Cl)cc(Cl)c1)[C@@H](Cc1ccc(Cl)cc1)c1cccc(C#N)c1,6.549442990581671,282.2,train,O=C(NC[C@@H](Cc1ccccc1)c1ccccc1)c1ccccc1,ChEMBL
chembl-endpoint-20260529T111633Z,CHEMBL218,CB1,pIC50,IC50,CHEMBL230181,CCCCS(=O)(=O)N[C@@H](C)[C@@H](Cc1ccc(Cl)cc1)c1cccc(C#N)c1,7.123782159408358,75.2,train,c1ccc(CCc2ccccc2)cc1,ChEMBL
chembl-endpoint-20260529T111633Z,CHEMBL218,CB1,pIC50,IC50,CHEMBL230182,C[C@H](NS(=O)(=O)C(C)(C)C)[C@@H](Cc1ccc(Cl)cc1)c1cccc(C#N)c1,5.775466937393914,1677.0,train,c1ccc(CCc2ccccc2)cc1,ChEMBL
chembl-endpoint-20260529T111633Z,CHEMBL218,CB1,pIC50,IC50,CHEMBL230189,C[C@H](NC(=O)c1c(Cl)cccc1Cl)[C@@H](Cc1ccc(Cl)cc1)c1cccc(C#N)c1,7.429457060118103,37.2,train,O=C(NC[C@@H](Cc1ccccc1)c1ccccc1)c1ccccc1,ChEMBL
chembl-endpoint-20260529T111633Z,CHEMBL218,CB1,pIC50,IC50,CHEMBL230465,Cc1c2c(n(-c3ccc(Cl)cc3Cl)c1-c1ccccc1)CCN(C1CCCCC1)C2=O,7.795880017344075,16.0,train,O=C1c2cc(-c3ccccc3)n(-c3ccccc3)c2CCN1C1CCCCC1,ChEMBL
chembl-endpoint-20260529T111633Z,CHEMBL218,CB1,pIC50,IC50,CHEMBL230506,C[C@H](NS(=O)(=O)c1c(Cl)cccc1Cl)[C@@H](Cc1ccc(Cl)cc1)c1cccc(C#N)c1,7.525783735923745,29.8,train,O=S(=O)(NC[C@@H](Cc1ccccc1)c1ccccc1)c1ccccc1,ChEMBL
chembl-endpoint-20260529T111633Z,CHEMBL218,CB1,pIC50,IC50,CHEMBL230610,C[C@H](NS(=O)(=O)c1cc(Cl)cc(Cl)c1)[C@@H](Cc1ccc(Cl)cc1)c1cccc(C#N)c1,7.943095148663527,11.4,train,O=S(=O)(NC[C@@H](Cc1ccccc1)c1ccccc1)c1ccccc1,ChEMBL
chembl-endpoint-20260529T111633Z,CHEMBL218,CB1,pIC50,IC50,CHEMBL230678,COc1cccc(-c2c(C)c3c(n2-c2ccc(Cl)cc2Cl)CCN(C2CCCCC2)C3=O)c1,8.167491087293763,6.8,train,O=C1c2cc(-c3ccccc3)n(-c3ccccc3)c2CCN1C1CCCCC1,ChEMBL
chembl-endpoint-20260529T111633Z,CHEMBL218,CB1,pIC50,IC50,CHEMBL230713,C[C@H](NS(=O)(=O)c1ccccc1Cl)[C@@H](Cc1ccc(Cl)cc1)c1cccc(C#N)c1,7.910094888560602,12.3,train,O=S(=O)(NC[C@@H](Cc1ccccc1)c1ccccc1)c1ccccc1,ChEMBL
chembl-endpoint-20260529T111633Z,CHEMBL218,CB1,pIC50,IC50,CHEMBL230715,C[C@H](NS(=O)(=O)c1cc(C(F)(F)F)cc(C(F)(F)F)c1)[C@@H](Cc1ccc(Cl)cc1)c1cccc(C#N)c1,8.494850021680094,3.2,train,O=S(=O)(NC[C@@H](Cc1ccccc1)c1ccccc1)c1ccccc1,ChEMBL
chembl-endpoint-20260529T111633Z,CHEMBL218,CB1,pIC50,IC50,CHEMBL230716,C[C@H](NS(=O)(=O)c1cc(F)cc(F)c1)[C@@H](Cc1ccc(Cl)cc1)c1cccc(C#N)c1,8.292429823902063,5.1,train,O=S(=O)(NC[C@@H](Cc1ccccc1)c1ccccc1)c1ccccc1,ChEMBL
chembl-endpoint-20260529T111633Z,CHEMBL218,CB1,pIC50,IC50,CHEMBL230717,C[C@H](NS(=O)(=O)c1cccc(-c2ccccc2)c1)[C@@H](Cc1ccc(Cl)cc1)c1cccc(C#N)c1,8.55284196865778,2.8,train,O=S(=O)(NC[C@@H](Cc1ccccc1)c1ccccc1)c1cccc(-c2ccccc2)c1,ChEMBL
chembl-endpoint-20260529T111633Z,CHEMBL218,CB1,pIC50,IC50,CHEMBL230783,Cc1c2c(n(-c3ccc(Cl)cc3Cl)c1-c1ccc3c(c1)OCO3)CCN(C1CCCCC1)C2=O,7.920818753952375,12.0,train,O=C1c2cc(-c3ccc4c(c3)OCO4)n(-c3ccccc3)c2CCN1C1CCCCC1,ChEMBL
chembl-endpoint-20260529T111633Z,CHEMBL218,CB1,pIC50,IC50,CHEMBL230822,C[C@H](NS(=O)(=O)c1cccc(Cl)c1)[C@@H](Cc1ccc(Cl)cc1)c1cccc(C#N)c1,7.856985199745905,13.9,train,O=S(=O)(NC[C@@H](Cc1ccccc1)c1ccccc1)c1ccccc1,ChEMBL
chembl-endpoint-20260529T111633Z,CHEMBL218,CB1,pIC50,IC50,CHEMBL230825,C[C@H](NS(=O)(=O)c1ccc(-c2ccccc2)cc1)[C@@H](Cc1ccc(Cl)cc1)c1cccc(C#N)c1,7.638272163982407,23.0,train,O=S(=O)(NC[C@@H](Cc1ccccc1)c1ccccc1)c1ccc(-c2ccccc2)cc1,ChEMBL
chembl-endpoint-20260529T111633Z,CHEMBL218,CB1,pIC50,IC50,CHEMBL230888,Cc1c2c(n(-c3ccc(Cl)cc3Cl)c1-c1ccsc1)CCN(C1CCCCC1)C2=O,7.431798275933005,37.0,train,O=C1c2cc(-c3ccsc3)n(-c3ccccc3)c2CCN1C1CCCCC1,ChEMBL
chembl-endpoint-20260529T111633Z,CHEMBL218,CB1,pIC50,IC50,CHEMBL230889,Cc1c2c(n(-c3ccc(Cl)cc3Cl)c1-c1cccs1)CCN(C1CCCCC1)C2=O,7.721246399047171,19.0,train,O=C1c2cc(-c3cccs3)n(-c3ccccc3)c2CCN1C1CCCCC1,ChEMBL
chembl-endpoint-20260529T111633Z,CHEMBL218,CB1,pIC50,IC50,CHEMBL230923,C[C@H](NS(=O)(=O)c1ccc(Cl)cc1Cl)[C@@H](Cc1ccc(Cl)cc1)c1cccc(C#N)c1,8.148741651280925,7.1,train,O=S(=O)(NC[C@@H](Cc1ccccc1)c1ccccc1)c1ccccc1,ChEMBL
chembl-endpoint-20260529T111633Z,CHEMBL218,CB1,pIC50,IC50,CHEMBL231097,COc1ccc(-c2c(C)c3c(n2-c2ccccc2C)CCN(C2CCCCC2)C3=O)cc1,7.657577319177793,22.0,train,O=C1c2cc(-c3ccccc3)n(-c3ccccc3)c2CCN1C1CCCCC1,ChEMBL
chembl-endpoint-20260529T111633Z,CHEMBL218,CB1,pIC50,IC50,CHEMBL231098,Cc1ccccc1-n1c2c(c(C)c1-c1ccc(F)cc1)C(=O)N(C1CCCCC1)CC2,7.3979400086720375,40.0,train,O=C1c2cc(-c3ccccc3)n(-c3ccccc3)c2CCN1C1CCCCC1,ChEMBL
chembl-endpoint-20260529T111633Z,CHEMBL218,CB1,pIC50,IC50,CHEMBL231241,C[C@H](NS(=O)(=O)CCc1ccccc1)[C@@H](Cc1ccc(Cl)cc1)c1cccc(C#N)c1,7.714442690992226,19.3,train,O=S(=O)(CCc1ccccc1)NC[C@@H](Cc1ccccc1)c1ccccc1,ChEMBL
chembl-endpoint-20260529T111633Z,CHEMBL218,CB1,pIC50,IC50,CHEMBL231642,C[C@H](NC(=O)c1ccccc1)[C@@H](Cc1ccc(Cl)cc1)c1cccc(C#N)c1,6.073143291050307,845.0,train,O=C(NC[C@@H](Cc1ccccc1)c1ccccc1)c1ccccc1,ChEMBL
chembl-endpoint-20260529T111633Z,CHEMBL218,CB1,pIC50,IC50,CHEMBL265787,CC(=O)Nc1c(C#N)c(=O)n(C)c2nc(-c3ccc(Cl)cc3Cl)c(-c3ccc(Cl)cc3)cc12,7.455931955649724,35.0,train,O=c1ccc2cc(-c3ccccc3)c(-c3ccccc3)nc2[nH]1,ChEMBL
chembl-endpoint-20260529T111633Z,CHEMBL218,CB1,pIC50,IC50,CHEMBL359488,O=C(NN1CCCCC1)c1nc(-c2ccc(Cl)cc2Cl)c(-c2ccc(Cl)cc2)o1,6.585026652029182,260.0,train,O=C(NN1CCCCC1)c1nc(-c2ccccc2)c(-c2ccccc2)o1,ChEMBL
chembl-endpoint-20260529T111633Z,CHEMBL218,CB1,pIC50,IC50,CHEMBL359500,CCCNC(=O)c1cc(-c2ccc(Cl)cc2)c(-c2ccc(Cl)cc2Cl)nc1Cl,7.2839966563652006,52.0,train,c1ccc(-c2cccnc2-c2ccccc2)cc1,ChEMBL
chembl-endpoint-20260529T111633Z,CHEMBL218,CB1,pIC50,IC50,CHEMBL359865,COC(=O)c1cc(-c2ccc(Cl)cc2)c(-c2ccc(Cl)cc2Cl)nc1OCc1ccccc1,8.455931955649724,3.5,train,c1ccc(COc2ccc(-c3ccccc3)c(-c3ccccc3)n2)cc1,ChEMBL
chembl-endpoint-20260529T111633Z,CHEMBL218,CB1,pIC50,IC50,CHEMBL359945,O=C(NC1CCCCC1)c1nc(-c2ccc(Cl)cc2Cl)c(-c2ccc(Cl)cc2)o1,7.096910013008056,80.0,train,O=C(NC1CCCCC1)c1nc(-c2ccccc2)c(-c2ccccc2)o1,ChEMBL
chembl-endpoint-20260529T111633Z,CHEMBL218,CB1,pIC50,IC50,CHEMBL360104,CCNC(=O)c1cc(-c2ccc(Cl)cc2)c(-c2ccc(Cl)cc2Cl)nc1OCc1ccc(F)c(F)c1,8.721246399047171,1.9,train,c1ccc(COc2ccc(-c3ccccc3)c(-c3ccccc3)n2)cc1,ChEMBL
chembl-endpoint-20260529T111633Z,CHEMBL218,CB1,pIC50,IC50,CHEMBL360352,Cc1ccc(-c2nc(C(=O)NN3CCCCC3)n(C)c2-c2ccc(C)cc2)cc1,6.337242168318426,460.0,train,O=C(NN1CCCCC1)c1nc(-c2ccccc2)c(-c2ccccc2)[nH]1,ChEMBL
chembl-endpoint-20260529T111633Z,CHEMBL218,CB1,pIC50,IC50,CHEMBL360474,CCCCCCNC(=O)c1ccc(-c2ccc(Cl)cc2)c(-c2ccc(Cl)cc2Cl)n1,7.366531544420414,43.0,train,c1ccc(-c2cccnc2-c2ccccc2)cc1,ChEMBL
chembl-endpoint-20260529T111633Z,CHEMBL218,CB1,pIC50,IC50,CHEMBL360673,O=C(NC1CCCCCC1)c1ccc(-c2ccc(Cl)cc2)c(-c2ccc(Cl)cc2Cl)n1,7.455931955649724,35.0,train,O=C(NC1CCCCCC1)c1ccc(-c2ccccc2)c(-c2ccccc2)n1,ChEMBL
chembl-endpoint-20260529T111633Z,CHEMBL218,CB1,pIC50,IC50,CHEMBL360711,CCCCCCNC(=O)c1cnc(-c2ccc(Cl)cc2Cl)c(-c2ccc(Cl)cc2)c1,7.187086643357144,65.0,train,c1ccc(-c2cccnc2-c2ccccc2)cc1,ChEMBL
chembl-endpoint-20260529T111633Z,CHEMBL218,CB1,pIC50,IC50,CHEMBL360723,CNC(=O)c1cc(-c2ccc(Cl)cc2)c(-c2ccc(Cl)cc2Cl)nc1OCC1CCCCC1,8.468521082957745,3.4,train,c1ccc(-c2ccc(OCC3CCCCC3)nc2-c2ccccc2)cc1,ChEMBL
chembl-endpoint-20260529T111633Z,CHEMBL218,CB1,pIC50,IC50,CHEMBL360763,CCNC(=O)c1cc(-c2ccc(Cl)cc2)c(-c2ccc(Cl)cc2Cl)nc1OCc1ccccc1,8.853871964321762,1.4,train,c1ccc(COc2ccc(-c3ccccc3)c(-c3ccccc3)n2)cc1,ChEMBL
chembl-endpoint-20260529T111633Z,CHEMBL218,CB1,pIC50,IC50,CHEMBL360783,COC(=O)c1cc(-c2ccc(Cl)cc2)c(-c2ccc(Cl)cc2Cl)nc1OCC1CCCCC1,8.537602002101044,2.9,train,c1ccc(-c2ccc(OCC3CCCCC3)nc2-c2ccccc2)cc1,ChEMBL
chembl-endpoint-20260529T111633Z,CHEMBL218,CB1,pIC50,IC50,CHEMBL361003,O=C(NN1CCCCC1)c1cc(-c2ccc(Cl)cc2)c(-c2ccc(Cl)cc2Cl)nc1Cl,6.3979400086720375,400.0,train,O=C(NN1CCCCC1)c1cnc(-c2ccccc2)c(-c2ccccc2)c1,ChEMBL
chembl-endpoint-20260529T111633Z,CHEMBL218,CB1,pIC50,IC50,CHEMBL361020,CC(C)NC(=O)c1cc(-c2ccc(Cl)cc2)c(-c2ccc(Cl)cc2Cl)nc1OCc1ccc(F)c(F)c1,8.744727494896694,1.8,train,c1ccc(COc2ccc(-c3ccccc3)c(-c3ccccc3)n2)cc1,ChEMBL
chembl-endpoint-20260529T111633Z,CHEMBL218,CB1,pIC50,IC50,CHEMBL361119,N#Cc1cc(-c2ccc(Cl)cc2)c(-c2ccc(Cl)cc2Cl)nc1OCc1ccccc1,7.958607314841775,11.0,train,c1ccc(COc2ccc(-c3ccccc3)c(-c3ccccc3)n2)cc1,ChEMBL
chembl-endpoint-20260529T111633Z,CHEMBL218,CB1,pIC50,IC50,CHEMBL361152,CN(C)C(=O)c1cc(-c2ccc(Cl)cc2)c(-c2ccc(Cl)cc2Cl)nc1OCc1ccccc1,7.657577319177793,22.0,train,c1ccc(COc2ccc(-c3ccccc3)c(-c3ccccc3)n2)cc1,ChEMBL
chembl-endpoint-20260529T111633Z,CHEMBL218,CB1,pIC50,IC50,CHEMBL361181,O=C(NN1CCCCC1)c1nc(-c2ccc(Cl)cc2)c(-c2ccc(Cl)cc2)[nH]1,5.221848749616356,6000.0,train,O=C(NN1CCCCC1)c1nc(-c2ccccc2)c(-c2ccccc2)[nH]1,ChEMBL
chembl-endpoint-20260529T111633Z,CHEMBL218,CB1,pIC50,IC50,CHEMBL361182,Cn1c(C(=O)NN2CCCCC2)nc(-c2ccccc2)c1-c1ccccc1,5.721246399047171,1900.0,train,O=C(NN1CCCCC1)c1nc(-c2ccccc2)c(-c2ccccc2)[nH]1,ChEMBL
chembl-endpoint-20260529T111633Z,CHEMBL218,CB1,pIC50,IC50,CHEMBL361384,Cn1c(C(=O)NC2CCCC2)nc(-c2ccc(Cl)cc2Cl)c1-c1ccc(Cl)cc1,7.769551078621726,17.0,train,O=C(NC1CCCC1)c1nc(-c2ccccc2)c(-c2ccccc2)[nH]1,ChEMBL
chembl-endpoint-20260529T111633Z,CHEMBL218,CB1,pIC50,IC50,CHEMBL361519,N#Cc1cc(-c2ccc(Cl)cc2)c(-c2ccc(Cl)cc2Cl)nc1OCc1ccc(C(F)(F)F)cc1,8.468521082957745,3.4,train,c1ccc(COc2ccc(-c3ccccc3)c(-c3ccccc3)n2)cc1,ChEMBL
chembl-endpoint-20260529T111633Z,CHEMBL218,CB1,pIC50,IC50,CHEMBL361557,Cn1c(C(=O)NC2CCCCC2)nc(-c2ccc(Cl)cc2Cl)c1-c1ccc(Cl)cc1Cl,8.2839966563652,5.2,train,O=C(NC1CCCCC1)c1nc(-c2ccccc2)c(-c2ccccc2)[nH]1,ChEMBL
chembl-endpoint-20260529T111633Z,CHEMBL218,CB1,pIC50,IC50,CHEMBL361787,O=C(NC1CCCCC1)c1nc(-c2ccc(Cl)cc2)c(-c2ccc(Cl)cc2)[nH]1,5.823908740944319,1500.0,train,O=C(NC1CCCCC1)c1nc(-c2ccccc2)c(-c2ccccc2)[nH]1,ChEMBL
chembl-endpoint-20260529T111633Z,CHEMBL218,CB1,pIC50,IC50,CHEMBL362192,O=C(NCCF)c1cc(-c2ccc(Cl)cc2)c(-c2ccc(Cl)cc2Cl)nc1OCc1ccc(F)c(F)c1,8.823908740944319,1.5,train,c1ccc(COc2ccc(-c3ccccc3)c(-c3ccccc3)n2)cc1,ChEMBL
chembl-endpoint-20260529T111633Z,CHEMBL218,CB1,pIC50,IC50,CHEMBL362215,N#Cc1cc(-c2ccc(F)cc2)c(-c2ccc(F)cc2F)nc1OCc1ccc(F)c(F)c1,7.180456064458132,66.0,train,c1ccc(COc2ccc(-c3ccccc3)c(-c3ccccc3)n2)cc1,ChEMBL
chembl-endpoint-20260529T111633Z,CHEMBL218,CB1,pIC50,IC50,CHEMBL362219,N#Cc1cc(-c2ccc(Cl)cc2)c(-c2ccc(Cl)cc2Cl)nc1OCc1ccc(F)cc1F,8.568636235841012,2.7,train,c1ccc(COc2ccc(-c3ccccc3)c(-c3ccccc3)n2)cc1,ChEMBL
chembl-endpoint-20260529T111633Z,CHEMBL218,CB1,pIC50,IC50,CHEMBL362423,Cn1c(C(=O)NN2CCCCC2)nc(-c2ccc(Cl)cc2)c1-c1ccc(Cl)cc1,6.585026652029182,260.0,train,O=C(NN1CCCCC1)c1nc(-c2ccccc2)c(-c2ccccc2)[nH]1,ChEMBL
chembl-endpoint-20260529T111633Z,CHEMBL218,CB1,pIC50,IC50,CHEMBL362650,O=C(NC1CCCCC1)c1cnc(-c2ccc(Cl)cc2Cl)c(-c2ccc(Cl)cc2)c1,6.6777807052660805,210.0,train,O=C(NC1CCCCC1)c1cnc(-c2ccccc2)c(-c2ccccc2)c1,ChEMBL
chembl-endpoint-20260529T111633Z,CHEMBL218,CB1,pIC50,IC50,CHEMBL362679,Cn1c(C(=O)NC2CCCCC2)nc(-c2ccc(Cl)cc2)c1-c1ccc(Cl)cc1,6.346787486224656,450.0,train,O=C(NC1CCCCC1)c1nc(-c2ccccc2)c(-c2ccccc2)[nH]1,ChEMBL
chembl-endpoint-20260529T111633Z,CHEMBL218,CB1,pIC50,IC50,CHEMBL367819,N#Cc1cc(-c2ccc(Cl)cc2)c(-c2ccc(Cl)cc2Cl)nc1OCc1ccc(F)c(F)c1,8.886056647693163,1.3,train,c1ccc(COc2ccc(-c3ccccc3)c(-c3ccccc3)n2)cc1,ChEMBL
chembl-endpoint-20260529T111633Z,CHEMBL218,CB1,pIC50,IC50,CHEMBL368223,Cn1c(C(=O)NC2CCCCC2)nc(-c2ccccc2)c1-c1ccccc1,5.7447274948966935,1800.0,train,O=C(NC1CCCCC1)c1nc(-c2ccccc2)c(-c2ccccc2)[nH]1,ChEMBL
chembl-endpoint-20260529T111633Z,CHEMBL218,CB1,pIC50,IC50,CHEMBL368441,Cn1c(C(=O)NC2CCCCC2)nc(-c2ccc(Cl)cc2)c1-c1ccc(Cl)cc1Cl,7.337242168318426,46.0,train,O=C(NC1CCCCC1)c1nc(-c2ccccc2)c(-c2ccccc2)[nH]1,ChEMBL
chembl-endpoint-20260529T111633Z,CHEMBL218,CB1,pIC50,IC50,CHEMBL369097,Cn1c(C(=O)NN2CCCCC2)nc(-c2ccc(Cl)cc2Cl)c1-c1ccc(Cl)cc1,8.214670164989233,6.1,train,O=C(NN1CCCCC1)c1nc(-c2ccccc2)c(-c2ccccc2)[nH]1,ChEMBL
chembl-endpoint-20260529T111633Z,CHEMBL218,CB1,pIC50,IC50,CHEMBL370388,CC(=O)c1c(N(C)C)c2cc(-c3ccc(Cl)cc3)c(-c3ccc(Cl)cc3Cl)nc2n(C)c1=O,7.017728766960431,96.0,train,O=c1ccc2cc(-c3ccccc3)c(-c3ccccc3)nc2[nH]1,ChEMBL
chembl-endpoint-20260529T111633Z,CHEMBL218,CB1,pIC50,IC50,CHEMBL371252,COCCn1c(=O)c(C(C)=O)c(NC(C)=O)c2cc(-c3ccc(Cl)cc3)c(-c3ccc(Cl)cc3Cl)nc21,8.431798275933005,3.7,train,O=c1ccc2cc(-c3ccccc3)c(-c3ccccc3)nc2[nH]1,ChEMBL
chembl-endpoint-20260529T111633Z,CHEMBL218,CB1,pIC50,IC50,CHEMBL373626,C[C@H](NC(=O)C(C)(C)Oc1ccc(C(F)(F)F)cn1)[C@@H](Cc1ccc(Cl)cc1)c1ccccc1,9.301029995663981,0.5,train,O=C(COc1ccccn1)NC[C@@H](Cc1ccccc1)c1ccccc1,ChEMBL
chembl-endpoint-20260529T111633Z,CHEMBL218,CB1,pIC50,IC50,CHEMBL374791,C[C@H](NC(=O)C(C)(C)Oc1ccccn1)[C@@H](Cc1ccc(Cl)cc1)c1ccccc1,8.744727494896694,1.8,train,O=C(COc1ccccn1)NC[C@@H](Cc1ccccc1)c1ccccc1,ChEMBL
chembl-endpoint-20260529T111633Z,CHEMBL218,CB1,pIC50,IC50,CHEMBL375960,Cc1ccc(-c2ncc(C(=O)NC3CCCCC3)nc2-c2ccc(C)cc2)cc1,7.886056647693163,13.0,train,O=C(NC1CCCCC1)c1cnc(-c2ccccc2)c(-c2ccccc2)n1,ChEMBL
chembl-endpoint-20260529T111633Z,CHEMBL218,CB1,pIC50,IC50,CHEMBL376827,O=C(NC1CCCCC1)c1cnc(-c2ccccc2Cl)c(-c2ccccc2Cl)n1,5.801893001126598,1578.0,train,O=C(NC1CCCCC1)c1cnc(-c2ccccc2)c(-c2ccccc2)n1,ChEMBL
chembl-endpoint-20260529T111633Z,CHEMBL218,CB1,pIC50,IC50,CHEMBL376828,O=C(Nc1ccccc1)c1cnc(-c2ccc(Cl)cc2)c(-c2ccc(Cl)cc2)n1,7.096910013008056,80.0,train,O=C(Nc1ccccc1)c1cnc(-c2ccccc2)c(-c2ccccc2)n1,ChEMBL
chembl-endpoint-20260529T111633Z,CHEMBL218,CB1,pIC50,IC50,CHEMBL380483,CC(=O)Nc1c(C(C)=O)c(=O)n(CCO)c2nc(-c3ccc(Cl)cc3Cl)c(-c3ccc(Cl)cc3)cc12,7.494850021680094,32.0,train,O=c1ccc2cc(-c3ccccc3)c(-c3ccccc3)nc2[nH]1,ChEMBL
chembl-endpoint-20260529T111633Z,CHEMBL218,CB1,pIC50,IC50,CHEMBL381677,CC(=O)Nc1c(C(C)C)c(=O)n(C)c2nc(-c3ccc(Cl)cc3Cl)c(-c3ccc(Cl)cc3)cc12,7.823908740944319,15.0,train,O=c1ccc2cc(-c3ccccc3)c(-c3ccccc3)nc2[nH]1,ChEMBL
chembl-endpoint-20260529T111633Z,CHEMBL218,CB1,pIC50,IC50,CHEMBL387027,C[C@H](NC(=O)C(C)(C)Oc1ccc(Cl)cn1)[C@@H](Cc1ccc(Cl)cc1)c1ccccc1,8.886056647693163,1.3,train,O=C(COc1ccccn1)NC[C@@H](Cc1ccccc1)c1ccccc1,ChEMBL
chembl-endpoint-20260529T111633Z,CHEMBL218,CB1,pIC50,IC50,CHEMBL387577,Cc1c2c(n(-c3ccc(Cl)cc3Cl)c1-c1ccco1)CCN(C1CCCCC1)C2=O,7.698970004336019,20.0,train,O=C1c2cc(-c3ccco3)n(-c3ccccc3)c2CCN1C1CCCCC1,ChEMBL
chembl-endpoint-20260529T111633Z,CHEMBL218,CB1,pIC50,IC50,CHEMBL387609,Cc1ccccc1-n1c2c(c(C)c1-c1ccc(C(F)(F)F)cc1)C(=O)N(C1CCCCC1)CC2,8.031517051446064,9.3,train,O=C1c2cc(-c3ccccc3)n(-c3ccccc3)c2CCN1C1CCCCC1,ChEMBL
chembl-endpoint-20260529T111633Z,CHEMBL218,CB1,pIC50,IC50,CHEMBL387783,Cc1cccc(-c2c(C)c3c(n2-c2ccc(Cl)cc2Cl)CCN(C2CCCCC2)C3=O)c1,7.769551078621726,17.0,train,O=C1c2cc(-c3ccccc3)n(-c3ccccc3)c2CCN1C1CCCCC1,ChEMBL
chembl-endpoint-20260529T111633Z,CHEMBL218,CB1,pIC50,IC50,CHEMBL389114,C[C@H](NS(=O)(=O)c1cc(Cl)ccc1Cl)[C@@H](Cc1ccc(Cl)cc1)c1cccc(C#N)c1,8.130768280269024,7.4,train,O=S(=O)(NC[C@@H](Cc1ccccc1)c1ccccc1)c1ccccc1,ChEMBL
chembl-endpoint-20260529T111633Z,CHEMBL218,CB1,pIC50,IC50,CHEMBL389353,C[C@H](NS(=O)(=O)c1ccc2ccccc2c1)[C@@H](Cc1ccc(Cl)cc1)c1cccc(C#N)c1,7.823908740944319,15.0,train,O=S(=O)(NC[C@@H](Cc1ccccc1)c1ccccc1)c1ccc2ccccc2c1,ChEMBL
chembl-endpoint-20260529T111633Z,CHEMBL218,CB1,pIC50,IC50,CHEMBL389883,O=C(NN1CCCCC1)c1cnc(-c2ccccc2)c(-c2ccccc2)n1,6.115771230367396,766.0,train,O=C(NN1CCCCC1)c1cnc(-c2ccccc2)c(-c2ccccc2)n1,ChEMBL
chembl-endpoint-20260529T111633Z,CHEMBL218,CB1,pIC50,IC50,CHEMBL390053,C[C@H](NS(=O)(=O)c1cc(Cl)c(Cl)cc1Cl)[C@@H](Cc1ccc(Cl)cc1)c1cccc(C#N)c1,7.795880017344075,16.0,train,O=S(=O)(NC[C@@H](Cc1ccccc1)c1ccccc1)c1ccccc1,ChEMBL
chembl-endpoint-20260529T111633Z,CHEMBL218,CB1,pIC50,IC50,CHEMBL390146,O=C(NN1CCCCC1)c1cnc(-c2ccc(Cl)cc2)c(-c2ccc(Cl)cc2)n1,8.397940008672037,4.0,train,O=C(NN1CCCCC1)c1cnc(-c2ccccc2)c(-c2ccccc2)n1,ChEMBL
chembl-endpoint-20260529T111633Z,CHEMBL218,CB1,pIC50,IC50,CHEMBL390846,Cc1c2c(n(-c3ccc(Cl)cc3Cl)c1-c1cccc(C(F)(F)F)c1)CCN(C1CCCCC1)C2=O,7.173925197299173,67.0,train,O=C1c2cc(-c3ccccc3)n(-c3ccccc3)c2CCN1C1CCCCC1,ChEMBL
chembl-endpoint-20260529T111633Z,CHEMBL218,CB1,pIC50,IC50,CHEMBL397243,C[C@H](NS(=O)(=O)c1ccccc1)[C@@H](Cc1ccc(Cl)cc1)c1cccc(C#N)c1,8.013228265733755,9.7,train,O=S(=O)(NC[C@@H](Cc1ccccc1)c1ccccc1)c1ccccc1,ChEMBL
chembl-endpoint-20260529T111633Z,CHEMBL218,CB1,pIC50,IC50,CHEMBL397509,C[C@H](NS(=O)(=O)c1ccc(Cl)cc1)[C@@H](Cc1ccc(Cl)cc1)c1cccc(C#N)c1,7.663540266151471,21.7,train,O=S(=O)(NC[C@@H](Cc1ccccc1)c1ccccc1)c1ccccc1,ChEMBL
chembl-endpoint-20260529T111633Z,CHEMBL218,CB1,pIC50,IC50,CHEMBL425163,CCCNC(=O)c1cc(-c2ccc(Cl)cc2)c(-c2ccc(Cl)cc2Cl)nc1OCc1ccc(F)c(F)c1,8.769551078621726,1.7,train,c1ccc(COc2ccc(-c3ccccc3)c(-c3ccccc3)n2)cc1,ChEMBL
chembl-endpoint-20260529T111633Z,CHEMBL218,CB1,pIC50,IC50,CHEMBL425527,N#Cc1cc(-c2ccc(Cl)cc2)c(-c2ccc(Cl)cc2Cl)nc1OCc1ccc(F)cc1,8.508638306165727,3.1,train,c1ccc(COc2ccc(-c3ccccc3)c(-c3ccccc3)n2)cc1,ChEMBL
chembl-endpoint-20260529T111633Z,CHEMBL218,CB1,pIC50,IC50,CHEMBL425870,CCCCOc1nc(-c2ccc(Cl)cc2Cl)c(-c2ccc(Cl)cc2)cc1C(=O)OC,8.721246399047171,1.9,train,c1ccc(-c2cccnc2-c2ccccc2)cc1,ChEMBL
chembl-endpoint-20260529T111633Z,CHEMBL218,CB1,pIC50,IC50,CHEMBL426241,CNC(=O)c1cc(-c2ccc(Cl)cc2)c(-c2ccc(Cl)cc2Cl)nc1OCc1ccccc1,8.154901959985743,7.0,train,c1ccc(COc2ccc(-c3ccccc3)c(-c3ccccc3)n2)cc1,ChEMBL
chembl-endpoint-20260529T111633Z,CHEMBL218,CB1,pIC50,IC50,CHEMBL426601,CCCNC(=O)c1cc(-c2ccc(Cl)cc2)c(-c2ccc(Cl)cc2Cl)nc1OCc1ccccc1,8.221848749616356,6.0,train,c1ccc(COc2ccc(-c3ccccc3)c(-c3ccccc3)n2)cc1,ChEMBL
chembl-endpoint-20260529T111633Z,CHEMBL218,CB1,pIC50,IC50,CHEMBL559612,CCCCCCC(C)(C)c1ccc([C@@H]2C[C@H](O)CC[C@H]2CCCO)c(O)c1,7.841637507904751,14.4,train,c1ccc(C2CCCCC2)cc1,ChEMBL
chembl-endpoint-20260529T111633Z,CHEMBL218,CB1,pKi,Ki,CHEMBL120105,CCCCC/C=C\C/C=C\C/C=C\C/C=C\CC[C@H](C)C(=O)N[C@@H](C)CO,6.410050398674292,389.0,external,CCCCC/C=C\C/C=C\C/C=C\C/C=C\CC[C@H](C)C(=O)N[C@@H](C)CO,ChEMBL
chembl-endpoint-20260529T111633Z,CHEMBL218,CB1,pKi,Ki,CHEMBL123011,CCCCC/C=C\C/C=C\C/C=C\C/C=C\CC[C@@H](C)C(=O)N[C@@H](C)CO,6.632644078973981,233.0,external,CCCCC/C=C\C/C=C\C/C=C\C/C=C\CC[C@@H](C)C(=O)N[C@@H](C)CO,ChEMBL
chembl-endpoint-20260529T111633Z,CHEMBL218,CB1,pKi,Ki,CHEMBL123916,CC1=C(CCN2CCOCC2)c2ccccc2/C1=C/c1cccc2ccccc12,8.539102157243452,2.89,external,C1=C(CCN2CCOCC2)c2ccccc2/C1=C/c1cccc2ccccc12,ChEMBL
chembl-endpoint-20260529T111633Z,CHEMBL218,CB1,pKi,Ki,CHEMBL125010,CCCC(C)(C)c1ccc(-c2cc(C)ccc2C(C)C)c(O)c1,6.057991946977687,875.0,external,c1ccc(-c2ccccc2)cc1,ChEMBL
chembl-endpoint-20260529T111633Z,CHEMBL218,CB1,pKi,Ki,CHEMBL125061,CCCCCCC(C)(C)c1ccc(-c2cc(C)ccc2C(C)C)c(O)c1,7.481486060122112,33.0,external,c1ccc(-c2ccccc2)cc1,ChEMBL
chembl-endpoint-20260529T111633Z,CHEMBL218,CB1,pKi,Ki,CHEMBL127644,C1=C(CCN2CCOCC2)c2ccccc2/C1=C/c1cccc2ccccc12,8.5654310959658,2.72,external,C1=C(CCN2CCOCC2)c2ccccc2/C1=C/c1cccc2ccccc12,ChEMBL
chembl-endpoint-20260529T111633Z,CHEMBL218,CB1,pKi,Ki,CHEMBL139037,CCCCC/C=C\C/C=C\C/C=C\C/C=C\CCCC(=O)N(C)CCO,5.280668713016273,5240.0,external,CCCCC/C=C\C/C=C\C/C=C\C/C=C\CCCC(=O)N(C)CCO,ChEMBL
chembl-endpoint-20260529T111633Z,CHEMBL218,CB1,pKi,Ki,CHEMBL15764,Cc1c(C(=O)NC(C)C(C)C)nn(-c2ccc(Cl)cc2Cl)c1-c1ccc(Cl)cc1,7.3872161432802645,41.0,external,c1ccc(-c2ccnn2-c2ccccc2)cc1,ChEMBL
chembl-endpoint-20260529T111633Z,CHEMBL218,CB1,pKi,Ki,CHEMBL15772,CC1CCC(NC(=O)c2nc(-c3ccc(Cl)cc3Cl)n(-c3ccc(Cl)cc3)n2)CC1,7.026872146400302,94.0,external,O=C(NC1CCCCC1)c1nc(-c2ccccc2)n(-c2ccccc2)n1,ChEMBL
chembl-endpoint-20260529T111633Z,CHEMBL218,CB1,pKi,Ki,CHEMBL15966,O=C(NN1CC2CCCC2C1)c1nc(-c2ccc(Cl)cc2Cl)n(-c2ccc(Cl)cc2)c1Br,7.958607314841775,11.0,external,O=C(NN1CC2CCCC2C1)c1cn(-c2ccccc2)c(-c2ccccc2)n1,ChEMBL
chembl-endpoint-20260529T111633Z,CHEMBL218,CB1,pKi,Ki,CHEMBL188,Cc1c(C(=O)c2cccc3ccccc23)c2cccc3c2n1[C@H](CN1CCOCC1)CO3,7.920818753952375,12.0,external,O=C(c1cccc2ccccc12)c1cn2c3c(cccc13)OC[C@H]2CN1CCOCC1,ChEMBL
chembl-endpoint-20260529T111633Z,CHEMBL218,CB1,pKi,Ki,CHEMBL275895,O=C(NN1CC2CCCC2C1)c1cn(-c2ccc(Cl)cc2)c(-c2ccc(Cl)cc2Cl)n1,7.180456064458132,66.0,external,O=C(NN1CC2CCCC2C1)c1cn(-c2ccccc2)c(-c2ccccc2)n1,ChEMBL
chembl-endpoint-20260529T111633Z,CHEMBL218,CB1,pKi,Ki,CHEMBL307210,COC(=O)Cc1c(C)n(C(=O)c2ccccc2Cl)c2ccc(OC)cc12,5.764471553092451,1720.0,external,O=C(c1ccccc1)n1ccc2ccccc21,ChEMBL
chembl-endpoint-20260529T111633Z,CHEMBL218,CB1,pKi,Ki,CHEMBL333097,CCCCC/C=C\C/C=C\C/C=C\C/C=C\CC[C@H](C)C(=O)N[C@H](C)CO,6.732828271596986,185.0,external,CCCCC/C=C\C/C=C\C/C=C\C/C=C\CC[C@H](C)C(=O)N[C@H](C)CO,ChEMBL
chembl-endpoint-20260529T111633Z,CHEMBL218,CB1,pKi,Ki,CHEMBL412262,CN/C(=N\S(=O)(=O)c1ccc(Cl)cc1)N1C[C@H](c2ccccc2)C(c2ccc(Cl)cc2)=N1,8.10790539730952,7.8,external,O=S(=O)(N=CN1C[C@H](c2ccccc2)C(c2ccccc2)=N1)c1ccccc1,ChEMBL
chembl-endpoint-20260529T111633Z,CHEMBL218,CB1,pKi,Ki,CHEMBL416718,N#Cc1c(C(=O)NN2CC3CCCC3C2)nc(-c2ccc(Cl)cc2Cl)n1-c1ccc(Cl)cc1,8.045757490560675,9.0,external,O=C(NN1CC2CCCC2C1)c1cn(-c2ccccc2)c(-c2ccccc2)n1,ChEMBL
chembl-endpoint-20260529T111633Z,CHEMBL218,CB1,pKi,Ki,CHEMBL418544,C#Cc1c(C(=O)NN2CC3CCCC3C2)nc(-c2ccc(Cl)cc2Cl)n1-c1ccc(Cl)cc1,6.113509274827518,770.0,external,O=C(NN1CC2CCCC2C1)c1cn(-c2ccccc2)c(-c2ccccc2)n1,ChEMBL
chembl-endpoint-20260529T111633Z,CHEMBL218,CB1,pKi,Ki,CHEMBL418721,Cc1c(C(=O)NN2CC3CCCC3C2)nc(-c2ccc(Cl)cc2Cl)n1-c1ccc(Cl)cc1,7.853871964321762,14.0,external,O=C(NN1CC2CCCC2C1)c1cn(-c2ccccc2)c(-c2ccccc2)n1,ChEMBL
chembl-endpoint-20260529T111633Z,CHEMBL218,CB1,pKi,Ki,CHEMBL465,CCCCCc1cc(O)c2c(c1)OC(C)(C)[C@@H]1CCC(C)=C[C@@H]21,7.3872161432802645,41.0,external,C1=C[C@H]2c3ccccc3OC[C@@H]2CC1,ChEMBL
chembl-endpoint-20260529T111633Z,CHEMBL218,CB1,pKi,Ki,CHEMBL56288,CCCCCCC(C)(C)c1cc(O)c(-c2cc(C)cc(C)c2)c(O)c1,7.101823516502323,79.1,external,c1ccc(-c2ccccc2)cc1,ChEMBL
chembl-endpoint-20260529T111633Z,CHEMBL218,CB1,pKi,Ki,CHEMBL56799,CCCCCCC(C)(C)c1ccc(-c2cc(C)cc(C)c2)c(O)c1,7.903089986991944,12.5,external,c1ccc(-c2ccccc2)cc1,ChEMBL
chembl-endpoint-20260529T111633Z,CHEMBL218,CB1,pKi,Ki,CHEMBL66956,COc1cccc2c(C(=O)NC(c3ccccc3)c3ccccn3)nn(CCN3CCOCC3)c12,6.790484985457369,162.0,external,O=C(NC(c1ccccc1)c1ccccn1)c1nn(CCN2CCOCC2)c2ccccc12,ChEMBL
chembl-endpoint-20260529T111633Z,CHEMBL218,CB1,pKi,Ki,CHEMBL117033,CC1=CC[C@@H]2[C@@H](C1)c1c(O)cc(C3(C4CCCCC4)SCCS3)cc1OC2(C)C,8.730487055782083,1.86,scaffold_test,C1=CC[C@H]2c3ccc(C4(C5CCCCC5)SCCS4)cc3OC[C@@H]2C1,ChEMBL
chembl-endpoint-20260529T111633Z,CHEMBL218,CB1,pKi,Ki,CHEMBL121174,CCCCC/C=C\C/C=C\C/C=C\C/C=C\CC[C@@H](C)C(=O)N[C@H](C)CO,8.129596094720974,7.42,scaffold_test,CCCCC/C=C\C/C=C\C/C=C\C/C=C\CC[C@@H](C)C(=O)N[C@H](C)CO,ChEMBL
chembl-endpoint-20260529T111633Z,CHEMBL218,CB1,pKi,Ki,CHEMBL15150,CCCCC/C=C\C/C=C\C/C=C\C/C=C\CCCC(N)=O,5.017728766960431,9600.0,scaffold_test,CCCCC/C=C\C/C=C\C/C=C\C/C=C\CCCC(N)=O,ChEMBL
chembl-endpoint-20260529T111633Z,CHEMBL218,CB1,pKi,Ki,CHEMBL158138,CN/C(=N\S(=O)(=O)c1ccc(OC)cc1)N1CC(c2ccccc2)C(c2ccc(Cl)cc2)=N1,7.640164517660112,22.9,scaffold_test,O=S(=O)(N=CN1CC(c2ccccc2)C(c2ccccc2)=N1)c1ccccc1,ChEMBL
chembl-endpoint-20260529T111633Z,CHEMBL218,CB1,pKi,Ki,CHEMBL158468,CCCCC/C=C\C/C=C\C/C=C\C/C=C\CCC(C)C(=O)NCCO,7.275724130399211,53.0,scaffold_test,CCCCC/C=C\C/C=C\C/C=C\C/C=C\CCC(C)C(=O)NCCO,ChEMBL
chembl-endpoint-20260529T111633Z,CHEMBL218,CB1,pKi,Ki,CHEMBL158784,CN/C(=N\S(=O)(=O)c1ccc(Cl)cc1)N1CC(c2ccccc2)C(c2ccc(Cl)cc2)=N1,7.598599459218456,25.2,scaffold_test,O=S(=O)(N=CN1CC(c2ccccc2)C(c2ccccc2)=N1)c1ccccc1,ChEMBL
chembl-endpoint-20260529T111633Z,CHEMBL218,CB1,pKi,Ki,CHEMBL160214,CN(C)/C(=N\S(=O)(=O)c1ccc(Cl)cc1)N1CC(c2ccccc2)C(c2ccc(Cl)cc2)=N1,6.552841968657781,280.0,scaffold_test,O=S(=O)(N=CN1CC(c2ccccc2)C(c2ccccc2)=N1)c1ccccc1,ChEMBL
chembl-endpoint-20260529T111633Z,CHEMBL218,CB1,pKi,Ki,CHEMBL161520,CC/C=C/C/C=C\C/C=C\C/C=C\C/C=C\C/C=C/CCC(=O)NCCO,4.913640169325252,12200.0,scaffold_test,CC/C=C/C/C=C\C/C=C\C/C=C\C/C=C\C/C=C/CCC(=O)NCCO,ChEMBL
chembl-endpoint-20260529T111633Z,CHEMBL218,CB1,pKi,Ki,CHEMBL278236,Cc1c(C(=O)NCCc2ccc(Cl)cc2)nc(-c2ccc(Cl)cc2Cl)n1-c1ccc(Cl)cc1,7.481486060122112,33.0,scaffold_test,O=C(NCCc1ccccc1)c1cn(-c2ccccc2)c(-c2ccccc2)n1,ChEMBL
chembl-endpoint-20260529T111633Z,CHEMBL218,CB1,pKi,Ki,CHEMBL348299,N/C(=N\S(=O)(=O)c1ccc(Cl)cc1)N1CC(O)(c2ccccc2)C(c2ccc(Cl)cc2)=N1,6.146910470148135,713.0,scaffold_test,O=S(=O)(N=CN1CC(c2ccccc2)C(c2ccccc2)=N1)c1ccccc1,ChEMBL
chembl-endpoint-20260529T111633Z,CHEMBL218,CB1,pKi,Ki,CHEMBL350924,CS/C(=N\S(=O)(=O)c1ccc(C(F)(F)F)cc1)N1CC(c2ccccc2)C(c2ccc(Cl)cc2)=N1,7.779891911959945,16.6,scaffold_test,O=S(=O)(N=CN1CC(c2ccccc2)C(c2ccccc2)=N1)c1ccccc1,ChEMBL
chembl-endpoint-20260529T111633Z,CHEMBL218,CB1,pKi,Ki,CHEMBL351123,C/N=C(\NS(=O)(=O)c1ccc2ccccc2c1)N1CC(c2ccccc2)C(c2ccc(Cl)cc2)=N1,7.661543506395395,21.8,scaffold_test,N=C(NS(=O)(=O)c1ccc2ccccc2c1)N1CC(c2ccccc2)C(c2ccccc2)=N1,ChEMBL
chembl-endpoint-20260529T111633Z,CHEMBL218,CB1,pKi,Ki,CHEMBL421685,Cc1c(CN2CCOCC2)c2ccccc2n1-c1cccc2ccccc12,5.175223537524454,6680.0,scaffold_test,c1ccc2c(-n3cc(CN4CCOCC4)c4ccccc43)cccc2c1,ChEMBL
chembl-endpoint-20260529T111633Z,CHEMBL218,CB1,pKi,Ki,CHEMBL423382,CCCCC/C=C\C/C=C\C/C=C\C/C=C\CCC(C)(C)C(=O)NCCO,7.327902142064283,47.0,scaffold_test,CCCCC/C=C\C/C=C\C/C=C\C/C=C\CCC(C)(C)C(=O)NCCO,ChEMBL
chembl-endpoint-20260529T111633Z,CHEMBL218,CB1,pKi,Ki,CHEMBL57802,C=C1CC[C@@H]2[C@@H](C1)c1c(O)cc(C(C)(C)CCCCCC)cc1OC2(C)C,8.739928612014925,1.82,scaffold_test,C=C1CC[C@H]2COc3ccccc3[C@@H]2C1,ChEMBL
chembl-endpoint-20260529T111633Z,CHEMBL218,CB1,pKi,Ki,CHEMBL109393,CCCCCCC(C)(C)c1cc(O)c2c(c1)OC(C)(C)c1ccc(C)cc1-2,9.0,1.0,train,c1ccc2c(c1)COc1ccccc1-2,ChEMBL
chembl-endpoint-20260529T111633Z,CHEMBL218,CB1,pKi,Ki,CHEMBL111,Cc1c(C(=O)NN2CCCCC2)nn(-c2ccc(Cl)cc2Cl)c1-c1ccc(Cl)cc1,7.6020599913279625,25.0,train,O=C(NN1CCCCC1)c1cc(-c2ccccc2)n(-c2ccccc2)n1,ChEMBL
chembl-endpoint-20260529T111633Z,CHEMBL218,CB1,pKi,Ki,CHEMBL111724,CCCCCCC(C)(C)c1cc(O)c2c(c1)OC(C)(C)c1ccc(CO)cc1-2,10.0,0.1,train,c1ccc2c(c1)COc1ccccc1-2,ChEMBL
chembl-endpoint-20260529T111633Z,CHEMBL218,CB1,pKi,Ki,CHEMBL114189,CCCCCc1cc2c(c3c1CCCO3)C1C=C(C)CCC1C(C)(C)O2,7.3872161432802645,41.0,train,C1=CC2c3c(ccc4c3OCCC4)OCC2CC1,ChEMBL
chembl-endpoint-20260529T111633Z,CHEMBL218,CB1,pKi,Ki,CHEMBL116784,CC1=CC[C@@H]2[C@@H](C1)c1c(O)cc(C(=O)c3ccccc3)cc1OC2(C)C,6.527243550682788,297.0,train,O=C(c1ccccc1)c1ccc2c(c1)OC[C@@H]1CC=CC[C@@H]21,ChEMBL
chembl-endpoint-20260529T111633Z,CHEMBL218,CB1,pKi,Ki,CHEMBL118028,CC1=CC[C@@H]2[C@@H](C1)c1c(O)cc(C3(c4ccccc4)SCCS3)cc1OC2(C)C,7.761953896871205,17.3,train,C1=CC[C@H]2c3ccc(C4(c5ccccc5)SCCS4)cc3OC[C@@H]2C1,ChEMBL
chembl-endpoint-20260529T111633Z,CHEMBL218,CB1,pKi,Ki,CHEMBL119592,CC1=CC[C@@H]2[C@@H](C1)c1c(O)cc(C(C)(C)c3ccccc3)cc1OC2(C)C,7.910094888560602,12.3,train,C1=CC[C@H]2c3ccc(Cc4ccccc4)cc3OC[C@@H]2C1,ChEMBL
chembl-endpoint-20260529T111633Z,CHEMBL218,CB1,pKi,Ki,CHEMBL121229,CCCCC/C=C\C/C=C\C/C=C\CCCCCCC(=O)NCCO,7.272458742971444,53.4,train,CCCCC/C=C\C/C=C\C/C=C\CCCCCCC(=O)NCCO,ChEMBL
chembl-endpoint-20260529T111633Z,CHEMBL218,CB1,pKi,Ki,CHEMBL121768,CCCCCCC(C)(C)c1ccc2c(c1)OC(C)(C)c1ccc(C)cc1-2,6.36251027048749,434.0,train,c1ccc2c(c1)COc1ccccc1-2,ChEMBL
chembl-endpoint-20260529T111633Z,CHEMBL218,CB1,pKi,Ki,CHEMBL124194,CCCCCCCCCc1cc(O)c2c(c1)OC(C)(C)[C@@H]1CC=C(C)C[C@@H]21,9.113509274827518,0.77,train,C1=CC[C@H]2c3ccccc3OC[C@@H]2C1,ChEMBL
chembl-endpoint-20260529T111633Z,CHEMBL218,CB1,pKi,Ki,CHEMBL124649,CCCCCCC(C)(C)c1cc(OC)c2c(c1)OC(C)(C)c1ccc(C)cc1-2,6.166852888087215,681.0,train,c1ccc2c(c1)COc1ccccc1-2,ChEMBL
chembl-endpoint-20260529T111633Z,CHEMBL218,CB1,pKi,Ki,CHEMBL124829,CCCCCCC(C)(C)c1ccc2c(c1)OC(C)(C)c1ccc(C(=O)OC)cc1-2,6.253365801062421,558.0,train,c1ccc2c(c1)COc1ccccc1-2,ChEMBL
chembl-endpoint-20260529T111633Z,CHEMBL218,CB1,pKi,Ki,CHEMBL124973,CCCCCCC(C)(C)c1cc(OC)c2c(c1)OC(C)(C)c1ccc(C(=O)OCCC)cc1-2,5.7627076624325415,1727.0,train,c1ccc2c(c1)COc1ccccc1-2,ChEMBL
chembl-endpoint-20260529T111633Z,CHEMBL218,CB1,pKi,Ki,CHEMBL127919,CCCC(C)(C)c1ccc2c(c1)OC(C)(C)c1ccc(CO)cc1-2,6.690369832574102,204.0,train,c1ccc2c(c1)COc1ccccc1-2,ChEMBL
chembl-endpoint-20260529T111633Z,CHEMBL218,CB1,pKi,Ki,CHEMBL136120,CC1=CC[C@@H]2[C@@H](C1)c1c(O)cc(C(C)(C)CCCCOc3ccc(C#N)cc3)cc1OC2(C)C,8.522878745280337,3.0,train,C1=CC[C@H]2c3ccc(CCCCCOc4ccccc4)cc3OC[C@@H]2C1,ChEMBL
chembl-endpoint-20260529T111633Z,CHEMBL218,CB1,pKi,Ki,CHEMBL138667,CC1=CC[C@@H]2[C@@H](C1)c1c(O)cc(C(C)(C)CCCCC(=O)Nc3ccc(Cl)cc3)cc1OC2(C)C,6.728158393463501,187.0,train,O=C(CCCCCc1ccc2c(c1)OC[C@@H]1CC=CC[C@@H]21)Nc1ccccc1,ChEMBL
chembl-endpoint-20260529T111633Z,CHEMBL218,CB1,pKi,Ki,CHEMBL138772,CC1=CC[C@@H]2[C@@H](C1)c1c(O)cc(C(C)(C)CCCCC(=O)NN3CCCCC3)cc1OC2(C)C,8.920818753952375,1.2,train,O=C(CCCCCc1ccc2c(c1)OC[C@@H]1CC=CC[C@@H]21)NN1CCCCC1,ChEMBL
chembl-endpoint-20260529T111633Z,CHEMBL218,CB1,pKi,Ki,CHEMBL138917,CC1=CC[C@@H]2[C@@H](C1)c1c(O)cc(C(C)(C)CCCCCC#N)cc1OC2(C)C,9.221848749616356,0.6,train,C1=CC[C@H]2c3ccccc3OC[C@@H]2C1,ChEMBL
chembl-endpoint-20260529T111633Z,CHEMBL218,CB1,pKi,Ki,CHEMBL139475,CC1=CC[C@@H]2[C@@H](C1)c1c(O)cc(C(C)(C)CCCCC(=O)Nc3ccc(S(N)(=O)=O)cc3)cc1OC2(C)C,7.721246399047171,19.0,train,O=C(CCCCCc1ccc2c(c1)OC[C@@H]1CC=CC[C@@H]21)Nc1ccccc1,ChEMBL
chembl-endpoint-20260529T111633Z,CHEMBL218,CB1,pKi,Ki,CHEMBL140353,CC1=CC[C@@H]2[C@@H](C1)c1c(O)cc(C(C)(C)CCCCC(=O)Nc3ccc(Cl)cc3Cl)cc1OC2(C)C,7.7447274948966935,18.0,train,O=C(CCCCCc1ccc2c(c1)OC[C@@H]1CC=CC[C@@H]21)Nc1ccccc1,ChEMBL
chembl-endpoint-20260529T111633Z,CHEMBL218,CB1,pKi,Ki,CHEMBL140404,CC1=CC[C@@H]2[C@@H](C1)c1c(O)cc(C(C)(C)CCCCC(=O)NCCc3ccc(S(N)(=O)=O)cc3)cc1OC2(C)C,7.5376020021010435,29.0,train,O=C(CCCCCc1ccc2c(c1)OC[C@@H]1CC=CC[C@@H]21)NCCc1ccccc1,ChEMBL
chembl-endpoint-20260529T111633Z,CHEMBL218,CB1,pKi,Ki,CHEMBL148805,C1=C(CCN2CCOCC2)c2ccccc2/C1=C\c1cccc2ccccc12,6.8297382846050425,148.0,train,C1=C(CCN2CCOCC2)c2ccccc2/C1=C\c1cccc2ccccc12,ChEMBL
chembl-endpoint-20260529T111633Z,CHEMBL218,CB1,pKi,Ki,CHEMBL149599,CC1=C(CCN2CCOCC2)c2ccccc2/C1=C\c1cccc2ccccc12,5.711080394338273,1945.0,train,C1=C(CCN2CCOCC2)c2ccccc2/C1=C\c1cccc2ccccc12,ChEMBL
chembl-endpoint-20260529T111633Z,CHEMBL218,CB1,pKi,Ki,CHEMBL15138,Cc1c(C(=O)NN2CCCCCC2)nn(-c2ccc(Cl)cc2Cl)c1-c1ccc(Cl)cc1,7.853871964321762,14.0,train,O=C(NN1CCCCCC1)c1cc(-c2ccccc2)n(-c2ccccc2)n1,ChEMBL
chembl-endpoint-20260529T111633Z,CHEMBL218,CB1,pKi,Ki,CHEMBL15399,O=C(NN1CCCCC1)c1cn(-c2ccc(Cl)cc2)c(-c2ccc(Cl)cc2Cl)n1,7.070581074285707,85.0,train,O=C(NN1CCCCC1)c1cn(-c2ccccc2)c(-c2ccccc2)n1,ChEMBL
chembl-endpoint-20260529T111633Z,CHEMBL218,CB1,pKi,Ki,CHEMBL15423,Cc1c(C(=O)NCCc2ccc(F)cc2)nn(-c2ccc(Cl)cc2Cl)c1-c1ccc(Cl)cc1,7.040958607678906,91.0,train,O=C(NCCc1ccccc1)c1cc(-c2ccccc2)n(-c2ccccc2)n1,ChEMBL
chembl-endpoint-20260529T111633Z,CHEMBL218,CB1,pKi,Ki,CHEMBL15478,Cc1c(C(=O)N(C)C2CCCCC2)nn(-c2ccc(Cl)cc2Cl)c1-c1ccc(Cl)cc1,7.0,100.0,train,O=C(NC1CCCCC1)c1cc(-c2ccccc2)n(-c2ccccc2)n1,ChEMBL
chembl-endpoint-20260529T111633Z,CHEMBL218,CB1,pKi,Ki,CHEMBL15528,Cc1c(C(=O)NN2CC3CCCC3C2)nn(-c2ccc(Cl)cc2Cl)c1-c1ccc(Cl)cc1,8.301029995663981,5.0,train,O=C(NN1CC2CCCC2C1)c1cc(-c2ccccc2)n(-c2ccccc2)n1,ChEMBL
chembl-endpoint-20260529T111633Z,CHEMBL218,CB1,pKi,Ki,CHEMBL15566,CCCCC/C=C\C/C=C\C/C=C\C/C=C\CCCC(=O)NCCCC,7.522878745280337,30.0,train,CCCCC/C=C\C/C=C\C/C=C\C/C=C\CCCC(=O)NCCCC,ChEMBL
chembl-endpoint-20260529T111633Z,CHEMBL218,CB1,pKi,Ki,CHEMBL156264,C/N=C(\NS(=O)(=O)c1ccc(C(F)(F)F)cc1)N1C[C@H](c2ccccc2)C(c2ccc(Cl)cc2)=N1,7.444905551421681,35.9,train,N=C(NS(=O)(=O)c1ccccc1)N1C[C@H](c2ccccc2)C(c2ccccc2)=N1,ChEMBL
chembl-endpoint-20260529T111633Z,CHEMBL218,CB1,pKi,Ki,CHEMBL15635,O=C(NN1CCCCCC1)c1cn(-c2ccc(Cl)cc2)c(-c2ccc(Cl)cc2Cl)n1,7.107905397309519,78.0,train,O=C(NN1CCCCCC1)c1cn(-c2ccccc2)c(-c2ccccc2)n1,ChEMBL
chembl-endpoint-20260529T111633Z,CHEMBL218,CB1,pKi,Ki,CHEMBL156556,Cc1cc(C)c(S(=O)(=O)NC(=N)N2CC(c3ccccc3)C(c3ccc(Cl)cc3)=N2)c(C)c1,7.616184634019569,24.2,train,N=C(NS(=O)(=O)c1ccccc1)N1CC(c2ccccc2)C(c2ccccc2)=N1,ChEMBL
chembl-endpoint-20260529T111633Z,CHEMBL218,CB1,pKi,Ki,CHEMBL157149,C/N=C(\NS(=O)(=O)c1ccc(C(F)(F)F)cc1)N1C[C@@H](c2ccccc2)C(c2ccc(Cl)cc2)=N1,6.533132379645891,293.0,train,N=C(NS(=O)(=O)c1ccccc1)N1C[C@@H](c2ccccc2)C(c2ccccc2)=N1,ChEMBL
chembl-endpoint-20260529T111633Z,CHEMBL218,CB1,pKi,Ki,CHEMBL157591,C/N=C(\NS(=O)(=O)c1cccc(C(F)(F)F)c1)N1CC(c2ccccc2)C(c2ccc(Cl)cc2)=N1,7.437707135543525,36.5,train,N=C(NS(=O)(=O)c1ccccc1)N1CC(c2ccccc2)C(c2ccccc2)=N1,ChEMBL
chembl-endpoint-20260529T111633Z,CHEMBL218,CB1,pKi,Ki,CHEMBL15832,O=C(NN1CC2CCCC2C1)c1nc(-c2ccc(Cl)cc2Cl)n(-c2ccc(Cl)cc2)n1,6.863279432843593,137.0,train,O=C(NN1CC2CCCC2C1)c1nc(-c2ccccc2)n(-c2ccccc2)n1,ChEMBL
chembl-endpoint-20260529T111633Z,CHEMBL218,CB1,pKi,Ki,CHEMBL15848,CCCCC/C=C\C/C=C\C/C=C\C/C=C\CCCC(=O)NCCO,6.522878745280337,300.0,train,CCCCC/C=C\C/C=C\C/C=C\C/C=C\CCCC(=O)NCCO,ChEMBL
chembl-endpoint-20260529T111633Z,CHEMBL218,CB1,pKi,Ki,CHEMBL158502,N=C(NS(=O)(=O)c1ccc(F)cc1)N1CC(c2ccccc2)C(c2ccc(Cl)cc2)=N1,7.279014255846261,52.6,train,N=C(NS(=O)(=O)c1ccccc1)N1CC(c2ccccc2)C(c2ccccc2)=N1,ChEMBL
chembl-endpoint-20260529T111633Z,CHEMBL218,CB1,pKi,Ki,CHEMBL158537,C/N=C(\NS(=O)(=O)c1cccc(Cl)c1)N1CC(c2ccccc2)C(c2ccc(Cl)cc2)=N1,7.856985199745905,13.9,train,N=C(NS(=O)(=O)c1ccccc1)N1CC(c2ccccc2)C(c2ccccc2)=N1,ChEMBL
chembl-endpoint-20260529T111633Z,CHEMBL218,CB1,pKi,Ki,CHEMBL158544,CCCCC/C=C\C/C=C\C/C=C\C/C=C\CCCC(=O)NCCC(C)C,5.730487055782084,1860.0,train,CCCCC/C=C\C/C=C\C/C=C\C/C=C\CCCC(=O)NCCC(C)C,ChEMBL
chembl-endpoint-20260529T111633Z,CHEMBL218,CB1,pKi,Ki,CHEMBL158610,COc1ccc(S(=O)(=O)NC(=N)N2CC(c3ccccc3)C(c3ccc(Cl)cc3)=N2)cc1,6.707743928643524,196.0,train,N=C(NS(=O)(=O)c1ccccc1)N1CC(c2ccccc2)C(c2ccccc2)=N1,ChEMBL
chembl-endpoint-20260529T111633Z,CHEMBL218,CB1,pKi,Ki,CHEMBL158700,C/N=C(\NC(=O)c1ccc(Cl)cc1)N1CC(c2ccccc2)C(c2ccc(Cl)cc2)=N1,7.151195298948196,70.6,train,N=C(NC(=O)c1ccccc1)N1CC(c2ccccc2)C(c2ccccc2)=N1,ChEMBL
chembl-endpoint-20260529T111633Z,CHEMBL218,CB1,pKi,Ki,CHEMBL15874,Cc1c(C(=O)NC2CCCCC2)nn(-c2ccc(Cl)cc2Cl)c1-c1ccc(Cl)cc1,7.376750709602099,42.0,train,O=C(NC1CCCCC1)c1cc(-c2ccccc2)n(-c2ccccc2)n1,ChEMBL
chembl-endpoint-20260529T111633Z,CHEMBL218,CB1,pKi,Ki,CHEMBL15877,O=C(NN1CC2CCCC2C1)c1nc(-c2ccc(Cl)cc2)n(-c2ccc(Cl)cc2Cl)n1,6.785156151952302,164.0,train,O=C(NN1CC2CCCC2C1)c1nc(-c2ccccc2)n(-c2ccccc2)n1,ChEMBL
chembl-endpoint-20260529T111633Z,CHEMBL218,CB1,pKi,Ki,CHEMBL158779,C/N=C(\NS(=O)(=O)c1ccccc1)N1CC(c2ccccc2)C(c2ccc(Cl)cc2)=N1,6.769551078621726,170.0,train,N=C(NS(=O)(=O)c1ccccc1)N1CC(c2ccccc2)C(c2ccccc2)=N1,ChEMBL
chembl-endpoint-20260529T111633Z,CHEMBL218,CB1,pKi,Ki,CHEMBL158785,C/N=C(\NS(=O)(=O)c1ccc(Cl)cc1)N1CC(c2ccc(F)cc2)C(c2ccc(Cl)cc2)=N1,6.2335871528876,584.0,train,N=C(NS(=O)(=O)c1ccccc1)N1CC(c2ccccc2)C(c2ccccc2)=N1,ChEMBL
chembl-endpoint-20260529T111633Z,CHEMBL218,CB1,pKi,Ki,CHEMBL158837,C/N=C(\NS(=O)(=O)c1ccc(Cl)cc1)N1CC(c2ccc(Cl)cc2)C(c2ccc(Cl)cc2)=N1,6.5934598195660445,255.0,train,N=C(NS(=O)(=O)c1ccccc1)N1CC(c2ccccc2)C(c2ccccc2)=N1,ChEMBL
chembl-endpoint-20260529T111633Z,CHEMBL218,CB1,pKi,Ki,CHEMBL158935,Cc1ccc(S(=O)(=O)NC(=N)N2CC(c3ccccc3)C(c3ccc(Cl)cc3)=N2)cc1,6.705533773838407,197.0,train,N=C(NS(=O)(=O)c1ccccc1)N1CC(c2ccccc2)C(c2ccccc2)=N1,ChEMBL
chembl-endpoint-20260529T111633Z,CHEMBL218,CB1,pKi,Ki,CHEMBL159201,C/N=C(\NS(=O)(=O)c1ccc(Cl)cc1)N1CC(c2ccccc2)C(c2ccc(F)cc2)=N1,6.669586226650809,214.0,train,N=C(NS(=O)(=O)c1ccccc1)N1CC(c2ccccc2)C(c2ccccc2)=N1,ChEMBL
chembl-endpoint-20260529T111633Z,CHEMBL218,CB1,pKi,Ki,CHEMBL160717,CCCCC/C=C\C/C=C\C/C=C\C/C=C\CCCC(=O)NCCCCO,6.657577319177793,220.0,train,CCCCC/C=C\C/C=C\C/C=C\C/C=C\CCCC(=O)NCCCCO,ChEMBL
chembl-endpoint-20260529T111633Z,CHEMBL218,CB1,pKi,Ki,CHEMBL160767,N=C(NS(=O)(=O)c1ccc(Cl)cc1)N1CC(c2ccccc2)C(c2ccc(Cl)cc2)=N1,7.79317412396815,16.1,train,N=C(NS(=O)(=O)c1ccccc1)N1CC(c2ccccc2)C(c2ccccc2)=N1,ChEMBL
chembl-endpoint-20260529T111633Z,CHEMBL218,CB1,pKi,Ki,CHEMBL161521,CC/C=C/C/C=C\C/C=C\C/C=C\C/C=C/CCCC(=O)NCCO,5.8326826652518236,1470.0,train,CC/C=C/C/C=C\C/C=C\C/C=C\C/C=C/CCCC(=O)NCCO,ChEMBL
chembl-endpoint-20260529T111633Z,CHEMBL218,CB1,pKi,Ki,CHEMBL16249,COc1cc(Cl)ccc1-c1nc(C(=O)NC(C)C)nn1-c1ccc(Cl)cc1Cl,6.455931955649724,350.0,train,c1ccc(-c2ncnn2-c2ccccc2)cc1,ChEMBL
chembl-endpoint-20260529T111633Z,CHEMBL218,CB1,pKi,Ki,CHEMBL2218896,CCCCCCC(C)(C)c1cc(O)c2c(c1)OC(C)(C)C1CCC(=O)CC21,8.659555885159882,2.19,train,O=C1CCC2COc3ccccc3C2C1,ChEMBL
chembl-endpoint-20260529T111633Z,CHEMBL218,CB1,pKi,Ki,CHEMBL274833,Cc1c(C(=O)c2cccc3ccccc23)c2ccccc2n1CCN1CCOCC1,6.195179321278838,638.0,train,O=C(c1cccc2ccccc12)c1cn(CCN2CCOCC2)c2ccccc12,ChEMBL
chembl-endpoint-20260529T111633Z,CHEMBL218,CB1,pKi,Ki,CHEMBL274983,CC(NC(=O)c1nc(-c2ccc(Cl)cc2Cl)n(-c2ccc(Cl)cc2)n1)c1ccc(Cl)cc1,7.180456064458132,66.0,train,O=C(NCc1ccccc1)c1nc(-c2ccccc2)n(-c2ccccc2)n1,ChEMBL
chembl-endpoint-20260529T111633Z,CHEMBL218,CB1,pKi,Ki,CHEMBL275416,COc1cc(Cl)ccc1-c1nc(C(=O)NN2CC3CCCC3C2)nn1-c1ccc(Cl)cc1Cl,6.568636235841013,270.0,train,O=C(NN1CC2CCCC2C1)c1nc(-c2ccccc2)n(-c2ccccc2)n1,ChEMBL
chembl-endpoint-20260529T111633Z,CHEMBL218,CB1,pKi,Ki,CHEMBL276312,O=C(NC1CCCCC1)c1cn(-c2ccc(Cl)cc2)c(-c2ccc(Cl)cc2Cl)n1,7.318758762624412,48.0,train,O=C(NC1CCCCC1)c1cn(-c2ccccc2)c(-c2ccccc2)n1,ChEMBL
chembl-endpoint-20260529T111633Z,CHEMBL218,CB1,pKi,Ki,CHEMBL277297,CCCCC/C=C\C/C=C\C/C=C\C/C=C\CCCC(=O)NCCCO,6.438898616350944,364.0,train,CCCCC/C=C\C/C=C\C/C=C\C/C=C\CCCC(=O)NCCCO,ChEMBL
chembl-endpoint-20260529T111633Z,CHEMBL218,CB1,pKi,Ki,CHEMBL279787,O=C(NC1CCc2ccccc21)c1nc(-c2ccc(Cl)cc2Cl)n(-c2ccc(Cl)cc2)n1,6.995678626217358,101.0,train,O=C(NC1CCc2ccccc21)c1nc(-c2ccccc2)n(-c2ccccc2)n1,ChEMBL
chembl-endpoint-20260529T111633Z,CHEMBL218,CB1,pKi,Ki,CHEMBL280454,O=C(NC1CCN(Cc2ccccc2)C1)c1nc(-c2ccc(Cl)cc2Cl)n(-c2ccc(Cl)cc2)n1,7.5376020021010435,29.0,train,O=C(NC1CCN(Cc2ccccc2)C1)c1nc(-c2ccccc2)n(-c2ccccc2)n1,ChEMBL
chembl-endpoint-20260529T111633Z,CHEMBL218,CB1,pKi,Ki,CHEMBL294472,CCCCCCC(C)(C)c1cc(O)c2c(c1)OC(C)(C)[C@H]1CC=C(C=O)C[C@H]21,7.013228265733755,97.0,train,C1=CC[C@@H]2c3ccccc3OC[C@H]2C1,ChEMBL
chembl-endpoint-20260529T111633Z,CHEMBL218,CB1,pKi,Ki,CHEMBL294591,COc1cccc2c(C(=O)NC3C(C)(C)[C@@H]4CC[C@@]3(C)C4)nn(CCN3CCOCC3)c12,7.619788758288394,24.0,train,O=C(NC1C[C@@H]2CCC1C2)c1nn(CCN2CCOCC2)c2ccccc12,ChEMBL
chembl-endpoint-20260529T111633Z,CHEMBL218,CB1,pKi,Ki,CHEMBL307627,Cc1c(CCN2CCOCC2)c2ccccc2n1C(=O)c1cccc2ccccc12,5.660946264290861,2183.0,train,O=C(c1cccc2ccccc12)n1cc(CCN2CCOCC2)c2ccccc21,ChEMBL
chembl-endpoint-20260529T111633Z,CHEMBL218,CB1,pKi,Ki,CHEMBL307887,COc1ccc2c(c1)c(CC(=O)N1CCOCC1)c(C)n2C(=O)c1ccc(F)cc1Cl,5.254144804826271,5570.0,train,O=C(Cc1cn(C(=O)c2ccccc2)c2ccccc12)N1CCOCC1,ChEMBL
chembl-endpoint-20260529T111633Z,CHEMBL218,CB1,pKi,Ki,CHEMBL308777,COc1ccc2c(c1)c(CN1CCOCC1)c(C)n2C(=O)c1cccc(Cl)c1Cl,5.473273132685365,3363.0,train,O=C(c1ccccc1)n1cc(CN2CCOCC2)c2ccccc21,ChEMBL
chembl-endpoint-20260529T111633Z,CHEMBL218,CB1,pKi,Ki,CHEMBL309553,CCCCCOc1cc(/C=C/C(=O)N[C@@H](Cc2ccc(O)cc2)C(=O)OC)ccc1OC,5.2441251443275085,5700.0,train,O=C(/C=C/c1ccccc1)NCCc1ccccc1,ChEMBL
chembl-endpoint-20260529T111633Z,CHEMBL218,CB1,pKi,Ki,CHEMBL311690,COC(=O)[C@H](Cc1ccccc1)NC(=O)c1c(C)n(CCN2CCOCC2)c2c(OC)cccc12,5.3979400086720375,4000.0,train,O=C(NCCc1ccccc1)c1cn(CCN2CCOCC2)c2ccccc12,ChEMBL
chembl-endpoint-20260529T111633Z,CHEMBL218,CB1,pKi,Ki,CHEMBL321585,CCCCC/C=C\C/C=C\C/C=C\C/C=C\CCCCCC(=O)NCCO,7.46344155742847,34.4,train,CCCCC/C=C\C/C=C\C/C=C\C/C=C\CCCCCC(=O)NCCO,ChEMBL
chembl-endpoint-20260529T111633Z,CHEMBL218,CB1,pKi,Ki,CHEMBL325389,CC1=CC[C@@H]2[C@@H](C1)c1c(O)cc(C(C)(C)C3CCCCC3)cc1OC2(C)C,9.244125144327509,0.57,train,C1=CC[C@H]2c3ccc(CC4CCCCC4)cc3OC[C@@H]2C1,ChEMBL
chembl-endpoint-20260529T111633Z,CHEMBL218,CB1,pKi,Ki,CHEMBL331838,CCCCCCC(C)(C)c1ccc2c(c1)OC(C)(C)c1ccc(CO)cc1-2,8.698970004336019,2.0,train,c1ccc2c(c1)COc1ccccc1-2,ChEMBL
chembl-endpoint-20260529T111633Z,CHEMBL218,CB1,pKi,Ki,CHEMBL336658,CC1=CC[C@@H]2[C@@H](C1)c1c(O)cc(C(C)(C)CCCCC(=O)NCc3ccc(S(N)(=O)=O)cc3)cc1OC2(C)C,7.221848749616356,60.0,train,O=C(CCCCCc1ccc2c(c1)OC[C@@H]1CC=CC[C@@H]21)NCc1ccccc1,ChEMBL
chembl-endpoint-20260529T111633Z,CHEMBL218,CB1,pKi,Ki,CHEMBL336670,CC1=CC[C@@H]2[C@@H](C1)c1c(O)cc(C(C)(C)CCCCC#N)cc1OC2(C)C,9.443697499232712,0.36,train,C1=CC[C@H]2c3ccccc3OC[C@@H]2C1,ChEMBL
chembl-endpoint-20260529T111633Z,CHEMBL218,CB1,pKi,Ki,CHEMBL337094,CC1=CC[C@@H]2[C@@H](C1)c1c(O)cc(C(C)(C)CCCC(O)C#N)cc1OC2(C)C,7.886056647693163,13.0,train,C1=CC[C@H]2c3ccccc3OC[C@@H]2C1,ChEMBL
chembl-endpoint-20260529T111633Z,CHEMBL218,CB1,pKi,Ki,CHEMBL337536,CC1=CC[C@@H]2[C@@H](C1)c1c(O)cc(C(C)(C)CCCCC(C#N)c3ccccc3)cc1OC2(C)C,8.036212172654444,9.2,train,C1=CC[C@H]2c3ccc(CCCCCCc4ccccc4)cc3OC[C@@H]2C1,ChEMBL
chembl-endpoint-20260529T111633Z,CHEMBL218,CB1,pKi,Ki,CHEMBL338455,CCCC(C)(C)c1cc(O)c2c(c1)OC(C)(C)c1ccc(C)cc1-2,7.376750709602099,42.0,train,c1ccc2c(c1)COc1ccccc1-2,ChEMBL
chembl-endpoint-20260529T111633Z,CHEMBL218,CB1,pKi,Ki,CHEMBL338484,CCCCCCCCCc1cc(O)c2c(c1)OC(C)(C)[C@@H]1CC=C(CO)C[C@@H]21,9.136677139879543,0.73,train,C1=CC[C@H]2c3ccccc3OC[C@@H]2C1,ChEMBL
chembl-endpoint-20260529T111633Z,CHEMBL218,CB1,pKi,Ki,CHEMBL344455,CC1=CC[C@@H]2[C@@H](C1)c1c(O)cc(C(C)(C)CCCCC(=O)N(C)C)cc1OC2(C)C,9.065501548756432,0.86,train,C1=CC[C@H]2c3ccccc3OC[C@@H]2C1,ChEMBL
chembl-endpoint-20260529T111633Z,CHEMBL218,CB1,pKi,Ki,CHEMBL344623,CCN(CC)C(=O)CCCCC(C)(C)c1cc(O)c2c(c1)OC(C)(C)[C@@H]1CC=C(C)C[C@@H]21,7.886056647693163,13.0,train,C1=CC[C@H]2c3ccccc3OC[C@@H]2C1,ChEMBL
chembl-endpoint-20260529T111633Z,CHEMBL218,CB1,pKi,Ki,CHEMBL345466,C/N=C(\NS(=O)(=O)c1ccc(C(F)(F)F)cc1)N1CC(c2ccccc2)C(c2ccc(Cl)cc2)=N1,6.655607726314889,221.0,train,N=C(NS(=O)(=O)c1ccccc1)N1CC(c2ccccc2)C(c2ccccc2)=N1,ChEMBL
chembl-endpoint-20260529T111633Z,CHEMBL218,CB1,pKi,Ki,CHEMBL346994,C/N=C(\NS(=O)(=O)c1ccc(Cl)cc1)N1C[C@@H](c2ccccc2)C(c2ccc(Cl)cc2)=N1,6.048662481204082,894.0,train,N=C(NS(=O)(=O)c1ccccc1)N1C[C@@H](c2ccccc2)C(c2ccccc2)=N1,ChEMBL
chembl-endpoint-20260529T111633Z,CHEMBL218,CB1,pKi,Ki,CHEMBL347454,C/N=C(\NS(=O)(=O)c1ccc(F)cc1)N1CC(c2ccccc2)C(c2ccc(Cl)cc2)=N1,6.471083299722345,338.0,train,N=C(NS(=O)(=O)c1ccccc1)N1CC(c2ccccc2)C(c2ccccc2)=N1,ChEMBL
chembl-endpoint-20260529T111633Z,CHEMBL218,CB1,pKi,Ki,CHEMBL348174,C/N=C(\NS(=O)(=O)c1c(C)cc(C)cc1C)N1CC(c2ccccc2)C(c2ccc(Cl)cc2)=N1,7.266000713461613,54.2,train,N=C(NS(=O)(=O)c1ccccc1)N1CC(c2ccccc2)C(c2ccccc2)=N1,ChEMBL
chembl-endpoint-20260529T111633Z,CHEMBL218,CB1,pKi,Ki,CHEMBL348550,C/N=C(\NS(=O)(=O)c1ccccc1Cl)N1CC(c2ccccc2)C(c2ccc(Cl)cc2)=N1,7.122628654130226,75.4,train,N=C(NS(=O)(=O)c1ccccc1)N1CC(c2ccccc2)C(c2ccccc2)=N1,ChEMBL
chembl-endpoint-20260529T111633Z,CHEMBL218,CB1,pKi,Ki,CHEMBL349771,C/N=C(\NS(=O)(=O)c1ccc(C)cc1)N1CC(c2ccccc2)C(c2ccc(Cl)cc2)=N1,6.924453038607469,119.0,train,N=C(NS(=O)(=O)c1ccccc1)N1CC(c2ccccc2)C(c2ccccc2)=N1,ChEMBL
chembl-endpoint-20260529T111633Z,CHEMBL218,CB1,pKi,Ki,CHEMBL408123,CC1=CC[C@@H]2[C@@H](C1)c1c(O)cc(Cc3ccccc3)cc1OC2(C)C,7.1700533040583645,67.6,train,C1=CC[C@H]2c3ccc(Cc4ccccc4)cc3OC[C@@H]2C1,ChEMBL
chembl-endpoint-20260529T111633Z,CHEMBL218,CB1,pKi,Ki,CHEMBL411626,CCCCCCC(C)(C)c1cc(O)c2c(c1)OC(C)(C)[C@@H]1CC=C(C)C[C@@H]21,9.080921907623926,0.83,train,C1=CC[C@H]2c3ccccc3OC[C@@H]2C1,ChEMBL
chembl-endpoint-20260529T111633Z,CHEMBL218,CB1,pKi,Ki,CHEMBL416535,O=C(c1nc(-c2ccc(Cl)cc2)n(-c2ccc(Cl)cc2Cl)n1)N1CCN(c2cccc(C(F)(F)F)c2)CC1,7.494850021680094,32.0,train,O=C(c1nc(-c2ccccc2)n(-c2ccccc2)n1)N1CCN(c2ccccc2)CC1,ChEMBL
chembl-endpoint-20260529T111633Z,CHEMBL218,CB1,pKi,Ki,CHEMBL420173,CCCCCCC(C)(C)c1cc(O)c2c(c1)OC(C)(C)c1ccc(C(=O)OC)cc1-2,7.853871964321762,14.0,train,c1ccc2c(c1)COc1ccccc1-2,ChEMBL
chembl-endpoint-20260529T111633Z,CHEMBL218,CB1,pKi,Ki,CHEMBL428693,Cc1c(C(=O)Nc2ccncc2)nn(-c2ccc(Cl)cc2Cl)c1-c1ccc(Cl)cc1,7.070581074285707,85.0,train,O=C(Nc1ccncc1)c1cc(-c2ccccc2)n(-c2ccccc2)n1,ChEMBL
chembl-endpoint-20260529T111633Z,CHEMBL218,CB1,pKi,Ki,CHEMBL429055,CCCCC/C=C\C/C=C\C/C=C\C/C=C\CCCC(=O)NCCC,8.136677139879543,7.3,train,CCCCC/C=C\C/C=C\C/C=C\C/C=C\CCCC(=O)NCCC,ChEMBL
chembl-endpoint-20260529T111633Z,CHEMBL218,CB1,pKi,Ki,CHEMBL431363,COc1cccc2c(C(=O)NC3C(C)(C)[C@@H]4CC[C@@]3(C)C4)c(C)n(CCN3CCOCC3)c12,8.096910013008056,8.0,train,O=C(NC1C[C@@H]2CCC1C2)c1cn(CCN2CCOCC2)c2ccccc12,ChEMBL
chembl-endpoint-20260529T111633Z,CHEMBL218,CB1,pKi,Ki,CHEMBL45730,O=C1NC(c2ccc(Br)cc2)(c2ccc(Br)cc2)C(=O)N1CCCO,6.986320302708807,103.2,train,O=C1NC(=O)C(c2ccccc2)(c2ccccc2)N1,ChEMBL
chembl-endpoint-20260529T111633Z,CHEMBL218,CB1,pKi,Ki,CHEMBL49407,CCCCCCCN1C(=O)NC(c2ccc(Br)cc2)(c2ccc(Br)cc2)C1=O,7.009217308196862,97.9,train,O=C1NC(=O)C(c2ccccc2)(c2ccccc2)N1,ChEMBL
chembl-endpoint-20260529T111633Z,CHEMBL218,CB1,pKi,Ki,CHEMBL50925,O=C1NC(c2ccc(Br)cc2)(c2ccc(Br)cc2)C(=O)N1CCN1CCOCC1,7.153044674980176,70.3,train,O=C1NC(c2ccccc2)(c2ccccc2)C(=O)N1CCN1CCOCC1,ChEMBL
chembl-endpoint-20260529T111633Z,CHEMBL218,CB1,pKi,Ki,CHEMBL527031,COc1cccc2c3c(=O)n([C@@H]4C(C)(C)[C@@H]5CC[C@@]4(C)C5)ccc3n(CCN3CCOCC3)c12,7.795880017344075,16.0,train,O=c1c2c3ccccc3n(CCN3CCOCC3)c2ccn1[C@@H]1C[C@@H]2CCC1C2,ChEMBL
chembl-endpoint-20260529T111633Z,CHEMBL218,CB1,pKi,Ki,CHEMBL559612,CCCCCCC(C)(C)c1ccc([C@@H]2C[C@H](O)CC[C@H]2CCCO)c(O)c1,8.2839966563652,5.2,train,c1ccc(C2CCCCC2)cc1,ChEMBL
chembl-endpoint-20260529T111633Z,CHEMBL218,CB1,pKi,Ki,CHEMBL56747,CCCCCCC(C)(C)c1cc(OC)c2c(c1)OC(C)(C)[C@@H]1CCC(=O)C[C@@H]21,6.20690839982342,621.0,train,O=C1CC[C@H]2COc3ccccc3[C@@H]2C1,ChEMBL
chembl-endpoint-20260529T111633Z,CHEMBL218,CB1,pKi,Ki,CHEMBL57367,CCCCCCC(C)(C)c1cc(OC)c2c(c1)OC(C)(C)[C@@H]1CC=C(C)C[C@@H]21,4.79997073344623,15850.0,train,C1=CC[C@H]2c3ccccc3OC[C@@H]2C1,ChEMBL
chembl-endpoint-20260529T111633Z,CHEMBL218,CB1,pKi,Ki,CHEMBL57723,CCCCCCC(C)(C)c1ccc2c(c1)OC(C)(C)[C@@H]1CC=C(C)C[C@@H]21,6.602581457648652,249.7,train,C1=CC[C@H]2c3ccccc3OC[C@@H]2C1,ChEMBL
chembl-endpoint-20260529T111633Z,CHEMBL218,CB1,pKi,Ki,CHEMBL57840,CCCCCCC(C)(C)c1cc(O)c([C@@H]2C=C(C)C3C[C@H]2C3(C)C)c(O)c1,6.455559862682308,350.3,train,C1=C[C@@H](c2ccccc2)C2CC1C2,ChEMBL
chembl-endpoint-20260529T111633Z,CHEMBL218,CB1,pKi,Ki,CHEMBL58501,CCCCCCC(C)(C)c1cc(O)c2c(c1)OC(C)(C)[C@H]1CC=C(C)C[C@H]21,7.411168274405793,38.8,train,C1=CC[C@@H]2c3ccccc3OC[C@H]2C1,ChEMBL
chembl-endpoint-20260529T111633Z,CHEMBL218,CB1,pKi,Ki,CHEMBL59540,CCCCCCC(C)(C)c1cc(O)c2c(c1)OC(C)(C)[C@@H]1CC=C(C=O)C[C@@H]21,8.649751981665837,2.24,train,C1=CC[C@H]2c3ccccc3OC[C@@H]2C1,ChEMBL
chembl-endpoint-20260529T111633Z,CHEMBL218,CB1,pKi,Ki,CHEMBL63561,COc1ccccc1Cn1ccc2c(c1=O)c1cccc(OC)c1n2CCN1CCOCC1,5.431798275933005,3700.0,train,O=c1c2c3ccccc3n(CCN3CCOCC3)c2ccn1Cc1ccccc1,ChEMBL
chembl-endpoint-20260529T111633Z,CHEMBL218,CB1,pKi,Ki,CHEMBL68288,COc1cccc2c(C(=O)NC3C(C)(C)[C@@H]4CC[C@@]3(C)C4)cn(CCN3CCOCC3)c12,6.610833915635467,245.0,train,O=C(NC1C[C@@H]2CCC1C2)c1cn(CCN2CCOCC2)c2ccccc12,ChEMBL
chembl-endpoint-20260529T111633Z,CHEMBL218,CB1,pKi,Ki,CHEMBL70625,CCCCCCC(C)(C)c1cc(O)c2c(c1)OC(C)(C)[C@@H]1CCC(CO)C[C@@H]21,9.086186147616283,0.82,train,c1ccc2c(c1)OC[C@@H]1CCCC[C@@H]21,ChEMBL
chembl-endpoint-20260529T111633Z,CHEMBL218,CB1,pKi,Ki,CHEMBL71810,CCCCCn1ccc(C(=O)c2cccc3ccccc23)c1,7.060480747381382,87.0,train,O=C(c1cc[nH]c1)c1cccc2ccccc12,ChEMBL
chembl-endpoint-20260529T111633Z,CHEMBL218,CB1,pKi,Ki,CHEMBL72163,COc1ccc2c(c1)c(CC(=O)N1CCOCC1)c(C)n2C(=O)c1c(Cl)cccc1Cl,5.592949185195749,2553.0,train,O=C(Cc1cn(C(=O)c2ccccc2)c2ccccc12)N1CCOCC1,ChEMBL
chembl-endpoint-20260529T111633Z,CHEMBL218,CB1,pKi,Ki,CHEMBL72324,COC(=O)Cc1c(C)n(C(=O)c2cccc3ccccc23)c2ccc(OC)cc12,5.336299074610352,4610.0,train,O=C(c1cccc2ccccc12)n1ccc2ccccc21,ChEMBL
chembl-endpoint-20260529T111633Z,CHEMBL218,CB1,pKi,Ki,CHEMBL72374,COc1ccc2c(c1)c(CC(=O)N1CCOCC1)c(C)n2C(=O)c1cccc(Cl)c1Cl,5.689731633367552,2043.0,train,O=C(Cc1cn(C(=O)c2ccccc2)c2ccccc12)N1CCOCC1,ChEMBL
chembl-endpoint-20260529T111633Z,CHEMBL218,CB1,pKi,Ki,CHEMBL72771,COc1ccc2c(c1)c(CCN1CCOCC1)c(C)n2C(=O)c1ccc(Cl)cc1,4.989149042626077,10253.0,train,O=C(c1ccccc1)n1cc(CCN2CCOCC2)c2ccccc21,ChEMBL
chembl-endpoint-20260529T111633Z,CHEMBL218,CB1,pKi,Ki,CHEMBL73206,Cc1c(CN2CCOCC2)c2ccccc2n1C(=O)c1cccc2ccccc12,6.05700040663396,877.0,train,O=C(c1cccc2ccccc12)n1cc(CN2CCOCC2)c2ccccc21,ChEMBL
chembl-endpoint-20260529T111633Z,CHEMBL218,CB1,pKi,Ki,CHEMBL73711,COc1ccc2c(c1)c(CCN1CCOCC1)c(C)n2C(=O)c1cccc(Cl)c1Cl,5.717377887121938,1917.0,train,O=C(c1ccccc1)n1cc(CCN2CCOCC2)c2ccccc21,ChEMBL
chembl-endpoint-20260529T111633Z,CHEMBL218,CB1,pKi,Ki,CHEMBL74415,CCCCCc1cc(O)c2c(c1)OC(C)(C)c1ccc(C)cc1-2,6.511449283499556,308.0,train,c1ccc2c(c1)COc1ccccc1-2,ChEMBL
chembl-endpoint-20260529T111633Z,CHEMBL218,CB1,pKi,Ki,CHEMBL75326,Cc1c(CCN2CCOCC2)c2ccccc2n1C(=O)c1cccc(Cl)c1Cl,5.495801081460555,3193.0,train,O=C(c1ccccc1)n1cc(CCN2CCOCC2)c2ccccc21,ChEMBL
chembl-endpoint-20260529T111633Z,CHEMBL218,CB1,pKi,Ki,CHEMBL75571,COc1ccc2c(c1)c(CC(=O)N1CCOCC1)c(C)n2C(=O)c1cccc(Cl)c1,4.774690718274137,16800.0,train,O=C(Cc1cn(C(=O)c2ccccc2)c2ccccc12)N1CCOCC1,ChEMBL
chembl-endpoint-20260529T111633Z,CHEMBL218,CB1,pKi,Ki,CHEMBL75591,CCCCC/C=C\C/C=C\C/C=C\C/C=C\CCCC(=O)NCCOC,6.187086643357144,650.0,train,CCCCC/C=C\C/C=C\C/C=C\C/C=C\CCCC(=O)NCCOC,ChEMBL
chembl-endpoint-20260529T111633Z,CHEMBL218,CB1,pKi,Ki,CHEMBL75733,COc1ccc2c(c1)c(CC(=O)N1CCOCC1)c(C)n2C(=O)c1ccccc1Cl,5.443697499232712,3600.0,train,O=C(Cc1cn(C(=O)c2ccccc2)c2ccccc12)N1CCOCC1,ChEMBL
chembl-endpoint-20260529T111633Z,CHEMBL224,5HT2A,pIC50,IC50,CHEMBL115249,CCOc1ccc(CCOC(=O)N2CCN(CCCc3ccccc3)CC2)cc1,6.008773924307505,980.0,external,O=C(OCCc1ccccc1)N1CCN(CCCc2ccccc2)CC1,ChEMBL
chembl-endpoint-20260529T111633Z,CHEMBL224,5HT2A,pIC50,IC50,CHEMBL116735,O=C(CCc1ccc(F)cc1)N1CCN(CCCC(c2ccc(F)cc2)c2ccc(F)cc2)CC1,5.987162775294828,1030.0,external,O=C(CCc1ccccc1)N1CCN(CCCC(c2ccccc2)c2ccccc2)CC1,ChEMBL
chembl-endpoint-20260529T111633Z,CHEMBL224,5HT2A,pIC50,IC50,CHEMBL141209,COC1Cc2ccccc2C2(CCN(Cc3ccccc3)CC2)O1,5.180456064458132,6600.0,external,c1ccc(CN2CCC3(CC2)OCCc2ccccc23)cc1,ChEMBL
chembl-endpoint-20260529T111633Z,CHEMBL224,5HT2A,pIC50,IC50,CHEMBL218589,Cc1ccc(C2=CC(NC(C)(C)Cc3ccccc3)=NCCN2)cc1,8.619788758288394,2.4,external,C1=C(c2ccccc2)NCCN=C1NCCc1ccccc1,ChEMBL
chembl-endpoint-20260529T111633Z,CHEMBL224,5HT2A,pIC50,IC50,CHEMBL292779,Fc1cccc(CCN2CCN(CCCc3c[nH]c4ccc(-n5cnnc5)cc34)CC2)c1,6.431798275933005,370.0,external,c1ccc(CCN2CCN(CCCc3c[nH]c4ccc(-n5cnnc5)cc34)CC2)cc1,ChEMBL
chembl-endpoint-20260529T111633Z,CHEMBL224,5HT2A,pIC50,IC50,CHEMBL313714,OC[C@H](NC1CCN(CCCc2c[nH]c3ccc(-n4cnnc4)cc23)CC1)c1ccc(F)cc1,5.958607314841775,1100.0,external,c1ccc(CNC2CCN(CCCc3c[nH]c4ccc(-n5cnnc5)cc34)CC2)cc1,ChEMBL
chembl-endpoint-20260529T111633Z,CHEMBL224,5HT2A,pIC50,IC50,CHEMBL325258,N#Cc1ccc(CCOC(=O)N2CCN(CCCc3ccccc3)CC2)cc1,6.068542129310995,854.0,external,O=C(OCCc1ccccc1)N1CCN(CCCc2ccccc2)CC1,ChEMBL
chembl-endpoint-20260529T111633Z,CHEMBL224,5HT2A,pIC50,IC50,CHEMBL364005,Cc1[nH]c2ccc(Cl)cc2c1C1=CCNCC1,6.619788758288394,240.0,external,C1=C(c2c[nH]c3ccccc23)CCNC1,ChEMBL
chembl-endpoint-20260529T111633Z,CHEMBL224,5HT2A,pIC50,IC50,CHEMBL386612,CC(C)(Cc1ccccc1)NC1=NCCNC(c2ccccc2F)=C1,8.42021640338319,3.8,external,C1=C(c2ccccc2)NCCN=C1NCCc1ccccc1,ChEMBL
chembl-endpoint-20260529T111633Z,CHEMBL224,5HT2A,pIC50,IC50,CHEMBL436513,CC(C)(NC1=NCCNC(c2ccc(F)cc2F)=C1)C1CCC1,8.853871964321762,1.4,external,C1=C(c2ccccc2)NCCN=C1NCC1CCC1,ChEMBL
chembl-endpoint-20260529T111633Z,CHEMBL224,5HT2A,pIC50,IC50,CHEMBL469149,COc1cc2c3c(c1OCc1ccccc1)-c1cc4c(cc1CC3N(C)CC2)OCO4,5.337242168318426,4600.0,external,c1ccc(COc2ccc3c4c2-c2cc5c(cc2CC4NCC3)OCO5)cc1,ChEMBL
chembl-endpoint-20260529T111633Z,CHEMBL224,5HT2A,pIC50,IC50,CHEMBL54,O=C(CCCN1CCC(O)(c2ccc(Cl)cc2)CC1)c1ccc(F)cc1,6.540607512240769,288.0,external,O=C(CCCN1CCC(c2ccccc2)CC1)c1ccccc1,ChEMBL
chembl-endpoint-20260529T111633Z,CHEMBL224,5HT2A,pIC50,IC50,CHEMBL905,CN(C)CCc1c[nH]c2ccc(Cn3cncn3)cc12,5.100000128334196,7943.28,external,c1ncn(Cc2ccc3[nH]ccc3c2)n1,ChEMBL
chembl-endpoint-20260529T111633Z,CHEMBL224,5HT2A,pIC50,IC50,CHEMBL11409,CCCN1CCN(CCCCN2C(=O)CC3(CCCC3)CC2=O)CC12COc1cccc(OC)c1C2,4.950000175844591,11220.18,scaffold_test,O=C1CC2(CCCC2)CC(=O)N1CCCCN1CCNC2(COc3ccccc3C2)C1,ChEMBL
chembl-endpoint-20260529T111633Z,CHEMBL224,5HT2A,pIC50,IC50,CHEMBL161780,CNS(=O)(=O)Cc1ccc2[nH]cc(CCN3CC[C@@H](CNCc4ccccc4)C3)c2c1,5.236572006437063,5800.0,scaffold_test,c1ccc(CNC[C@@H]2CCN(CCc3c[nH]c4ccccc34)C2)cc1,ChEMBL
chembl-endpoint-20260529T111633Z,CHEMBL224,5HT2A,pIC50,IC50,CHEMBL219215,CC1(NC2=NCCNC(c3ccc(F)cc3)=C2)CCCCC1,8.795880017344075,1.6,scaffold_test,C1=C(c2ccccc2)NCCN=C1NC1CCCCC1,ChEMBL
chembl-endpoint-20260529T111633Z,CHEMBL224,5HT2A,pIC50,IC50,CHEMBL221250,CCC1(NC2=NCCNC(c3ccc(F)cc3)=C2)CCCC1,9.096910013008056,0.8,scaffold_test,C1=C(c2ccccc2)NCCN=C1NC1CCCC1,ChEMBL
chembl-endpoint-20260529T111633Z,CHEMBL224,5HT2A,pIC50,IC50,CHEMBL310940,CN1CCN(CC2CC3c4ccccc4Cc4ccccc4N3O2)CC1,6.549997369826814,281.84,scaffold_test,c1ccc2c(c1)Cc1ccccc1N1OC(CN3CCNCC3)CC21,ChEMBL
chembl-endpoint-20260529T111633Z,CHEMBL224,5HT2A,pIC50,IC50,CHEMBL316438,c1ccc2c(c1)Cc1ccccc1N1OC(CN3CCCC3)CC21,7.599980364934842,25.12,scaffold_test,c1ccc2c(c1)Cc1ccccc1N1OC(CN3CCCC3)CC21,ChEMBL
chembl-endpoint-20260529T111633Z,CHEMBL224,5HT2A,pIC50,IC50,CHEMBL373966,CCC1(NC2=NCCNC(c3ccc(F)cc3F)=C2)CCCC1,8.958607314841775,1.1,scaffold_test,C1=C(c2ccccc2)NCCN=C1NC1CCCC1,ChEMBL
chembl-endpoint-20260529T111633Z,CHEMBL224,5HT2A,pIC50,IC50,CHEMBL386613,CCC1(NC2=NCCNC(c3ccccc3F)=C2)CCCC1,8.443697499232712,3.6,scaffold_test,C1=C(c2ccccc2)NCCN=C1NC1CCCC1,ChEMBL
chembl-endpoint-20260529T111633Z,CHEMBL224,5HT2A,pIC50,IC50,CHEMBL471663,CCCCN1CCC(COc2nc3ccsc3n3cccc23)CC1,6.779996573843064,165.96,scaffold_test,c1cc2c(OCC3CCNCC3)nc3ccsc3n2c1,ChEMBL
chembl-endpoint-20260529T111633Z,CHEMBL224,5HT2A,pIC50,IC50,CHEMBL511312,CCN1CCC(COc2nc3ccsc3n3cccc23)CC1,5.089999741487069,8128.31,scaffold_test,c1cc2c(OCC3CCNCC3)nc3ccsc3n2c1,ChEMBL
chembl-endpoint-20260529T111633Z,CHEMBL224,5HT2A,pIC50,IC50,CHEMBL66227,Fc1ccc(OC[C@@H]2CC[C@H]3CN(c4ncc(F)cn4)CCN3C2)cc1,6.823908740944319,150.0,scaffold_test,c1ccc(OC[C@@H]2CC[C@H]3CN(c4ncccn4)CCN3C2)cc1,ChEMBL
chembl-endpoint-20260529T111633Z,CHEMBL224,5HT2A,pIC50,IC50,CHEMBL79249,c1ccc2c(c1)Cc1ccccc1N1OC(CN3CCOCC3)CC21,6.850011543508524,141.25,scaffold_test,c1ccc2c(c1)Cc1ccccc1N1OC(CN3CCOCC3)CC21,ChEMBL
chembl-endpoint-20260529T111633Z,CHEMBL224,5HT2A,pIC50,IC50,CHEMBL11262,CCCN(CCC)CC1COc2cccc(OC)c2C1,4.800000052738446,15848.93,train,c1ccc2c(c1)CCCO2,ChEMBL
chembl-endpoint-20260529T111633Z,CHEMBL224,5HT2A,pIC50,IC50,CHEMBL113956,CCOc1ccc(CCNC(=O)N2CCN(CCCC(c3ccc(F)cc3)c3ccc(F)cc3)CC2)cc1,6.636388020107856,231.0,train,O=C(NCCc1ccccc1)N1CCN(CCCC(c2ccccc2)c2ccccc2)CC1,ChEMBL
chembl-endpoint-20260529T111633Z,CHEMBL224,5HT2A,pIC50,IC50,CHEMBL11425,O=C1CC2(CCCC2)CC(=O)N1CCCCNCC1COc2ccccc2C1,7.250031916490597,56.23,train,O=C1CC2(CCCC2)CC(=O)N1CCCCNCC1COc2ccccc2C1,ChEMBL
chembl-endpoint-20260529T111633Z,CHEMBL224,5HT2A,pIC50,IC50,CHEMBL11592,CCCN(CCCCN1C(=O)CC2(CCCC2)CC1=O)C1COc2cccc(OC)c2C1,6.0,1000.0,train,O=C1CC2(CCCC2)CC(=O)N1CCCCNC1COc2ccccc2C1,ChEMBL
chembl-endpoint-20260529T111633Z,CHEMBL224,5HT2A,pIC50,IC50,CHEMBL116463,N#Cc1ccc(CCOC(=O)NC2CCN(CCCC(c3ccc(F)cc3)c3ccc(F)cc3)CC2)cc1,6.165579296318468,683.0,train,O=C(NC1CCN(CCCC(c2ccccc2)c2ccccc2)CC1)OCCc1ccccc1,ChEMBL
chembl-endpoint-20260529T111633Z,CHEMBL224,5HT2A,pIC50,IC50,CHEMBL117537,O=C(CCCc1ccccc1)N1CCN(CCCC(c2ccc(F)cc2)c2ccc(F)cc2)CC1,6.022276394711152,950.0,train,O=C(CCCc1ccccc1)N1CCN(CCCC(c2ccccc2)c2ccccc2)CC1,ChEMBL
chembl-endpoint-20260529T111633Z,CHEMBL224,5HT2A,pIC50,IC50,CHEMBL128,CNS(=O)(=O)Cc1ccc2[nH]cc(CCN(C)C)c2c1,5.100000128334196,7943.28,train,c1ccc2[nH]ccc2c1,ChEMBL
chembl-endpoint-20260529T111633Z,CHEMBL224,5HT2A,pIC50,IC50,CHEMBL131482,CC1SC2(CCCC2)C(=O)N1CCCCN1CCN(c2csc3cc(F)ccc23)CC1,8.096910013008056,8.0,train,O=C1N(CCCCN2CCN(c3csc4ccccc34)CC2)CSC12CCCC2,ChEMBL
chembl-endpoint-20260529T111633Z,CHEMBL224,5HT2A,pIC50,IC50,CHEMBL138458,COC1Cc2ccccc2C2(CCN(CCCc3ccccc3)CC2)O1,6.337242168318426,460.0,train,c1ccc(CCCN2CCC3(CC2)OCCc2ccccc23)cc1,ChEMBL
chembl-endpoint-20260529T111633Z,CHEMBL224,5HT2A,pIC50,IC50,CHEMBL14460,Cc1cc2c(cc1C(F)(F)F)N(C(=O)Nc1ccc(Oc3cccnc3C)nc1)CC2,7.489454989793388,32.4,train,O=C(Nc1ccc(Oc2cccnc2)nc1)N1CCc2ccccc21,ChEMBL
chembl-endpoint-20260529T111633Z,CHEMBL224,5HT2A,pIC50,IC50,CHEMBL159483,O=C1N[C@@H](Cc2ccc3[nH]cc(CCN4CC[C@@H](CNCc5ccccc5)C4)c3c2)CO1,5.522878745280337,3000.0,train,O=C1N[C@@H](Cc2ccc3[nH]cc(CCN4CC[C@@H](CNCc5ccccc5)C4)c3c2)CO1,ChEMBL
chembl-endpoint-20260529T111633Z,CHEMBL224,5HT2A,pIC50,IC50,CHEMBL160070,C[C@H](NC[C@@H]1CCN(CCc2c[nH]c3ccc(C[C@H]4COC(=O)N4)cc23)C1)c1ccccc1,5.657577319177793,2200.0,train,O=C1N[C@@H](Cc2ccc3[nH]cc(CCN4CC[C@@H](CNCc5ccccc5)C4)c3c2)CO1,ChEMBL
chembl-endpoint-20260529T111633Z,CHEMBL224,5HT2A,pIC50,IC50,CHEMBL179993,CCN(C(=O)Cc1ccc(S(=O)(=O)N(C)C)cc1)C1CCN(CCC(c2ccccc2)c2ccccc2)CC1,6.096910013008056,800.0,train,O=C(Cc1ccccc1)NC1CCN(CCC(c2ccccc2)c2ccccc2)CC1,ChEMBL
chembl-endpoint-20260529T111633Z,CHEMBL224,5HT2A,pIC50,IC50,CHEMBL184717,Cc1cc(N2CCN(C)CC2)nc2ccc(NC(=O)COc3ccc(Cl)cc3)cc12,5.661543506395395,2180.0,train,O=C(COc1ccccc1)Nc1ccc2nc(N3CCNCC3)ccc2c1,ChEMBL
chembl-endpoint-20260529T111633Z,CHEMBL224,5HT2A,pIC50,IC50,CHEMBL189118,Cc1cc(N(C)CCN(C)C)nc2ccc(NC(=O)/C=C/c3ccc(OC(F)(F)F)cc3)cc12,5.721246399047171,1900.0,train,O=C(/C=C/c1ccccc1)Nc1ccc2ncccc2c1,ChEMBL
chembl-endpoint-20260529T111633Z,CHEMBL224,5HT2A,pIC50,IC50,CHEMBL194837,Cc1cc(OCCN(C)C)nc2ccc(NC(=O)COc3ccc(Cl)cc3Cl)cc12,9.214670164989233,0.61,train,O=C(COc1ccccc1)Nc1ccc2ncccc2c1,ChEMBL
chembl-endpoint-20260529T111633Z,CHEMBL224,5HT2A,pIC50,IC50,CHEMBL21343,CCN(CC)C(=O)[C@@H]1C=C2c3cccc4[nH]cc(c34)C[C@H]2NC1,8.221848749616356,6.0,train,C1=C2c3cccc4[nH]cc(c34)C[C@H]2NCC1,ChEMBL
chembl-endpoint-20260529T111633Z,CHEMBL224,5HT2A,pIC50,IC50,CHEMBL218206,Cc1ccc(C2=CC(NC(C)(C)C)=NCCN2)c(C)c1,7.1487416512809245,71.0,train,C1=NCCNC(c2ccccc2)=C1,ChEMBL
chembl-endpoint-20260529T111633Z,CHEMBL224,5HT2A,pIC50,IC50,CHEMBL218343,CC(C)(C)NC1=NCCNC(c2cccc(C(F)(F)F)c2)=C1,6.289036881004725,514.0,train,C1=NCCNC(c2ccccc2)=C1,ChEMBL
chembl-endpoint-20260529T111633Z,CHEMBL224,5HT2A,pIC50,IC50,CHEMBL218479,CCC(C)(CC)NC1=NCCNC(c2ccccc2F)=C1,7.838631997765025,14.5,train,C1=NCCNC(c2ccccc2)=C1,ChEMBL
chembl-endpoint-20260529T111633Z,CHEMBL224,5HT2A,pIC50,IC50,CHEMBL218587,CCC(CC)(CC)NC1=NCCNC(c2ccc(F)cc2F)=C1,8.431798275933005,3.7,train,C1=NCCNC(c2ccccc2)=C1,ChEMBL
chembl-endpoint-20260529T111633Z,CHEMBL224,5HT2A,pIC50,IC50,CHEMBL218592,CC(C)(C)NC1=NCCNC(c2ccc(F)cc2)=C1,7.6777807052660805,21.0,train,C1=NCCNC(c2ccccc2)=C1,ChEMBL
chembl-endpoint-20260529T111633Z,CHEMBL224,5HT2A,pIC50,IC50,CHEMBL219265,CCC(C)(CC)NC1=NCCNC(c2ccc(F)cc2)=C1,8.823908740944319,1.5,train,C1=NCCNC(c2ccccc2)=C1,ChEMBL
chembl-endpoint-20260529T111633Z,CHEMBL224,5HT2A,pIC50,IC50,CHEMBL219267,Cc1ccc(C2=CC(NC(C)(C)C)=NCCN2)c(F)c1,7.853871964321762,14.0,train,C1=NCCNC(c2ccccc2)=C1,ChEMBL
chembl-endpoint-20260529T111633Z,CHEMBL224,5HT2A,pIC50,IC50,CHEMBL221297,CC(C)(C)NC1=NCCNC(c2ccc(F)cc2F)=C1,7.958607314841775,11.0,train,C1=NCCNC(c2ccccc2)=C1,ChEMBL
chembl-endpoint-20260529T111633Z,CHEMBL224,5HT2A,pIC50,IC50,CHEMBL221305,CCC(C)(CC)NC1=NCCNC(c2ccc(C)cc2)=C1,7.826813731587726,14.9,train,C1=NCCNC(c2ccccc2)=C1,ChEMBL
chembl-endpoint-20260529T111633Z,CHEMBL224,5HT2A,pIC50,IC50,CHEMBL221387,CC(C)(C)NC1=NCCNC(c2ccccc2)=C1,7.455931955649724,35.0,train,C1=NCCNC(c2ccccc2)=C1,ChEMBL
chembl-endpoint-20260529T111633Z,CHEMBL224,5HT2A,pIC50,IC50,CHEMBL222320,CC(C)(C)NC1=NCCNC(c2ccccc2F)=C1,7.7447274948966935,18.0,train,C1=NCCNC(c2ccccc2)=C1,ChEMBL
chembl-endpoint-20260529T111633Z,CHEMBL224,5HT2A,pIC50,IC50,CHEMBL249854,CC(=O)c1sc(NC(=O)N[C@@H]2CN(C(C)=O)CC[C@H]2CN2CCC[C@@H](Cc3ccc(F)cc3)C2)nc1C,5.275724130399211,5300.0,train,O=C(Nc1nccs1)N[C@@H]1CNCC[C@H]1CN1CCC[C@@H](Cc2ccccc2)C1,ChEMBL
chembl-endpoint-20260529T111633Z,CHEMBL224,5HT2A,pIC50,IC50,CHEMBL250689,CC(=O)c1cccc(NC(=O)N[C@@H]2CCCC[C@H]2CN2CCC[C@@H](Cc3ccc(F)cc3)C2)c1,6.036212172654444,920.0,train,O=C(Nc1ccccc1)N[C@@H]1CCCC[C@H]1CN1CCC[C@@H](Cc2ccccc2)C1,ChEMBL
chembl-endpoint-20260529T111633Z,CHEMBL224,5HT2A,pIC50,IC50,CHEMBL250699,COc1cc(NC(=O)c2ccc(-c3ccc(Cl)cc3)o2)cc(OC)c1,5.522878745280337,3000.0,train,O=C(Nc1ccccc1)c1ccc(-c2ccccc2)o1,ChEMBL
chembl-endpoint-20260529T111633Z,CHEMBL224,5HT2A,pIC50,IC50,CHEMBL257423,CN(C)Cc1ccccc1Oc1ccc(Cl)cc1,5.703334809738469,1980.0,train,c1ccc(Oc2ccccc2)cc1,ChEMBL
chembl-endpoint-20260529T111633Z,CHEMBL224,5HT2A,pIC50,IC50,CHEMBL259199,CCOc1ccccc1N1CCN(CCCC(=O)NCc2nc3cc(F)ccc3c(=O)n2-c2ccc(OC)cc2)CC1,5.6777807052660805,2100.0,train,O=C(CCCN1CCN(c2ccccc2)CC1)NCc1nc2ccccc2c(=O)n1-c1ccccc1,ChEMBL
chembl-endpoint-20260529T111633Z,CHEMBL224,5HT2A,pIC50,IC50,CHEMBL259415,Cc1cccc(N2CCN(CCCC(=O)NCc3nc4ccccc4c(=O)n3-c3ccccc3)CC2)c1C,5.958607314841775,1100.0,train,O=C(CCCN1CCN(c2ccccc2)CC1)NCc1nc2ccccc2c(=O)n1-c1ccccc1,ChEMBL
chembl-endpoint-20260529T111633Z,CHEMBL224,5HT2A,pIC50,IC50,CHEMBL261019,O=C(CCCN1CCN(c2cccc(C(F)(F)F)c2)CC1)NCc1nc2cc(F)ccc2c(=O)n1-c1ccccc1,6.2076083105017466,620.0,train,O=C(CCCN1CCN(c2ccccc2)CC1)NCc1nc2ccccc2c(=O)n1-c1ccccc1,ChEMBL
chembl-endpoint-20260529T111633Z,CHEMBL224,5HT2A,pIC50,IC50,CHEMBL261102,Cc1cccc(N2CCN(CCCC(=O)NCc3nc4cc(F)ccc4c(=O)n3-c3ccccc3)CC2)c1C,5.769551078621726,1700.0,train,O=C(CCCN1CCN(c2ccccc2)CC1)NCc1nc2ccccc2c(=O)n1-c1ccccc1,ChEMBL
chembl-endpoint-20260529T111633Z,CHEMBL224,5HT2A,pIC50,IC50,CHEMBL261434,Cc1cccc(N2CCN(CCCC(=O)NCc3nc4ccc(F)cc4c(=O)n3-c3ccccc3)CC2)c1C,6.376750709602099,420.0,train,O=C(CCCN1CCN(c2ccccc2)CC1)NCc1nc2ccccc2c(=O)n1-c1ccccc1,ChEMBL
chembl-endpoint-20260529T111633Z,CHEMBL224,5HT2A,pIC50,IC50,CHEMBL267615,CCc1[nH]c2ccc(OC)cc2c1CCN(C)C,6.2076083105017466,620.0,train,c1ccc2[nH]ccc2c1,ChEMBL
chembl-endpoint-20260529T111633Z,CHEMBL224,5HT2A,pIC50,IC50,CHEMBL275481,CCCN1CCN(Cc2ccccc2)CC12COc1cccc(OC)c1C2,4.609999985082743,24547.09,train,c1ccc(CN2CCNC3(COc4ccccc4C3)C2)cc1,ChEMBL
chembl-endpoint-20260529T111633Z,CHEMBL224,5HT2A,pIC50,IC50,CHEMBL277120,c1ccc2c(N3CCNCC3)cccc2c1,7.2076083105017466,62.0,train,c1ccc2c(N3CCNCC3)cccc2c1,ChEMBL
chembl-endpoint-20260529T111633Z,CHEMBL224,5HT2A,pIC50,IC50,CHEMBL297446,COc1cccc(NC(=O)NCCCN2CCCC(CCc3ccccc3)C2)c1,6.104025267640935,787.0,train,O=C(NCCCN1CCCC(CCc2ccccc2)C1)Nc1ccccc1,ChEMBL
chembl-endpoint-20260529T111633Z,CHEMBL224,5HT2A,pIC50,IC50,CHEMBL310018,CN(C)CCCC1CC2c3ccccc3Cc3ccccc3N2O1,8.410050398674292,3.89,train,c1ccc2c(c1)Cc1ccccc1N1OCCC21,ChEMBL
chembl-endpoint-20260529T111633Z,CHEMBL224,5HT2A,pIC50,IC50,CHEMBL310183,CN(C)CC1CC2c3ccccc3Oc3ccc(Cl)cc3N2O1,8.720105019988361,1.905,train,c1ccc2c(c1)Oc1ccccc1N1OCCC21,ChEMBL
chembl-endpoint-20260529T111633Z,CHEMBL224,5HT2A,pIC50,IC50,CHEMBL313189,CN(C)CCC1CC2c3ccccc3Cc3ccccc3N2O1,7.0400051616715835,91.2,train,c1ccc2c(c1)Cc1ccccc1N1OCCC21,ChEMBL
chembl-endpoint-20260529T111633Z,CHEMBL224,5HT2A,pIC50,IC50,CHEMBL313604,CN(C)CC1CC2c3ccccc3Cc3cccc(Cl)c3N2O1,7.489991487059766,32.36,train,c1ccc2c(c1)Cc1ccccc1N1OCCC21,ChEMBL
chembl-endpoint-20260529T111633Z,CHEMBL224,5HT2A,pIC50,IC50,CHEMBL314107,CN(C)CC1CC2c3cc(F)ccc3Cc3ccc(F)cc3N2O1,7.969805214643249,10.72,train,c1ccc2c(c1)Cc1ccccc1N1OCCC21,ChEMBL
chembl-endpoint-20260529T111633Z,CHEMBL224,5HT2A,pIC50,IC50,CHEMBL314795,Cc1cccc2c1C1CC(CN(C)C)ON1c1ccccc1C2,7.320027305722581,47.86,train,c1ccc2c(c1)Cc1ccccc1N1OCCC21,ChEMBL
chembl-endpoint-20260529T111633Z,CHEMBL224,5HT2A,pIC50,IC50,CHEMBL314885,CN(C)CC1CC2c3cc(F)ccc3Cc3ccccc3N2O1,7.270025714300444,53.7,train,c1ccc2c(c1)Cc1ccccc1N1OCCC21,ChEMBL
chembl-endpoint-20260529T111633Z,CHEMBL224,5HT2A,pIC50,IC50,CHEMBL315044,COc1ccc2c(c1)C1CC(CN(C)C)ON1c1ccccc1C2,6.519993057042849,302.0,train,c1ccc2c(c1)Cc1ccccc1N1OCCC21,ChEMBL
chembl-endpoint-20260529T111633Z,CHEMBL224,5HT2A,pIC50,IC50,CHEMBL315308,CN(C)CC1CC2c3ccccc3Cc3ccc(-c4ccccc4)cc3N2O1,7.64994590642097,22.39,train,c1ccc(-c2ccc3c(c2)N2OCCC2c2ccccc2C3)cc1,ChEMBL
chembl-endpoint-20260529T111633Z,CHEMBL224,5HT2A,pIC50,IC50,CHEMBL315772,CN(C)CC1CC2c3ccccc3Cc3ccc(Cl)cc3N2O1,8.460046158343603,3.467,train,c1ccc2c(c1)Cc1ccccc1N1OCCC21,ChEMBL
chembl-endpoint-20260529T111633Z,CHEMBL224,5HT2A,pIC50,IC50,CHEMBL315834,CN(C)CC1CC2c3ccccc3Cc3c(F)cccc3N2O1,7.619969752032169,23.99,train,c1ccc2c(c1)Cc1ccccc1N1OCCC21,ChEMBL
chembl-endpoint-20260529T111633Z,CHEMBL224,5HT2A,pIC50,IC50,CHEMBL325516,O=C(OCCc1ccc(F)cc1)N1CCN(CCCC(c2ccc(F)cc2)c2ccc(F)cc2)CC1,5.97469413473523,1060.0,train,O=C(OCCc1ccccc1)N1CCN(CCCC(c2ccccc2)c2ccccc2)CC1,ChEMBL
chembl-endpoint-20260529T111633Z,CHEMBL224,5HT2A,pIC50,IC50,CHEMBL326263,N#Cc1ccc(CCOC(=O)N2CCN(CCCC(c3ccc(F)cc3)c3ccc(F)cc3)CC2)cc1,6.145693958198919,715.0,train,O=C(OCCc1ccccc1)N1CCN(CCCC(c2ccccc2)c2ccccc2)CC1,ChEMBL
chembl-endpoint-20260529T111633Z,CHEMBL224,5HT2A,pIC50,IC50,CHEMBL331077,CN(C)CC1CC2c3ccccc3Cc3ccncc3N2O1,6.409994580348671,389.05,train,c1ccc2c(c1)Cc1ccncc1N1OCCC21,ChEMBL
chembl-endpoint-20260529T111633Z,CHEMBL224,5HT2A,pIC50,IC50,CHEMBL35226,CCCN1CCC(COc2nc3ccccc3c3c2CCCN3)CC1,5.301029995663981,5000.0,train,c1ccc2c3c(c(OCC4CCNCC4)nc2c1)CCCN3,ChEMBL
chembl-endpoint-20260529T111633Z,CHEMBL224,5HT2A,pIC50,IC50,CHEMBL373389,COc1ccc(C2=CC(NC(C)(C)C)=NCCN2)cc1,6.272458742971444,534.0,train,C1=NCCNC(c2ccccc2)=C1,ChEMBL
chembl-endpoint-20260529T111633Z,CHEMBL224,5HT2A,pIC50,IC50,CHEMBL374874,CC(C)(C)NC1=NCCNC(c2ccc(C#N)cc2)=C1,5.552841968657781,2800.0,train,C1=NCCNC(c2ccccc2)=C1,ChEMBL
chembl-endpoint-20260529T111633Z,CHEMBL224,5HT2A,pIC50,IC50,CHEMBL375369,Cc1ccc(C2=CC(NC(C)(C)C)=NCCN2)cc1,7.958607314841775,11.0,train,C1=NCCNC(c2ccccc2)=C1,ChEMBL
chembl-endpoint-20260529T111633Z,CHEMBL224,5HT2A,pIC50,IC50,CHEMBL376753,CC(C)(C)NC1=NCCNC(c2ccccc2Cl)=C1,7.119186407719209,76.0,train,C1=NCCNC(c2ccccc2)=C1,ChEMBL
chembl-endpoint-20260529T111633Z,CHEMBL224,5HT2A,pIC50,IC50,CHEMBL383530,O=S(=O)(c1cccc(F)c1)N1CCC(CCc2ccc(F)cc2F)CC1,6.496209316942819,319.0,train,O=S(=O)(c1ccccc1)N1CCC(CCc2ccccc2)CC1,ChEMBL
chembl-endpoint-20260529T111633Z,CHEMBL224,5HT2A,pIC50,IC50,CHEMBL406221,CCOc1ccccc1N1CCN(CCCC(=O)NCc2nc3ccc(F)cc3c(=O)n2-c2ccc(OC)cc2)CC1,5.102372908709558,7900.0,train,O=C(CCCN1CCN(c2ccccc2)CC1)NCc1nc2ccccc2c(=O)n1-c1ccccc1,ChEMBL
chembl-endpoint-20260529T111633Z,CHEMBL224,5HT2A,pIC50,IC50,CHEMBL416336,CCCN(CCC)CC1(N(CCC)CCC)COc2cccc(OC)c2C1,3.669999997867538,213796.21,train,c1ccc2c(c1)CCCO2,ChEMBL
chembl-endpoint-20260529T111633Z,CHEMBL224,5HT2A,pIC50,IC50,CHEMBL416523,COc1cccc2c1CC(CNCCCCN1C(=O)CC3(CCCC3)CC1=O)CO2,7.309981219211305,48.98,train,O=C1CC2(CCCC2)CC(=O)N1CCCCNCC1COc2ccccc2C1,ChEMBL
chembl-endpoint-20260529T111633Z,CHEMBL224,5HT2A,pIC50,IC50,CHEMBL417608,CCCN(CCCCN1C(=O)CC2(CCCC2)CC1=O)CC1COc2cccc(OC)c2C1,5.110000065251387,7762.47,train,O=C1CC2(CCCC2)CC(=O)N1CCCCNCC1COc2ccccc2C1,ChEMBL
chembl-endpoint-20260529T111633Z,CHEMBL224,5HT2A,pIC50,IC50,CHEMBL42,CN1CCN(C2=Nc3cc(Cl)ccc3Nc3ccccc32)CC1,7.920818753952375,12.0,train,c1ccc2c(c1)N=C(N1CCNCC1)c1ccccc1N2,ChEMBL
chembl-endpoint-20260529T111633Z,CHEMBL224,5HT2A,pIC50,IC50,CHEMBL420965,c1ccc(CNC[C@@H]2CCN(CCc3c[nH]c4ccc(-n5cnnc5)cc34)C2)cc1,5.356547323513812,4400.0,train,c1ccc(CNC[C@@H]2CCN(CCc3c[nH]c4ccc(-n5cnnc5)cc34)C2)cc1,ChEMBL
chembl-endpoint-20260529T111633Z,CHEMBL224,5HT2A,pIC50,IC50,CHEMBL426712,Cc1ccccc1C1=CC(NC(C)(C)C)=NCCN1,6.950781977329818,112.0,train,C1=NCCNC(c2ccccc2)=C1,ChEMBL
chembl-endpoint-20260529T111633Z,CHEMBL224,5HT2A,pIC50,IC50,CHEMBL427518,COc1ccc(S(=O)(=O)NCCCN2CCN(c3ccccc3OC)CC2)cc1,5.286677495012972,5168.0,train,O=S(=O)(NCCCN1CCN(c2ccccc2)CC1)c1ccccc1,ChEMBL
chembl-endpoint-20260529T111633Z,CHEMBL224,5HT2A,pIC50,IC50,CHEMBL437147,CC(C)(C)CNC1=NCCNC(c2ccccc2F)=C1,5.8195873671616765,1515.0,train,C1=NCCNC(c2ccccc2)=C1,ChEMBL
chembl-endpoint-20260529T111633Z,CHEMBL224,5HT2A,pIC50,IC50,CHEMBL438755,CCCN1CCN(CCC)C2(COc3cccc(OC)c3C2)C1,5.0,10000.0,train,c1ccc2c(c1)CC1(CNCCN1)CO2,ChEMBL
chembl-endpoint-20260529T111633Z,CHEMBL224,5HT2A,pIC50,IC50,CHEMBL442923,CNCc1cc(F)ccc1Oc1ccc(F)c(Cl)c1,6.2403321553103694,575.0,train,c1ccc(Oc2ccccc2)cc1,ChEMBL
chembl-endpoint-20260529T111633Z,CHEMBL224,5HT2A,pIC50,IC50,CHEMBL443922,CN(C)Cc1ccccc1Oc1ccc(Cl)c(Cl)c1,6.841637507904751,144.0,train,c1ccc(Oc2ccccc2)cc1,ChEMBL
chembl-endpoint-20260529T111633Z,CHEMBL224,5HT2A,pIC50,IC50,CHEMBL444203,CNC(C)c1cc(F)ccc1Oc1ccc(Cl)cc1,6.686132779630847,206.0,train,c1ccc(Oc2ccccc2)cc1,ChEMBL
chembl-endpoint-20260529T111633Z,CHEMBL224,5HT2A,pIC50,IC50,CHEMBL445754,CNCc1ccc(Cl)cc1Oc1ccc(Cl)c(F)c1,7.235823867609669,58.1,train,c1ccc(Oc2ccccc2)cc1,ChEMBL
chembl-endpoint-20260529T111633Z,CHEMBL224,5HT2A,pIC50,IC50,CHEMBL447733,CN(C)Cc1ccccc1Oc1ccc(F)c(F)c1,6.0,1000.0,train,c1ccc(Oc2ccccc2)cc1,ChEMBL
chembl-endpoint-20260529T111633Z,CHEMBL224,5HT2A,pIC50,IC50,CHEMBL447864,CNCc1ccc(Cl)cc1Oc1ccc(C)cc1,8.928117992693874,1.18,train,c1ccc(Oc2ccccc2)cc1,ChEMBL
chembl-endpoint-20260529T111633Z,CHEMBL224,5HT2A,pIC50,IC50,CHEMBL448461,CNCc1cc(F)ccc1Oc1ccc(Cl)c(F)c1,5.696803942579511,2010.0,train,c1ccc(Oc2ccccc2)cc1,ChEMBL
chembl-endpoint-20260529T111633Z,CHEMBL224,5HT2A,pIC50,IC50,CHEMBL449048,CNCc1ccc(Cl)cc1Oc1cccc(Cl)c1,7.313363730737707,48.6,train,c1ccc(Oc2ccccc2)cc1,ChEMBL
chembl-endpoint-20260529T111633Z,CHEMBL224,5HT2A,pIC50,IC50,CHEMBL449542,CCc1cc(Oc2cc(Cl)ccc2CNC)ccc1Cl,7.326979092871103,47.1,train,c1ccc(Oc2ccccc2)cc1,ChEMBL
chembl-endpoint-20260529T111633Z,CHEMBL224,5HT2A,pIC50,IC50,CHEMBL450714,CSc1ccc(Oc2ccccc2CN(C)C)cc1,6.33913452199613,458.0,train,c1ccc(Oc2ccccc2)cc1,ChEMBL
chembl-endpoint-20260529T111633Z,CHEMBL224,5HT2A,pIC50,IC50,CHEMBL451076,CNCc1cc(C#N)ccc1Oc1ccc(Cl)c(Cl)c1,5.497572880015567,3180.0,train,c1ccc(Oc2ccccc2)cc1,ChEMBL
chembl-endpoint-20260529T111633Z,CHEMBL224,5HT2A,pIC50,IC50,CHEMBL451137,CNCc1ccc(Br)cc1Oc1ccc(Cl)c(Cl)c1,7.175223537524454,66.8,train,c1ccc(Oc2ccccc2)cc1,ChEMBL
chembl-endpoint-20260529T111633Z,CHEMBL224,5HT2A,pIC50,IC50,CHEMBL451178,CN(C)Cc1cc(CC(N)=O)ccc1Oc1ccc(Cl)c(Cl)c1,5.649751981665837,2240.0,train,c1ccc(Oc2ccccc2)cc1,ChEMBL
chembl-endpoint-20260529T111633Z,CHEMBL224,5HT2A,pIC50,IC50,CHEMBL451330,CNCc1ccc(Cl)cc1Oc1ccc(C)c(Cl)c1,8.040481623027002,9.11,train,c1ccc(Oc2ccccc2)cc1,ChEMBL
chembl-endpoint-20260529T111633Z,CHEMBL224,5HT2A,pIC50,IC50,CHEMBL452091,CNCc1ccc(Cl)cc1Oc1ccc(Cl)c(C)c1,8.043831569524636,9.04,train,c1ccc(Oc2ccccc2)cc1,ChEMBL
chembl-endpoint-20260529T111633Z,CHEMBL224,5HT2A,pIC50,IC50,CHEMBL453630,CNC(C)c1cc(C(F)(F)F)ccc1Oc1ccc(Cl)c(Cl)c1,6.536107011014093,291.0,train,c1ccc(Oc2ccccc2)cc1,ChEMBL
chembl-endpoint-20260529T111633Z,CHEMBL224,5HT2A,pIC50,IC50,CHEMBL453631,CNC(C)c1cc(C)ccc1Oc1ccc(Cl)c(Cl)c1,6.764471553092451,172.0,train,c1ccc(Oc2ccccc2)cc1,ChEMBL
chembl-endpoint-20260529T111633Z,CHEMBL224,5HT2A,pIC50,IC50,CHEMBL453879,CNCc1ccc(Cl)cc1Oc1ccc(F)c(Cl)c1,7.215382707367125,60.9,train,c1ccc(Oc2ccccc2)cc1,ChEMBL
chembl-endpoint-20260529T111633Z,CHEMBL224,5HT2A,pIC50,IC50,CHEMBL453880,CNCc1ccc(Cl)cc1Oc1ccc(F)c(C(F)(F)F)c1,7.31069114087638,48.9,train,c1ccc(Oc2ccccc2)cc1,ChEMBL
chembl-endpoint-20260529T111633Z,CHEMBL224,5HT2A,pIC50,IC50,CHEMBL454288,Cc1ccc(Oc2ccccc2CN(C)C)cc1,7.129596094720973,74.2,train,c1ccc(Oc2ccccc2)cc1,ChEMBL
chembl-endpoint-20260529T111633Z,CHEMBL224,5HT2A,pIC50,IC50,CHEMBL454656,CNCc1cc(F)ccc1Oc1ccc(-c2ccccc2)cc1,6.422508200162775,378.0,train,c1ccc(Oc2ccc(-c3ccccc3)cc2)cc1,ChEMBL
chembl-endpoint-20260529T111633Z,CHEMBL224,5HT2A,pIC50,IC50,CHEMBL454657,CNCc1cc(F)c(OC)cc1Oc1ccc(Cl)c(Cl)c1,7.127261172527331,74.6,train,c1ccc(Oc2ccccc2)cc1,ChEMBL
chembl-endpoint-20260529T111633Z,CHEMBL224,5HT2A,pIC50,IC50,CHEMBL455184,CNCc1ccc(Cl)cc1Oc1ccc(F)c(C)c1,7.482804102050026,32.9,train,c1ccc(Oc2ccccc2)cc1,ChEMBL
chembl-endpoint-20260529T111633Z,CHEMBL224,5HT2A,pIC50,IC50,CHEMBL455423,COc1ccc(CN(C)C)c(Oc2ccc(Cl)c(Cl)c2)c1,7.434152181326482,36.8,train,c1ccc(Oc2ccccc2)cc1,ChEMBL
chembl-endpoint-20260529T111633Z,CHEMBL224,5HT2A,pIC50,IC50,CHEMBL455424,CNCc1cc(S(=O)(=O)NC)ccc1Oc1ccc(Cl)c(Cl)c1,5.254144804826271,5570.0,train,c1ccc(Oc2ccccc2)cc1,ChEMBL
chembl-endpoint-20260529T111633Z,CHEMBL224,5HT2A,pIC50,IC50,CHEMBL455425,CNCc1cc(C)c(C)cc1Oc1ccc(Cl)c(Cl)c1,7.100179497572904,79.4,train,c1ccc(Oc2ccccc2)cc1,ChEMBL
chembl-endpoint-20260529T111633Z,CHEMBL224,5HT2A,pIC50,IC50,CHEMBL455426,CNCc1cc(C(N)=O)ccc1Oc1ccc(Cl)c(Cl)c1,5.809668301829708,1550.0,train,c1ccc(Oc2ccccc2)cc1,ChEMBL
chembl-endpoint-20260529T111633Z,CHEMBL224,5HT2A,pIC50,IC50,CHEMBL455511,Cc1ccc(Oc2ccc(Cl)c(Cl)c2)c(CN(C)C)c1,6.424812155072339,376.0,train,c1ccc(Oc2ccccc2)cc1,ChEMBL
chembl-endpoint-20260529T111633Z,CHEMBL224,5HT2A,pIC50,IC50,CHEMBL455675,CNCc1cc(F)c(Cl)cc1Oc1ccc(Cl)c(Cl)c1,6.638272163982407,230.0,train,c1ccc(Oc2ccccc2)cc1,ChEMBL
chembl-endpoint-20260529T111633Z,CHEMBL224,5HT2A,pIC50,IC50,CHEMBL461631,CNC(C)c1ccc(Cl)cc1Oc1ccc(C)cc1,8.450996737974211,3.54,train,c1ccc(Oc2ccccc2)cc1,ChEMBL
chembl-endpoint-20260529T111633Z,CHEMBL224,5HT2A,pIC50,IC50,CHEMBL462225,CNCc1cc(Cl)ccc1Oc1ccc(C)c(C)c1,7.292429823902063,51.0,train,c1ccc(Oc2ccccc2)cc1,ChEMBL
chembl-endpoint-20260529T111633Z,CHEMBL224,5HT2A,pIC50,IC50,CHEMBL462226,CNCc1cc(Cl)ccc1Oc1ccc(Cl)cc1,7.044793462458058,90.2,train,c1ccc(Oc2ccccc2)cc1,ChEMBL
chembl-endpoint-20260529T111633Z,CHEMBL224,5HT2A,pIC50,IC50,CHEMBL462387,CNCc1ccc(Cl)cc1Oc1ccc(Cl)cc1,8.18111458540599,6.59,train,c1ccc(Oc2ccccc2)cc1,ChEMBL
chembl-endpoint-20260529T111633Z,CHEMBL224,5HT2A,pIC50,IC50,CHEMBL472388,CNCc1cc(C(F)(F)F)ccc1Oc1ccc(C)cc1,7.459670525209126,34.7,train,c1ccc(Oc2ccccc2)cc1,ChEMBL
chembl-endpoint-20260529T111633Z,CHEMBL224,5HT2A,pIC50,IC50,CHEMBL472389,CNCc1cc(F)ccc1Oc1ccccc1,6.173925197299173,670.0,train,c1ccc(Oc2ccccc2)cc1,ChEMBL
chembl-endpoint-20260529T111633Z,CHEMBL224,5HT2A,pIC50,IC50,CHEMBL475121,CNCc1ccc(Cl)cc1Oc1ccc(C)c(C)c1,8.465973893943865,3.42,train,c1ccc(Oc2ccccc2)cc1,ChEMBL
chembl-endpoint-20260529T111633Z,CHEMBL224,5HT2A,pIC50,IC50,CHEMBL487053,CC(c1ccccc1Oc1ccc(Cl)c(Cl)c1)N(C)C,7.056505484093897,87.8,train,c1ccc(Oc2ccccc2)cc1,ChEMBL
chembl-endpoint-20260529T111633Z,CHEMBL224,5HT2A,pIC50,IC50,CHEMBL487188,CNCc1cc(OC)c(OC)cc1Oc1ccc(Cl)c(Cl)c1,6.603800652904264,249.0,train,c1ccc(Oc2ccccc2)cc1,ChEMBL
chembl-endpoint-20260529T111633Z,CHEMBL224,5HT2A,pIC50,IC50,CHEMBL487221,CNC(C)c1ccccc1Oc1ccc(Cl)c(Cl)c1,6.421360790031928,379.0,train,c1ccc(Oc2ccccc2)cc1,ChEMBL
chembl-endpoint-20260529T111633Z,CHEMBL224,5HT2A,pIC50,IC50,CHEMBL487222,CNC(C)c1ccccc1Oc1ccc(Cl)cc1,6.747146969020107,179.0,train,c1ccc(Oc2ccccc2)cc1,ChEMBL
chembl-endpoint-20260529T111633Z,CHEMBL224,5HT2A,pIC50,IC50,CHEMBL487223,CNCc1ccc(F)cc1Oc1ccc(Cl)c(Cl)c1,6.186419011431808,651.0,train,c1ccc(Oc2ccccc2)cc1,ChEMBL
chembl-endpoint-20260529T111633Z,CHEMBL224,5HT2A,pIC50,IC50,CHEMBL488021,CNCc1cc(F)ccc1Oc1ccc(C)c(C)c1,7.280668713016273,52.4,train,c1ccc(Oc2ccccc2)cc1,ChEMBL
chembl-endpoint-20260529T111633Z,CHEMBL224,5HT2A,pIC50,IC50,CHEMBL488060,CNCc1cc(F)ccc1Oc1ccc(Cl)c(Cl)c1,6.686132779630847,206.0,train,c1ccc(Oc2ccccc2)cc1,ChEMBL
chembl-endpoint-20260529T111633Z,CHEMBL224,5HT2A,pIC50,IC50,CHEMBL488069,CN(C)Cc1ccc(C(F)(F)F)cc1Oc1ccc(Cl)c(Cl)c1,7.3819519032879075,41.5,train,c1ccc(Oc2ccccc2)cc1,ChEMBL
chembl-endpoint-20260529T111633Z,CHEMBL224,5HT2A,pIC50,IC50,CHEMBL488241,CNCc1ccccc1Oc1ccc(C)c(C)c1,7.1778319206319825,66.4,train,c1ccc(Oc2ccccc2)cc1,ChEMBL
chembl-endpoint-20260529T111633Z,CHEMBL224,5HT2A,pIC50,IC50,CHEMBL488242,CNCc1ccccc1Oc1ccc(Cl)cc1,5.978810700930062,1050.0,train,c1ccc(Oc2ccccc2)cc1,ChEMBL
chembl-endpoint-20260529T111633Z,CHEMBL224,5HT2A,pIC50,IC50,CHEMBL488260,CNCc1ccc(C(F)(F)F)cc1Oc1ccc(Cl)c(Cl)c1,6.441291429466834,362.0,train,c1ccc(Oc2ccccc2)cc1,ChEMBL
chembl-endpoint-20260529T111633Z,CHEMBL224,5HT2A,pIC50,IC50,CHEMBL488261,CNCc1ccc(Cl)cc1Oc1ccc(Cl)c(Cl)c1,7.048176964684088,89.5,train,c1ccc(Oc2ccccc2)cc1,ChEMBL
chembl-endpoint-20260529T111633Z,CHEMBL224,5HT2A,pIC50,IC50,CHEMBL488434,CNCc1cc(F)ccc1Oc1ccc(Cl)cc1,6.305394801066432,495.0,train,c1ccc(Oc2ccccc2)cc1,ChEMBL
chembl-endpoint-20260529T111633Z,CHEMBL224,5HT2A,pIC50,IC50,CHEMBL488435,CNCc1cc(Br)ccc1Oc1ccc(Cl)c(Cl)c1,6.104025267640935,787.0,train,c1ccc(Oc2ccccc2)cc1,ChEMBL
chembl-endpoint-20260529T111633Z,CHEMBL224,5HT2A,pIC50,IC50,CHEMBL488437,CNC(C)c1cc(F)ccc1Oc1ccc(Cl)c(Cl)c1,6.521433504406157,301.0,train,c1ccc(Oc2ccccc2)cc1,ChEMBL
chembl-endpoint-20260529T111633Z,CHEMBL224,5HT2A,pIC50,IC50,CHEMBL488911,CN(C)Cc1cc(N)ccc1Oc1ccc(Cl)c(Cl)c1,6.140261433802853,724.0,train,c1ccc(Oc2ccccc2)cc1,ChEMBL
chembl-endpoint-20260529T111633Z,CHEMBL224,5HT2A,pIC50,IC50,CHEMBL488912,CNCc1ccccc1Oc1ccc(Cl)c(Cl)c1,6.142064735280571,721.0,train,c1ccc(Oc2ccccc2)cc1,ChEMBL
chembl-endpoint-20260529T111633Z,CHEMBL224,5HT2A,pIC50,IC50,CHEMBL493625,COc1ccc(S(=O)(=O)NCCCN2CCN(c3cccc(C(F)(F)F)c3)CC2)cc1,6.453457336521869,352.0,train,O=S(=O)(NCCCN1CCN(c2ccccc2)CC1)c1ccccc1,ChEMBL
chembl-endpoint-20260529T111633Z,CHEMBL224,5HT2A,pIC50,IC50,CHEMBL493816,COc1ccc(S(=O)(=O)NCCCN2CCN(c3ccc(F)cc3)CC2)cc1,7.130768280269024,74.0,train,O=S(=O)(NCCCN1CCN(c2ccccc2)CC1)c1ccccc1,ChEMBL
chembl-endpoint-20260529T111633Z,CHEMBL224,5HT2A,pIC50,IC50,CHEMBL495212,O=S(=O)(NCCCN1CCN(c2ccc(Cl)c(Cl)c2)CC1)c1ccc2ccccc2c1,7.721246399047171,19.0,train,O=S(=O)(NCCCN1CCN(c2ccccc2)CC1)c1ccc2ccccc2c1,ChEMBL
chembl-endpoint-20260529T111633Z,CHEMBL224,5HT2A,pIC50,IC50,CHEMBL495250,COc1ccc(S(=O)(=O)NC(C)CCN2CCN(c3cccc(C(F)(F)F)c3)CC2)cc1,5.738975166007602,1824.0,train,O=S(=O)(NCCCN1CCN(c2ccccc2)CC1)c1ccccc1,ChEMBL
chembl-endpoint-20260529T111633Z,CHEMBL224,5HT2A,pIC50,IC50,CHEMBL495678,O=S(=O)(NCCCN1CCN(c2cccc(C(F)(F)F)c2)CC1)c1ccc2ccccc2c1,7.022276394711152,95.0,train,O=S(=O)(NCCCN1CCN(c2ccccc2)CC1)c1ccc2ccccc2c1,ChEMBL
chembl-endpoint-20260529T111633Z,CHEMBL224,5HT2A,pIC50,IC50,CHEMBL497749,COc1ccccc1N1CCN(CCCNS(=O)(=O)c2ccc3ccccc3c2)CC1,7.070581074285707,85.0,train,O=S(=O)(NCCCN1CCN(c2ccccc2)CC1)c1ccc2ccccc2c1,ChEMBL
chembl-endpoint-20260529T111633Z,CHEMBL224,5HT2A,pIC50,IC50,CHEMBL500329,CNCc1ccc(OC)cc1Oc1ccc(Cl)c(Cl)c1,6.978810700930062,105.0,train,c1ccc(Oc2ccccc2)cc1,ChEMBL
chembl-endpoint-20260529T111633Z,CHEMBL224,5HT2A,pIC50,IC50,CHEMBL505091,CNCc1cc(Cl)ccc1Oc1ccc(Cl)c(Cl)c1,6.367542707815276,429.0,train,c1ccc(Oc2ccccc2)cc1,ChEMBL
chembl-endpoint-20260529T111633Z,CHEMBL224,5HT2A,pIC50,IC50,CHEMBL507075,CNCc1ccc(C(F)(F)F)cc1Oc1ccc(Cl)cc1,6.489454989793388,324.0,train,c1ccc(Oc2ccccc2)cc1,ChEMBL
chembl-endpoint-20260529T111633Z,CHEMBL224,5HT2A,pIC50,IC50,CHEMBL507721,CCc1cc(Oc2ccc(F)cc2CNC)ccc1Cl,6.562249437179612,274.0,train,c1ccc(Oc2ccccc2)cc1,ChEMBL
chembl-endpoint-20260529T111633Z,CHEMBL224,5HT2A,pIC50,IC50,CHEMBL507884,CNCc1cc(C(F)(F)F)ccc1Oc1ccc(Cl)c(Cl)c1,5.7447274948966935,1800.0,train,c1ccc(Oc2ccccc2)cc1,ChEMBL
chembl-endpoint-20260529T111633Z,CHEMBL224,5HT2A,pIC50,IC50,CHEMBL508192,CNC(C)c1ccccc1Oc1ccc(C)cc1,7.258848401148215,55.1,train,c1ccc(Oc2ccccc2)cc1,ChEMBL
chembl-endpoint-20260529T111633Z,CHEMBL224,5HT2A,pIC50,IC50,CHEMBL51,O=C(c1ccc(F)cc1)C1CCN(CCn2c(=O)[nH]c3ccccc3c2=O)CC1,8.602059991327963,2.5,train,O=C(c1ccccc1)C1CCN(CCn2c(=O)[nH]c3ccccc3c2=O)CC1,ChEMBL
chembl-endpoint-20260529T111633Z,CHEMBL224,5HT2A,pIC50,IC50,CHEMBL510435,CNCc1ccc(C#N)cc1Oc1ccc(Cl)c(Cl)c1,6.501689446210399,315.0,train,c1ccc(Oc2ccccc2)cc1,ChEMBL
chembl-endpoint-20260529T111633Z,CHEMBL224,5HT2A,pIC50,IC50,CHEMBL513629,CNC(C)c1ccc(Cl)cc1Oc1ccc(C)c(C)c1,8.16621562534352,6.82,train,c1ccc(Oc2ccccc2)cc1,ChEMBL
chembl-endpoint-20260529T111633Z,CHEMBL224,5HT2A,pIC50,IC50,CHEMBL515170,CC[C@@H]1O[C@](/C=C/C2CC2)(C(F)(F)F)c2c(ccc(F)c2F)NC1=O,4.823908740944319,15000.0,train,O=C1COC(/C=C/C2CC2)c2ccccc2N1,ChEMBL
chembl-endpoint-20260529T111633Z,CHEMBL224,5HT2A,pIC50,IC50,CHEMBL527094,CNC(C)c1ccc(OC)cc1Oc1ccc(Cl)c(Cl)c1,7.055517327849832,88.0,train,c1ccc(Oc2ccccc2)cc1,ChEMBL
chembl-endpoint-20260529T111633Z,CHEMBL224,5HT2A,pIC50,IC50,CHEMBL529660,CNCc1cc(OC)ccc1Oc1ccc(Cl)c(Cl)c1,5.838631997765025,1450.0,train,c1ccc(Oc2ccccc2)cc1,ChEMBL
chembl-endpoint-20260529T111633Z,CHEMBL224,5HT2A,pIC50,IC50,CHEMBL54786,O=C1Cc2cc(CCN3CCN(c4cccc5ccccc45)CC3)ccc2N1,7.698970004336019,20.0,train,O=C1Cc2cc(CCN3CCN(c4cccc5ccccc45)CC3)ccc2N1,ChEMBL
chembl-endpoint-20260529T111633Z,CHEMBL224,5HT2A,pIC50,IC50,CHEMBL565552,CN(C)CCn1cc(S(=O)(=O)c2cccc3ccccc23)c2cccnc21,6.027797161620936,938.0,train,O=S(=O)(c1cccc2ccccc12)c1c[nH]c2ncccc12,ChEMBL
chembl-endpoint-20260529T111633Z,CHEMBL224,5HT2A,pIC50,IC50,CHEMBL565745,NCCn1cc(S(=O)(=O)c2cccc(Cl)c2)c2cccnc21,7.958607314841775,11.0,train,O=S(=O)(c1ccccc1)c1c[nH]c2ncccc12,ChEMBL
chembl-endpoint-20260529T111633Z,CHEMBL224,5HT2A,pIC50,IC50,CHEMBL569475,Cn1ncc(Br)c1-c1cc(NC(=O)Nc2ccc(Cl)cc2)ccc1OCCN1CCCC1,8.721246399047171,1.9,train,O=C(Nc1ccccc1)Nc1ccc(OCCN2CCCC2)c(-c2ccn[nH]2)c1,ChEMBL
chembl-endpoint-20260529T111633Z,CHEMBL224,5HT2A,pIC50,IC50,CHEMBL571858,CN(C)CCn1cc(S(=O)(=O)c2cccc(F)c2)c2cccnc21,6.454692883534176,351.0,train,O=S(=O)(c1ccccc1)c1c[nH]c2ncccc12,ChEMBL
chembl-endpoint-20260529T111633Z,CHEMBL224,5HT2A,pIC50,IC50,CHEMBL584046,CN(C)CCn1cc(S(=O)(=O)c2cccc(Cl)c2)c2cccnc21,6.882728704344236,131.0,train,O=S(=O)(c1ccccc1)c1c[nH]c2ncccc12,ChEMBL
chembl-endpoint-20260529T111633Z,CHEMBL224,5HT2A,pIC50,IC50,CHEMBL584554,CCN(CC)C(=O)[C@@H]1C=C2c3cccc4[nH]cc(c34)C[C@H]2N(C(=O)Nc2ccccc2)C1,6.1249387366083,750.0,train,O=C(Nc1ccccc1)N1CCC=C2c3cccc4[nH]cc(c34)C[C@H]21,ChEMBL
chembl-endpoint-20260529T111633Z,CHEMBL224,5HT2A,pIC50,IC50,CHEMBL6437,CN1CCN2c3ccccc3Cc3ccccc3C2C1,7.980053318321158,10.47,train,c1ccc2c(c1)Cc1ccccc1N1CCNCC21,ChEMBL
chembl-endpoint-20260529T111633Z,CHEMBL224,5HT2A,pIC50,IC50,CHEMBL708,O=C1Cc2cc(CCN3CCN(c4nsc5ccccc45)CC3)c(Cl)cc2N1,9.3767507096021,0.42,train,O=C1Cc2cc(CCN3CCN(c4nsc5ccccc45)CC3)ccc2N1,ChEMBL
chembl-endpoint-20260529T111633Z,CHEMBL224,5HT2A,pIC50,IC50,CHEMBL715,Cc1cc2c(s1)Nc1ccccc1N=C2N1CCN(C)CC1,8.045757490560675,9.0,train,c1ccc2c(c1)N=C(N1CCNCC1)c1ccsc1N2,ChEMBL
chembl-endpoint-20260529T111633Z,CHEMBL224,5HT2A,pIC50,IC50,CHEMBL79834,O=C1NCN(c2ccccc2)C12CCN(CCCOc1ccc(F)cc1)CC2,9.500038134403809,0.3162,train,O=C1NCN(c2ccccc2)C12CCN(CCCOc1ccccc1)CC2,ChEMBL
chembl-endpoint-20260529T111633Z,CHEMBL224,5HT2A,pIC50,IC50,CHEMBL80093,CC(C)NC(=O)N(C1CCCCCCC1)C1CCN(CCCOc2ccc(F)cc2)CC1,7.100015437450609,79.43,train,c1ccc(OCCCN2CCC(NC3CCCCCCC3)CC2)cc1,ChEMBL
chembl-endpoint-20260529T111633Z,CHEMBL224,5HT2A,pIC50,IC50,CHEMBL81377,CCC(=O)N(C1CCCCCCC1)C1CCN(CCCOc2ccc(F)cc2)CC1,7.899974269892137,12.59,train,c1ccc(OCCCN2CCC(NC3CCCCCCC3)CC2)cc1,ChEMBL
chembl-endpoint-20260529T111633Z,CHEMBL224,5HT2A,pIC50,IC50,CHEMBL81485,CNCC1CC2c3ccccc3Cc3ccccc3N2O1,7.880084589742009,13.18,train,c1ccc2c(c1)Cc1ccccc1N1OCCC21,ChEMBL
chembl-endpoint-20260529T111633Z,CHEMBL224,5HT2A,pIC50,IC50,CHEMBL82635,Cc1cccc2c1Cc1ccccc1C1CC(CN(C)C)ON21,7.0400051616715835,91.2,train,c1ccc2c(c1)Cc1ccccc1N1OCCC21,ChEMBL
chembl-endpoint-20260529T111633Z,CHEMBL224,5HT2A,pIC50,IC50,CHEMBL82714,CN(C)CC1(C)CC2c3ccccc3Cc3ccccc3N2O1,7.2400301424456925,57.54,train,c1ccc2c(c1)Cc1ccccc1N1OCCC21,ChEMBL
chembl-endpoint-20260529T111633Z,CHEMBL224,5HT2A,pIC50,IC50,CHEMBL82966,CN(C)CC1CC2c3cccc(F)c3Cc3ccccc3N2O1,7.50003813440381,31.62,train,c1ccc2c(c1)Cc1ccccc1N1OCCC21,ChEMBL
chembl-endpoint-20260529T111633Z,CHEMBL224,5HT2A,pIC50,IC50,CHEMBL83073,CN(C)CC1CC2c3cccc(C(F)(F)F)c3Cc3ccccc3N2O1,6.0,1000.0,train,c1ccc2c(c1)Cc1ccccc1N1OCCC21,ChEMBL
chembl-endpoint-20260529T111633Z,CHEMBL224,5HT2A,pIC50,IC50,CHEMBL83658,CN(C)CC1CC2c3ccccc3Cc3ccccc3N2O1,7.6399749108106025,22.91,train,c1ccc2c(c1)Cc1ccccc1N1OCCC21,ChEMBL
chembl-endpoint-20260529T111633Z,CHEMBL224,5HT2A,pIC50,IC50,CHEMBL83731,NCC1CC2c3ccccc3Cc3ccccc3N2O1,7.79997073344623,15.85,train,c1ccc2c(c1)Cc1ccccc1N1OCCC21,ChEMBL
chembl-endpoint-20260529T111633Z,CHEMBL224,5HT2A,pIC50,IC50,CHEMBL84081,CN(C)CC1CC2c3ccccc3Cc3cc(F)ccc3N2O1,8.160019442321657,6.918,train,c1ccc2c(c1)Cc1ccccc1N1OCCC21,ChEMBL
chembl-endpoint-20260529T111633Z,CHEMBL224,5HT2A,pIC50,IC50,CHEMBL84293,CCN(CC)CC1CC2c3ccccc3Cc3ccccc3N2O1,7.36997914888659,42.66,train,c1ccc2c(c1)Cc1ccccc1N1OCCC21,ChEMBL
chembl-endpoint-20260529T111633Z,CHEMBL224,5HT2A,pIC50,IC50,CHEMBL84810,CN(C)CC1CC2c3c(cccc3C(F)(F)F)Cc3ccccc3N2O1,7.169989064063882,67.61,train,c1ccc2c(c1)Cc1ccccc1N1OCCC21,ChEMBL
chembl-endpoint-20260529T111633Z,CHEMBL224,5HT2A,pIC50,IC50,CHEMBL84931,CN(C)CC1CC2c3ccccc3Cc3ccc(F)cc3N2O1,8.940058111938045,1.148,train,c1ccc2c(c1)Cc1ccccc1N1OCCC21,ChEMBL
chembl-endpoint-20260529T111633Z,CHEMBL224,5HT2A,pIC50,IC50,CHEMBL85155,Cc1ccc2c(c1)Cc1ccccc1N1OC(CN(C)C)CC21,7.980053318321158,10.47,train,c1ccc2c(c1)Cc1ccccc1N1OCCC21,ChEMBL
chembl-endpoint-20260529T111633Z,CHEMBL224,5HT2A,pIC50,IC50,CHEMBL85735,Cc1ccc2c(c1)N1OC(CN(C)C)CC1c1ccccc1C2,8.510041520575164,3.09,train,c1ccc2c(c1)Cc1ccccc1N1OCCC21,ChEMBL
chembl-endpoint-20260529T111633Z,CHEMBL224,5HT2A,pIC50,IC50,CHEMBL89934,CC1SC(C)(C)C(=O)N1CCCCN1CCN(c2csc3cc(F)ccc23)CC1,7.769551078621726,17.0,train,O=C1CSCN1CCCCN1CCN(c2csc3ccccc23)CC1,ChEMBL
chembl-endpoint-20260529T111633Z,CHEMBL224,5HT2A,pKi,Ki,CHEMBL14563,Cc1cc2c(cc1Cl)N(C(=O)Nc1ccc(Oc3cccnc3C)nc1)CC2,6.799998134593398,158.49,external,O=C(Nc1ccc(Oc2cccnc2)nc1)N1CCc2ccccc21,ChEMBL
chembl-endpoint-20260529T111633Z,CHEMBL224,5HT2A,pKi,Ki,CHEMBL282971,COc1ccc(NS(=O)(=O)c2sc3ccc(Cl)cc3c2C)cc1N1CCN2CCC[C@@H]2C1,5.899998417198648,1258.93,external,O=S(=O)(Nc1cccc(N2CCN3CCC[C@@H]3C2)c1)c1cc2ccccc2s1,ChEMBL
chembl-endpoint-20260529T111633Z,CHEMBL224,5HT2A,pKi,Ki,CHEMBL293760,COc1ccc2[nH]cc(CCNCc3ccc([N+](=O)[O-])cc3)c2c1,5.370590400897281,4260.0,external,c1ccc(CNCCc2c[nH]c3ccccc23)cc1,ChEMBL
chembl-endpoint-20260529T111633Z,CHEMBL224,5HT2A,pKi,Ki,CHEMBL293932,COc1ccc2[nH]cc(CCNCc3ccc(Cl)cc3)c2c1,6.247951552180561,565.0,external,c1ccc(CNCCc2c[nH]c3ccccc23)cc1,ChEMBL
chembl-endpoint-20260529T111633Z,CHEMBL224,5HT2A,pKi,Ki,CHEMBL294216,COc1ccc2[nH]cc(CCNCc3ccc(C)cc3)c2c1,6.958607314841775,110.0,external,c1ccc(CNCCc2c[nH]c3ccccc23)cc1,ChEMBL
chembl-endpoint-20260529T111633Z,CHEMBL224,5HT2A,pKi,Ki,CHEMBL294490,COc1ccc2[nH]cc(CCNCc3ccc(I)cc3)c2c1,6.3979400086720375,400.0,external,c1ccc(CNCCc2c[nH]c3ccccc23)cc1,ChEMBL
chembl-endpoint-20260529T111633Z,CHEMBL224,5HT2A,pKi,Ki,CHEMBL297784,Cn1ccc2cc3c(cc21)CCN3C(=O)Nc1cccnc1,5.700000503883016,1995.26,external,O=C(Nc1cccnc1)N1CCc2cc3[nH]ccc3cc21,ChEMBL
chembl-endpoint-20260529T111633Z,CHEMBL224,5HT2A,pKi,Ki,CHEMBL299044,COc1cc(CCN2CCCCC2)c(OC)cc1Br,6.048176964684088,895.0,external,c1ccc(CCN2CCCCC2)cc1,ChEMBL
chembl-endpoint-20260529T111633Z,CHEMBL224,5HT2A,pKi,Ki,CHEMBL310734,O=C(CCCN1CCN(CC2CC(=O)c3ccccc3C2)CC1)c1ccc(F)cc1,6.9399824574684,114.82,external,O=C(CCCN1CCN(CC2CC(=O)c3ccccc3C2)CC1)c1ccccc1,ChEMBL
chembl-endpoint-20260529T111633Z,CHEMBL224,5HT2A,pKi,Ki,CHEMBL39,NCCc1c[nH]c2ccc(O)cc12,7.853871964321762,14.0,external,c1ccc2[nH]ccc2c1,ChEMBL
chembl-endpoint-20260529T111633Z,CHEMBL224,5HT2A,pKi,Ki,CHEMBL415906,NCC1c2ccccc2-c2ccccc21,5.347753658996677,4490.0,external,c1ccc2c(c1)Cc1ccccc1-2,ChEMBL
chembl-endpoint-20260529T111633Z,CHEMBL224,5HT2A,pKi,Ki,CHEMBL417957,COc1ccc(CNCCc2c[nH]c3ccc(OC)cc23)cc1,7.0,100.0,external,c1ccc(CNCCc2c[nH]c3ccccc23)cc1,ChEMBL
chembl-endpoint-20260529T111633Z,CHEMBL224,5HT2A,pKi,Ki,CHEMBL433485,COc1ccc2[nH]cc(CCNCc3ccc(F)cc3)c2c1,6.318758762624412,480.0,external,c1ccc(CNCCc2c[nH]c3ccccc23)cc1,ChEMBL
chembl-endpoint-20260529T111633Z,CHEMBL224,5HT2A,pKi,Ki,CHEMBL45244,Cc1cccc(C(=O)NCN2CCN(c3ccccc3C#N)CC2)c1,5.396855627379818,4010.0,external,O=C(NCN1CCN(c2ccccc2)CC1)c1ccccc1,ChEMBL
chembl-endpoint-20260529T111633Z,CHEMBL224,5HT2A,pKi,Ki,CHEMBL46788,NCC1Cc2ccccc2-c2ccccc21,6.148130399270234,711.0,external,c1ccc2c(c1)CCc1ccccc1-2,ChEMBL
chembl-endpoint-20260529T111633Z,CHEMBL224,5HT2A,pKi,Ki,CHEMBL516,CN1CCC(=C2c3ccccc3C=Cc3ccccc32)CC1,8.795880017344075,1.6,external,C1=Cc2ccccc2C(=C2CCNCC2)c2ccccc21,ChEMBL
chembl-endpoint-20260529T111633Z,CHEMBL224,5HT2A,pKi,Ki,CHEMBL57427,COc1ccc2[nH]cc(CCNCc3ccc(Br)cc3)c2c1,8.2839966563652,5.2,external,c1ccc(CNCCc2c[nH]c3ccccc23)cc1,ChEMBL
chembl-endpoint-20260529T111633Z,CHEMBL224,5HT2A,pKi,Ki,CHEMBL57888,CCNCCc1c[nH]c2ccc(OC)cc12,6.031517051446065,930.0,external,c1ccc2[nH]ccc2c1,ChEMBL
chembl-endpoint-20260529T111633Z,CHEMBL224,5HT2A,pKi,Ki,CHEMBL58083,COc1ccc2[nH]cc(CCNCc3ccccc3)c2c1,7.259637310505756,55.0,external,c1ccc(CNCCc2c[nH]c3ccccc23)cc1,ChEMBL
chembl-endpoint-20260529T111633Z,CHEMBL224,5HT2A,pKi,Ki,CHEMBL58556,COc1cc(CCNCCCc2ccccc2)c(OC)cc1Br,7.075720713938118,84.0,external,c1ccc(CCCNCCc2ccccc2)cc1,ChEMBL
chembl-endpoint-20260529T111633Z,CHEMBL224,5HT2A,pKi,Ki,CHEMBL58579,CNCCc1c[nH]c2ccc(OC)cc12,6.346787486224656,450.0,external,c1ccc2[nH]ccc2c1,ChEMBL
chembl-endpoint-20260529T111633Z,CHEMBL224,5HT2A,pKi,Ki,CHEMBL58845,COc1ccc2[nH]cc(CCNCc3ccc(N)cc3)c2c1,6.323306390375134,475.0,external,c1ccc(CNCCc2c[nH]c3ccccc23)cc1,ChEMBL
chembl-endpoint-20260529T111633Z,CHEMBL224,5HT2A,pKi,Ki,CHEMBL7257,COc1ccc2[nH]cc(CCN(C)C)c2c1,6.2076083105017466,620.0,external,c1ccc2[nH]ccc2c1,ChEMBL
chembl-endpoint-20260529T111633Z,CHEMBL224,5HT2A,pKi,Ki,CHEMBL76781,C[C@H](N)Cn1ccc2cc(F)c(Cl)cc21,7.42021640338319,38.0,external,c1ccc2[nH]ccc2c1,ChEMBL
chembl-endpoint-20260529T111633Z,CHEMBL224,5HT2A,pKi,Ki,CHEMBL8165,COc1ccc2[nH]cc(CCN)c2c1,6.522878745280337,300.0,external,c1ccc2[nH]ccc2c1,ChEMBL
chembl-endpoint-20260529T111633Z,CHEMBL224,5HT2A,pKi,Ki,CHEMBL92337,OCCN1CCN(CC2C[C@@H]3c4ccccc4Cc4ccccc4[C@H]3O2)CC1,7.062983892535186,86.5,external,c1ccc2c(c1)Cc1ccccc1[C@H]1OC(CN3CCNCC3)C[C@H]21,ChEMBL
chembl-endpoint-20260529T111633Z,CHEMBL224,5HT2A,pKi,Ki,CHEMBL97450,CCCCCCCCCOc1ccc2[nH]cc(CCN)c2c1,6.585026652029182,260.0,external,c1ccc2[nH]ccc2c1,ChEMBL
chembl-endpoint-20260529T111633Z,CHEMBL224,5HT2A,pKi,Ki,CHEMBL164471,O=C1c2ccoc2CCC1CCN1CCC(c2noc3cc(F)ccc23)CC1,9.14002155835798,0.7244,scaffold_test,O=C1c2ccoc2CCC1CCN1CCC(c2noc3ccccc23)CC1,ChEMBL
chembl-endpoint-20260529T111633Z,CHEMBL224,5HT2A,pKi,Ki,CHEMBL166366,Nc1ccccc1C(=O)CCCN1CC[C@@H]2[C@H](C1)c1cccc3c1N2CCO3,7.924453038607469,11.9,scaffold_test,O=C(CCCN1CC[C@@H]2[C@H](C1)c1cccc3c1N2CCO3)c1ccccc1,ChEMBL
chembl-endpoint-20260529T111633Z,CHEMBL224,5HT2A,pKi,Ki,CHEMBL20791,Cc1nc(-c2ccc(-c3ccc(C(=O)Nc4ccc5c(c4)N(CCN(C)C)CCO5)cc3)c(C)c2)no1,8.400007822415901,3.981,scaffold_test,O=C(Nc1ccc2c(c1)NCCO2)c1ccc(-c2ccc(-c3ncon3)cc2)cc1,ChEMBL
chembl-endpoint-20260529T111633Z,CHEMBL224,5HT2A,pKi,Ki,CHEMBL292759,COc1ccc(NS(=O)(=O)c2ccc(Br)cc2)cc1N1CCN(C)CC1,5.899998417198648,1258.93,scaffold_test,O=S(=O)(Nc1cccc(N2CCNCC2)c1)c1ccccc1,ChEMBL
chembl-endpoint-20260529T111633Z,CHEMBL224,5HT2A,pKi,Ki,CHEMBL292821,COc1cc(CCN)c(OC)cc1Br,7.468521082957745,34.0,scaffold_test,c1ccccc1,ChEMBL
chembl-endpoint-20260529T111633Z,CHEMBL224,5HT2A,pKi,Ki,CHEMBL295814,NCC12CC(c3ccccc31)c1ccccc12,5.168770306132936,6780.0,scaffold_test,c1ccc2c(c1)C1CC2c2ccccc21,ChEMBL
chembl-endpoint-20260529T111633Z,CHEMBL224,5HT2A,pKi,Ki,CHEMBL316068,CN1CCN(CC2C[C@@H]3c4ccccc4Sc4ccccc4[C@H]3O2)CC1,7.761953896871205,17.3,scaffold_test,c1ccc2c(c1)Sc1ccccc1[C@H]1OC(CN3CCNCC3)C[C@H]21,ChEMBL
chembl-endpoint-20260529T111633Z,CHEMBL224,5HT2A,pKi,Ki,CHEMBL349057,Nc1cc(F)ccc1C(=O)CCCN1CC[C@@H]2[C@H](C1)c1cccc3c1N2CCO3,8.55284196865778,2.8,scaffold_test,O=C(CCCN1CC[C@@H]2[C@H](C1)c1cccc3c1N2CCO3)c1ccccc1,ChEMBL
chembl-endpoint-20260529T111633Z,CHEMBL224,5HT2A,pKi,Ki,CHEMBL44819,NCC1c2ccccc2CCc2ccccc21,6.950781977329818,112.0,scaffold_test,c1ccc2c(c1)CCc1ccccc1C2,ChEMBL
chembl-endpoint-20260529T111633Z,CHEMBL224,5HT2A,pKi,Ki,CHEMBL55344,Cc1cc2c(cc1C(F)(F)F)N(C(=O)Nc1ccc(COc3ccccn3)nc1)CC2,7.0,100.0,scaffold_test,O=C(Nc1ccc(COc2ccccn2)nc1)N1CCc2ccccc21,ChEMBL
chembl-endpoint-20260529T111633Z,CHEMBL224,5HT2A,pKi,Ki,CHEMBL57000,CNCCc1cc(OC)c(Br)cc1OC,6.42021640338319,380.0,scaffold_test,c1ccccc1,ChEMBL
chembl-endpoint-20260529T111633Z,CHEMBL224,5HT2A,pKi,Ki,CHEMBL57147,CCNCCc1cc(OC)c(Br)cc1OC,6.481486060122113,330.0,scaffold_test,c1ccccc1,ChEMBL
chembl-endpoint-20260529T111633Z,CHEMBL224,5HT2A,pKi,Ki,CHEMBL58133,COc1ccc2[nH]cc(CCNCCCCc3ccccc3)c2c1,7.657577319177793,22.0,scaffold_test,c1ccc(CCCCNCCc2c[nH]c3ccccc23)cc1,ChEMBL
chembl-endpoint-20260529T111633Z,CHEMBL224,5HT2A,pKi,Ki,CHEMBL58273,COc1cc(CCN(C)C)c(OC)cc1Br,6.376750709602099,420.0,scaffold_test,c1ccccc1,ChEMBL
chembl-endpoint-20260529T111633Z,CHEMBL224,5HT2A,pKi,Ki,CHEMBL610,NCCc1ccccc1,4.774690718274137,16800.0,scaffold_test,c1ccccc1,ChEMBL
chembl-endpoint-20260529T111633Z,CHEMBL224,5HT2A,pKi,Ki,CHEMBL6607,COc1cc(CC(C)N)c(OC)cc1Br,7.3872161432802645,41.0,scaffold_test,c1ccccc1,ChEMBL
chembl-endpoint-20260529T111633Z,CHEMBL224,5HT2A,pKi,Ki,CHEMBL87187,Nc1cccc(-c2ccc(CCN3CCN(c4cccc5cccnc45)CC3)cc2)n1,7.853871964321762,14.0,scaffold_test,c1ccc(-c2ccc(CCN3CCN(c4cccc5cccnc45)CC3)cc2)nc1,ChEMBL
chembl-endpoint-20260529T111633Z,CHEMBL224,5HT2A,pKi,Ki,CHEMBL10780,NCC(c1ccccc1)c1ccccc1,5.336299074610352,4610.0,train,c1ccc(Cc2ccccc2)cc1,ChEMBL
chembl-endpoint-20260529T111633Z,CHEMBL224,5HT2A,pKi,Ki,CHEMBL11,CN(C)CCCN1c2ccccc2CCc2ccccc21,6.795880017344075,160.0,train,c1ccc2c(c1)CCc1ccccc1N2,ChEMBL
chembl-endpoint-20260529T111633Z,CHEMBL224,5HT2A,pKi,Ki,CHEMBL1317,NCCCN1c2ccccc2CCc2ccccc21,6.401209493236885,397.0,train,c1ccc2c(c1)CCc1ccccc1N2,ChEMBL
chembl-endpoint-20260529T111633Z,CHEMBL224,5HT2A,pKi,Ki,CHEMBL158329,C[N+](C)(C)CC1c2ccccc2Cc2ccccc21,5.3979400086720375,4000.0,train,c1ccc2c(c1)Cc1ccccc1C2,ChEMBL
chembl-endpoint-20260529T111633Z,CHEMBL224,5HT2A,pKi,Ki,CHEMBL158780,NCCCC1c2ccccc2Cc2ccccc21,7.494850021680094,32.0,train,c1ccc2c(c1)Cc1ccccc1C2,ChEMBL
chembl-endpoint-20260529T111633Z,CHEMBL224,5HT2A,pKi,Ki,CHEMBL15928,COc1ccc(NC(=O)c2ccc(-c3ccc(-c4noc(C)n4)cc3C)cc2)cc1N1CCN(C)CC1,7.79997073344623,15.85,train,O=C(Nc1cccc(N2CCNCC2)c1)c1ccc(-c2ccc(-c3ncon3)cc2)cc1,ChEMBL
chembl-endpoint-20260529T111633Z,CHEMBL224,5HT2A,pKi,Ki,CHEMBL15933,Cc1nc(-c2ccc(-c3ccc(C(=O)Nc4ccc5c(c4)C4(CCN(C)CC4)CO5)cc3)c(C)c2)no1,6.0,1000.0,train,O=C(Nc1ccc2c(c1)C1(CCNCC1)CO2)c1ccc(-c2ccc(-c3ncon3)cc2)cc1,ChEMBL
chembl-endpoint-20260529T111633Z,CHEMBL224,5HT2A,pKi,Ki,CHEMBL160610,NC1c2ccccc2Cc2ccccc21,4.920818753952375,12000.0,train,c1ccc2c(c1)Cc1ccccc1C2,ChEMBL
chembl-endpoint-20260529T111633Z,CHEMBL224,5HT2A,pKi,Ki,CHEMBL160893,NCCC1c2ccccc2Cc2ccccc21,6.318758762624412,480.0,train,c1ccc2c(c1)Cc1ccccc1C2,ChEMBL
chembl-endpoint-20260529T111633Z,CHEMBL224,5HT2A,pKi,Ki,CHEMBL160933,CN(C)CC1c2ccccc2Cc2ccccc21,6.267606240177032,540.0,train,c1ccc2c(c1)Cc1ccccc1C2,ChEMBL
chembl-endpoint-20260529T111633Z,CHEMBL224,5HT2A,pKi,Ki,CHEMBL162102,CS(=O)(=O)Nc1cc(F)ccc1C(=O)CCCN1CC[C@H]2[C@@H](C1)c1cccc3c1N2CCCS3,8.1249387366083,7.5,train,O=C(CCCN1CC[C@H]2[C@@H](C1)c1cccc3c1N2CCCS3)c1ccccc1,ChEMBL
chembl-endpoint-20260529T111633Z,CHEMBL224,5HT2A,pKi,Ki,CHEMBL163261,Nc1ccccc1C(=O)CCCN1CC[C@@H]2[C@H](C1)c1cccc3c1N2CCCC3,8.508638306165727,3.1,train,O=C(CCCN1CC[C@@H]2[C@H](C1)c1cccc3c1N2CCCC3)c1ccccc1,ChEMBL
chembl-endpoint-20260529T111633Z,CHEMBL224,5HT2A,pKi,Ki,CHEMBL163742,Nc1ccccc1C(=O)CCCN1CC[C@H]2[C@@H](C1)c1cccc3c1N2CCS3,9.096910013008056,0.8,train,O=C(CCCN1CC[C@H]2[C@@H](C1)c1cccc3c1N2CCS3)c1ccccc1,ChEMBL
chembl-endpoint-20260529T111633Z,CHEMBL224,5HT2A,pKi,Ki,CHEMBL164744,O=CNc1cc(F)ccc1C(=O)CCCN1CC[C@H]2[C@@H](C1)c1cccc3c1N2CCCS3,7.045757490560675,90.0,train,O=C(CCCN1CC[C@H]2[C@@H](C1)c1cccc3c1N2CCCS3)c1ccccc1,ChEMBL
chembl-endpoint-20260529T111633Z,CHEMBL224,5HT2A,pKi,Ki,CHEMBL165126,Nc1c(F)cccc1C(=O)CCCN1CC[C@H]2[C@@H](C1)c1cccc3c1N2CCCS3,8.119186407719209,7.6,train,O=C(CCCN1CC[C@H]2[C@@H](C1)c1cccc3c1N2CCCS3)c1ccccc1,ChEMBL
chembl-endpoint-20260529T111633Z,CHEMBL224,5HT2A,pKi,Ki,CHEMBL165723,Nc1ccc(F)cc1C(=O)CCCN1CC[C@H]2[C@@H](C1)c1cccc3c1N2CCCS3,7.823908740944319,15.0,train,O=C(CCCN1CC[C@H]2[C@@H](C1)c1cccc3c1N2CCCS3)c1ccccc1,ChEMBL
chembl-endpoint-20260529T111633Z,CHEMBL224,5HT2A,pKi,Ki,CHEMBL165780,Nc1cc(F)ccc1C(=O)CCCN1CC[C@H]2[C@@H](C1)c1cccc3c1N2CCO3,9.698970004336019,0.2,train,O=C(CCCN1CC[C@H]2[C@@H](C1)c1cccc3c1N2CCO3)c1ccccc1,ChEMBL
chembl-endpoint-20260529T111633Z,CHEMBL224,5HT2A,pKi,Ki,CHEMBL166310,Nc1cc(F)ccc1C(=O)CCCN1CC[C@H]2[C@@H](C1)c1cccc3c1N2CCCS3,9.154901959985743,0.7,train,O=C(CCCN1CC[C@H]2[C@@H](C1)c1cccc3c1N2CCCS3)c1ccccc1,ChEMBL
chembl-endpoint-20260529T111633Z,CHEMBL224,5HT2A,pKi,Ki,CHEMBL170319,CNCCc1cn2c3c(cc(F)cc13)CCC2C,5.836242476018044,1458.0,train,c1cc2c3c(c1)ccn3CCC2,ChEMBL
chembl-endpoint-20260529T111633Z,CHEMBL224,5HT2A,pKi,Ki,CHEMBL170854,Cc1c(CCN)c2cccc3c2n1CCC3,6.170053304058364,676.0,train,c1cc2c3c(c1)ccn3CCC2,ChEMBL
chembl-endpoint-20260529T111633Z,CHEMBL224,5HT2A,pKi,Ki,CHEMBL171774,NCCc1cn2c3c(cccc13)CCC2,6.100179497572904,794.0,train,c1cc2c3c(c1)ccn3CCC2,ChEMBL
chembl-endpoint-20260529T111633Z,CHEMBL224,5HT2A,pKi,Ki,CHEMBL172159,NCCc1cn2c3c(cc(Cl)cc13)SCC2,6.199970640755866,631.0,train,c1cc2c3c(c1)ccn3CCS2,ChEMBL
chembl-endpoint-20260529T111633Z,CHEMBL224,5HT2A,pKi,Ki,CHEMBL172269,Cc1cc(NC(=O)Nc2ccc3sccc3c2)sn1,5.200000237109354,6309.57,train,O=C(Nc1ccc2sccc2c1)Nc1ccns1,ChEMBL
chembl-endpoint-20260529T111633Z,CHEMBL224,5HT2A,pKi,Ki,CHEMBL20771,Cc1cc(C(=O)Nc2ccc(C)c(N3CCN(C)CC3)c2)ccc1Br,6.900008766455316,125.89,train,O=C(Nc1cccc(N2CCNCC2)c1)c1ccccc1,ChEMBL
chembl-endpoint-20260529T111633Z,CHEMBL224,5HT2A,pKi,Ki,CHEMBL20963,COc1ccc(NC(=O)c2ccc(-c3ccc(-c4noc(C)n4)cc3C)cc2)cc1OCCN(C)C,7.299988937677887,50.12,train,O=C(Nc1ccccc1)c1ccc(-c2ccc(-c3ncon3)cc2)cc1,ChEMBL
chembl-endpoint-20260529T111633Z,CHEMBL224,5HT2A,pKi,Ki,CHEMBL2112371,CNC[C@@H]1C[C@H]2c3ccccc3Cc3ccccc3[C@@H]2O1,7.130181792020672,74.1,train,c1ccc2c(c1)Cc1ccccc1[C@@H]1OCC[C@@H]21,ChEMBL
chembl-endpoint-20260529T111633Z,CHEMBL224,5HT2A,pKi,Ki,CHEMBL21369,Cc1cc(C(=O)Nc2cccc(N3CCN(C)CC3)c2)ccc1Br,6.499996931948306,316.23,train,O=C(Nc1cccc(N2CCNCC2)c1)c1ccccc1,ChEMBL
chembl-endpoint-20260529T111633Z,CHEMBL224,5HT2A,pKi,Ki,CHEMBL21724,Cc1nc(-c2ccc(-c3ccc(C(=O)Nc4cc5c(c(OCCN(C)C)c4)OCC5)cc3)c(C)c2)no1,7.299988937677887,50.12,train,O=C(Nc1ccc2c(c1)CCO2)c1ccc(-c2ccc(-c3ncon3)cc2)cc1,ChEMBL
chembl-endpoint-20260529T111633Z,CHEMBL224,5HT2A,pKi,Ki,CHEMBL21790,COc1ccc(NC(=O)c2ccc(-c3ccc(-c4noc(C)n4)cc3C)cc2)cc1CCCN(C)C,8.199970640755867,6.31,train,O=C(Nc1ccccc1)c1ccc(-c2ccc(-c3ncon3)cc2)cc1,ChEMBL
chembl-endpoint-20260529T111633Z,CHEMBL224,5HT2A,pKi,Ki,CHEMBL265991,CSc1cc2c(cc1Cl)N(C(=O)Nc1cccnc1)CC2,5.59999938302362,2511.89,train,O=C(Nc1cccnc1)N1CCc2ccccc21,ChEMBL
chembl-endpoint-20260529T111633Z,CHEMBL224,5HT2A,pKi,Ki,CHEMBL27251,CN1CCc2ccc3c4c2[C@H]1Cc1cccc(c1-4)[C@@H]3N,6.328827157284917,469.0,train,c1cc2c3c(c1)C[C@H]1NCCc4ccc(c-3c41)C2,ChEMBL
chembl-endpoint-20260529T111633Z,CHEMBL224,5HT2A,pKi,Ki,CHEMBL276140,CSc1cc2c(cc1C(F)(F)F)N(C(=O)Nc1cccnc1)CC2,6.399996913372259,398.11,train,O=C(Nc1cccnc1)N1CCc2ccccc21,ChEMBL
chembl-endpoint-20260529T111633Z,CHEMBL224,5HT2A,pKi,Ki,CHEMBL277467,COc1ccc(NC(=O)c2ccc(Br)c(C)c2)cc1N1CCN(C)CC1,6.699991797446187,199.53,train,O=C(Nc1cccc(N2CCNCC2)c1)c1ccccc1,ChEMBL
chembl-endpoint-20260529T111633Z,CHEMBL224,5HT2A,pKi,Ki,CHEMBL281350,Cc1nc(-c2ccc(-c3ccc(C(=O)N4CCc5cc6c(cc54)C4(CCN(C)CC4)CO6)cc3)c(C)c2)no1,5.800000874803203,1584.89,train,O=C(c1ccc(-c2ccc(-c3ncon3)cc2)cc1)N1CCc2cc3c(cc21)C1(CCNCC1)CO3,ChEMBL
chembl-endpoint-20260529T111633Z,CHEMBL224,5HT2A,pKi,Ki,CHEMBL282229,COc1cc2c(cc1OCCN(C)C)N(C(=O)c1ccc(-c3ccc(-c4noc(C)n4)cc3C)cc1)CC2,6.499996931948306,316.23,train,O=C(c1ccc(-c2ccc(-c3ncon3)cc2)cc1)N1CCc2ccccc21,ChEMBL
chembl-endpoint-20260529T111633Z,CHEMBL224,5HT2A,pKi,Ki,CHEMBL282693,COc1ccc(NC(=O)c2ccc(-c3ccc(-c4noc(C)n4)cc3C)cc2)cc1NCCN(C)C,8.299988937677888,5.012,train,O=C(Nc1ccccc1)c1ccc(-c2ccc(-c3ncon3)cc2)cc1,ChEMBL
chembl-endpoint-20260529T111633Z,CHEMBL224,5HT2A,pKi,Ki,CHEMBL291949,Cc1cc2c(cc1Cl)N(C(=O)Nc1ccc(OCc3ccncc3)nc1)CC2,7.100015437450609,79.43,train,O=C(Nc1ccc(OCc2ccncc2)nc1)N1CCc2ccccc21,ChEMBL
chembl-endpoint-20260529T111633Z,CHEMBL224,5HT2A,pKi,Ki,CHEMBL292692,COc1cc(CCNCc2ccccc2)c(OC)cc1Br,7.795880017344075,16.0,train,c1ccc(CCNCc2ccccc2)cc1,ChEMBL
chembl-endpoint-20260529T111633Z,CHEMBL224,5HT2A,pKi,Ki,CHEMBL292921,COc1ccc2[nH]cc(CCN3CCCCC3)c2c1,6.795880017344075,160.0,train,c1ccc2c(CCN3CCCCC3)c[nH]c2c1,ChEMBL
chembl-endpoint-20260529T111633Z,CHEMBL224,5HT2A,pKi,Ki,CHEMBL29410,COc1ccc(NS(=O)(=O)c2sc3ccc(Cl)cc3c2C)cc1N1CCN2CCCCC2C1,6.199998172182031,630.96,train,O=S(=O)(Nc1cccc(N2CCN3CCCCC3C2)c1)c1cc2ccccc2s1,ChEMBL
chembl-endpoint-20260529T111633Z,CHEMBL224,5HT2A,pKi,Ki,CHEMBL294151,COc1cc(CCNCc2ccc(Cl)cc2)c(OC)cc1Br,6.958607314841775,110.0,train,c1ccc(CCNCc2ccccc2)cc1,ChEMBL
chembl-endpoint-20260529T111633Z,CHEMBL224,5HT2A,pKi,Ki,CHEMBL29433,COc1ccc(NS(=O)(=O)c2sc3ccc(Cl)cc3c2C)cc1N1CCN2CCC[C@H]2C1,6.599997654072044,251.19,train,O=S(=O)(Nc1cccc(N2CCN3CCC[C@H]3C2)c1)c1cc2ccccc2s1,ChEMBL
chembl-endpoint-20260529T111633Z,CHEMBL224,5HT2A,pKi,Ki,CHEMBL294902,COc1cc(CCNCc2ccc(Br)cc2)c(OC)cc1Br,8.795880017344075,1.6,train,c1ccc(CCNCc2ccccc2)cc1,ChEMBL
chembl-endpoint-20260529T111633Z,CHEMBL224,5HT2A,pKi,Ki,CHEMBL297538,NCCc1ccccc1Cc1ccccc1,5.7423214251308154,1810.0,train,c1ccc(Cc2ccccc2)cc1,ChEMBL
chembl-endpoint-20260529T111633Z,CHEMBL224,5HT2A,pKi,Ki,CHEMBL298271,CC1(C)c2ccccc2C(CN)c2ccccc21,6.481486060122113,330.0,train,c1ccc2c(c1)Cc1ccccc1C2,ChEMBL
chembl-endpoint-20260529T111633Z,CHEMBL224,5HT2A,pKi,Ki,CHEMBL29846,COc1ccc(NS(=O)(=O)c2sc3ccc(Cl)cc3c2C)cc1N1CCN(C)CC1,6.0,1000.0,train,O=S(=O)(Nc1cccc(N2CCNCC2)c1)c1cc2ccccc2s1,ChEMBL
chembl-endpoint-20260529T111633Z,CHEMBL224,5HT2A,pKi,Ki,CHEMBL300618,O=C(Nc1ccc(OCc2ccccn2)nc1)N1CCc2cc(C(F)(F)F)ccc21,5.300000202445418,5011.87,train,O=C(Nc1ccc(OCc2ccccn2)nc1)N1CCc2ccccc21,ChEMBL
chembl-endpoint-20260529T111633Z,CHEMBL224,5HT2A,pKi,Ki,CHEMBL309760,C[C@H](N)CN1CCc2ccc(Br)cc21,6.454692883534176,351.0,train,c1ccc2c(c1)CCN2,ChEMBL
chembl-endpoint-20260529T111633Z,CHEMBL224,5HT2A,pKi,Ki,CHEMBL314968,c1ccc(C2CCN(CC3C[C@@H]4c5ccccc5Sc5ccccc5[C@H]4O3)CC2)cc1,7.16304326294045,68.7,train,c1ccc(C2CCN(CC3C[C@@H]4c5ccccc5Sc5ccccc5[C@H]4O3)CC2)cc1,ChEMBL
chembl-endpoint-20260529T111633Z,CHEMBL224,5HT2A,pKi,Ki,CHEMBL327306,CN(C)CC1C[C@@H]2c3ccccc3Sc3ccccc3[C@H]2O1,7.512861624522813,30.7,train,c1ccc2c(c1)Sc1ccccc1[C@H]1OCC[C@H]21,ChEMBL
chembl-endpoint-20260529T111633Z,CHEMBL224,5HT2A,pKi,Ki,CHEMBL327651,CN(C)C[C@@H]1C[C@H]2c3ccccc3Cc3ccccc3[C@@H]2O1,6.982966660701219,104.0,train,c1ccc2c(c1)Cc1ccccc1[C@@H]1OCC[C@@H]21,ChEMBL
chembl-endpoint-20260529T111633Z,CHEMBL224,5HT2A,pKi,Ki,CHEMBL328573,CN(C)C[C@@H]1C[C@@H]2c3ccccc3Cc3ccccc3N2O1,8.602059991327963,2.5,train,c1ccc2c(c1)Cc1ccccc1N1OCC[C@H]21,ChEMBL
chembl-endpoint-20260529T111633Z,CHEMBL224,5HT2A,pKi,Ki,CHEMBL328662,O=C(c1ccc(F)cc1)C1CCN(CC2C[C@@H]3c4ccccc4Cc4ccccc4[C@H]3O2)CC1,6.363512103646634,433.0,train,O=C(c1ccccc1)C1CCN(CC2C[C@@H]3c4ccccc4Cc4ccccc4[C@H]3O2)CC1,ChEMBL
chembl-endpoint-20260529T111633Z,CHEMBL224,5HT2A,pKi,Ki,CHEMBL329566,CN(C)C[C@H]1C[C@@H]2c3ccccc3Cc3ccccc3[C@H]2O1,8.602059991327963,2.5,train,c1ccc2c(c1)Cc1ccccc1[C@H]1OCC[C@H]21,ChEMBL
chembl-endpoint-20260529T111633Z,CHEMBL224,5HT2A,pKi,Ki,CHEMBL329685,CNCC1C[C@@H]2c3ccccc3Cc3ccccc3[C@H]2O1,7.313363730737707,48.6,train,c1ccc2c(c1)Cc1ccccc1[C@H]1OCC[C@H]21,ChEMBL
chembl-endpoint-20260529T111633Z,CHEMBL224,5HT2A,pKi,Ki,CHEMBL330713,CN(C)CC1C[C@H]2c3ccccc3Oc3ccccc3[C@H]2O1,7.033389013318065,92.6,train,c1ccc2c(c1)Oc1ccccc1[C@@H]1CCO[C@H]21,ChEMBL
chembl-endpoint-20260529T111633Z,CHEMBL224,5HT2A,pKi,Ki,CHEMBL333174,O=C1CC(CN2CCC(c3noc4cc(F)ccc34)CC2)Cc2[nH]c3ccccc3c21,8.929962133392245,1.175,train,O=C1CC(CN2CCC(c3noc4ccccc34)CC2)Cc2[nH]c3ccccc3c21,ChEMBL
chembl-endpoint-20260529T111633Z,CHEMBL224,5HT2A,pKi,Ki,CHEMBL346230,CN(C)CCCC1c2ccccc2Cc2ccccc21,7.657577319177793,22.0,train,c1ccc2c(c1)Cc1ccccc1C2,ChEMBL
chembl-endpoint-20260529T111633Z,CHEMBL224,5HT2A,pKi,Ki,CHEMBL348302,CNCCCC1c2ccccc2Cc2ccccc21,7.886056647693163,13.0,train,c1ccc2c(c1)Cc1ccccc1C2,ChEMBL
chembl-endpoint-20260529T111633Z,CHEMBL224,5HT2A,pKi,Ki,CHEMBL348977,Nc1ccccc1C(=O)CCCN1CC[C@H]2[C@@H](C1)c1cccc3c1N2CCC3,9.096910013008056,0.8,train,O=C(CCCN1CC[C@H]2[C@@H](C1)c1cccc3c1N2CCC3)c1ccccc1,ChEMBL
chembl-endpoint-20260529T111633Z,CHEMBL224,5HT2A,pKi,Ki,CHEMBL349151,Nc1cc(F)ccc1C(=O)CCCN1CC[C@@H]2[C@H](C1)c1cccc3c1N2CCCS3,8.3767507096021,4.2,train,O=C(CCCN1CC[C@@H]2[C@H](C1)c1cccc3c1N2CCCS3)c1ccccc1,ChEMBL
chembl-endpoint-20260529T111633Z,CHEMBL224,5HT2A,pKi,Ki,CHEMBL349543,c1ccc(CNCC2c3ccccc3Cc3ccccc32)cc1,6.142064735280571,721.0,train,c1ccc(CNCC2c3ccccc3Cc3ccccc32)cc1,ChEMBL
chembl-endpoint-20260529T111633Z,CHEMBL224,5HT2A,pKi,Ki,CHEMBL349683,Nc1cc(F)ccc1C(=O)CCCN1CC[C@H]2[C@@H](C1)c1cccc3c1N2CCCC3,9.221848749616356,0.6,train,O=C(CCCN1CC[C@H]2[C@@H](C1)c1cccc3c1N2CCCC3)c1ccccc1,ChEMBL
chembl-endpoint-20260529T111633Z,CHEMBL224,5HT2A,pKi,Ki,CHEMBL350567,O=C(CCCN1CC[C@H]2[C@@H](C1)c1cccc3c1N2CCCS3)c1ccccc1,8.568636235841012,2.7,train,O=C(CCCN1CC[C@H]2[C@@H](C1)c1cccc3c1N2CCCS3)c1ccccc1,ChEMBL
chembl-endpoint-20260529T111633Z,CHEMBL224,5HT2A,pKi,Ki,CHEMBL352194,Nc1ccccc1C(=O)CCCN1CC[C@H]2[C@@H](C1)c1cccc3c1N2CCCC3,9.154901959985743,0.7,train,O=C(CCCN1CC[C@H]2[C@@H](C1)c1cccc3c1N2CCCC3)c1ccccc1,ChEMBL
chembl-endpoint-20260529T111633Z,CHEMBL224,5HT2A,pKi,Ki,CHEMBL352648,O=C(CCCN1CC[C@H]2[C@@H](C1)c1cccc3c1N2CCCS3)c1ccc(F)cc1,8.602059991327963,2.5,train,O=C(CCCN1CC[C@H]2[C@@H](C1)c1cccc3c1N2CCCS3)c1ccccc1,ChEMBL
chembl-endpoint-20260529T111633Z,CHEMBL224,5HT2A,pKi,Ki,CHEMBL352686,Nc1ccccc1C(=O)CCCN1CC[C@@H]2[C@H](C1)c1cccc3c1N2CCC3,8.431798275933005,3.7,train,O=C(CCCN1CC[C@@H]2[C@H](C1)c1cccc3c1N2CCC3)c1ccccc1,ChEMBL
chembl-endpoint-20260529T111633Z,CHEMBL224,5HT2A,pKi,Ki,CHEMBL353998,Cc1c(CCN)c2cc(F)cc3c2n1C(C)CC3,6.020451625295905,954.0,train,c1cc2c3c(c1)ccn3CCC2,ChEMBL
chembl-endpoint-20260529T111633Z,CHEMBL224,5HT2A,pKi,Ki,CHEMBL354005,Nc1cc(F)ccc1C(=O)CCCN1CC[C@H]2[C@@H](C1)c1cccc3c1N2CCS3,9.522878745280337,0.3,train,O=C(CCCN1CC[C@H]2[C@@H](C1)c1cccc3c1N2CCS3)c1ccccc1,ChEMBL
chembl-endpoint-20260529T111633Z,CHEMBL224,5HT2A,pKi,Ki,CHEMBL355474,CC1CCc2cc(F)cc3c(CCN)cn1c23,5.6307841425898575,2340.0,train,c1cc2c3c(c1)ccn3CCC2,ChEMBL
chembl-endpoint-20260529T111633Z,CHEMBL224,5HT2A,pKi,Ki,CHEMBL418319,COc1cc(CCNCc2ccc([N+](=O)[O-])cc2)c(OC)cc1Br,6.5376020021010435,290.0,train,c1ccc(CCNCc2ccccc2)cc1,ChEMBL
chembl-endpoint-20260529T111633Z,CHEMBL224,5HT2A,pKi,Ki,CHEMBL42024,Cc1cc2c(cc1Cl)N(C(=O)Nc1cccnc1)CC2,6.799998134593398,158.49,train,O=C(Nc1cccnc1)N1CCc2ccccc21,ChEMBL
chembl-endpoint-20260529T111633Z,CHEMBL224,5HT2A,pKi,Ki,CHEMBL424384,Nc1cc(Cl)ccc1C(=O)CCCN1CC[C@H]2[C@@H](C1)c1cccc3c1N2CCCS3,7.154901959985743,70.0,train,O=C(CCCN1CC[C@H]2[C@@H](C1)c1cccc3c1N2CCCS3)c1ccccc1,ChEMBL
chembl-endpoint-20260529T111633Z,CHEMBL224,5HT2A,pKi,Ki,CHEMBL42841,NCC1CC2c3ccccc3C1c1ccccc12,5.020907099361674,9530.0,train,c1ccc2c(c1)C1CCC2c2ccccc21,ChEMBL
chembl-endpoint-20260529T111633Z,CHEMBL224,5HT2A,pKi,Ki,CHEMBL432879,Cc1cc2c(cc1C(F)(F)F)N(C(=O)Nc1ccc(OCc3ccccn3)nn1)CC2,6.599997654072044,251.19,train,O=C(Nc1ccc(OCc2ccccn2)nn1)N1CCc2ccccc21,ChEMBL
chembl-endpoint-20260529T111633Z,CHEMBL224,5HT2A,pKi,Ki,CHEMBL444342,Nc1ccccc1C(=O)CCCN1CC[C@@H]2[C@H](C1)c1cccc3c1N2CCCS3,7.982966660701219,10.4,train,O=C(CCCN1CC[C@@H]2[C@H](C1)c1cccc3c1N2CCCS3)c1ccccc1,ChEMBL
chembl-endpoint-20260529T111633Z,CHEMBL224,5HT2A,pKi,Ki,CHEMBL44893,c1ccc2c(c1)Cc1cccc3c1C2CNC3,6.528708288941061,296.0,train,c1ccc2c(c1)Cc1cccc3c1C2CNC3,ChEMBL
chembl-endpoint-20260529T111633Z,CHEMBL224,5HT2A,pKi,Ki,CHEMBL451543,CSc1ccc2c(c1)N(C[C@H](C)N)CC2,6.767003889607846,171.0,train,c1ccc2c(c1)CCN2,ChEMBL
chembl-endpoint-20260529T111633Z,CHEMBL224,5HT2A,pKi,Ki,CHEMBL45207,CC(N)C1c2ccccc2Cc2ccccc21,6.714442690992226,193.0,train,c1ccc2c(c1)Cc1ccccc1C2,ChEMBL
chembl-endpoint-20260529T111633Z,CHEMBL224,5HT2A,pKi,Ki,CHEMBL46449,NCc1c2ccccc2cc2ccccc12,5.638272163982407,2300.0,train,c1ccc2cc3ccccc3cc2c1,ChEMBL
chembl-endpoint-20260529T111633Z,CHEMBL224,5HT2A,pKi,Ki,CHEMBL46566,CC1(CN)c2ccccc2Cc2ccccc21,7.187086643357144,65.0,train,c1ccc2c(c1)Cc1ccccc1C2,ChEMBL
chembl-endpoint-20260529T111633Z,CHEMBL224,5HT2A,pKi,Ki,CHEMBL46619,NCC1c2ccccc2C=Cc2ccccc21,5.384049948343599,4130.0,train,C1=Cc2ccccc2Cc2ccccc21,ChEMBL
chembl-endpoint-20260529T111633Z,CHEMBL224,5HT2A,pKi,Ki,CHEMBL46979,NCC12CCC(c3ccccc31)c1ccccc12,6.113509274827518,770.0,train,c1ccc2c(c1)C1CCC2c2ccccc21,ChEMBL
chembl-endpoint-20260529T111633Z,CHEMBL224,5HT2A,pKi,Ki,CHEMBL47482,NCC1c2ccccc2Cc2ccccc21,7.698970004336019,20.0,train,c1ccc2c(c1)Cc1ccccc1C2,ChEMBL
chembl-endpoint-20260529T111633Z,CHEMBL224,5HT2A,pKi,Ki,CHEMBL478,Clc1cccc(N2CCNCC2)c1,7.267606240177032,54.0,train,c1ccc(N2CCNCC2)cc1,ChEMBL
chembl-endpoint-20260529T111633Z,CHEMBL224,5HT2A,pKi,Ki,CHEMBL52592,Cc1cc2c(cc1C(F)(F)F)N(C(=O)Nc1ccc(OCCc3ccccn3)nc1)CC2,5.700000503883016,1995.26,train,O=C(Nc1ccc(OCCc2ccccn2)nc1)N1CCc2ccccc21,ChEMBL
chembl-endpoint-20260529T111633Z,CHEMBL224,5HT2A,pKi,Ki,CHEMBL52783,O=C(Nc1ccc(OCc2ccccn2)nc1)N1CCc2c(Cl)cccc21,5.300000202445418,5011.87,train,O=C(Nc1ccc(OCc2ccccn2)nc1)N1CCc2ccccc21,ChEMBL
chembl-endpoint-20260529T111633Z,CHEMBL224,5HT2A,pKi,Ki,CHEMBL53939,Cc1cccc(COc2ccc(NC(=O)N3CCc4cc(C)c(C(F)(F)F)cc43)cn2)n1,6.0,1000.0,train,O=C(Nc1ccc(OCc2ccccn2)nc1)N1CCc2ccccc21,ChEMBL
chembl-endpoint-20260529T111633Z,CHEMBL224,5HT2A,pKi,Ki,CHEMBL54484,Cc1cc2c(cc1C(F)(F)F)N(C(=O)Nc1ccc(OCc3ncccc3C)nc1)CC2,6.799998134593398,158.49,train,O=C(Nc1ccc(OCc2ccccn2)nc1)N1CCc2ccccc21,ChEMBL
chembl-endpoint-20260529T111633Z,CHEMBL224,5HT2A,pKi,Ki,CHEMBL54707,Cc1cc2c(cc1C(F)(F)F)N(C(=O)Nc1ccc(OCc3cnccn3)nc1)CC2,6.499996931948306,316.23,train,O=C(Nc1ccc(OCc2cnccn2)nc1)N1CCc2ccccc21,ChEMBL
chembl-endpoint-20260529T111633Z,CHEMBL224,5HT2A,pKi,Ki,CHEMBL54719,Cc1cc2c(cc1C(F)(F)F)N(C(=O)Nc1ccc(OCc3ccccn3)nc1)CC2,6.199998172182031,630.96,train,O=C(Nc1ccc(OCc2ccccn2)nc1)N1CCc2ccccc21,ChEMBL
chembl-endpoint-20260529T111633Z,CHEMBL224,5HT2A,pKi,Ki,CHEMBL55335,Cc1cc2c(cc1C(F)(F)F)N(C(=O)Nc1ccc(OCc3ccccn3)cc1)CC2,6.399996913372259,398.11,train,O=C(Nc1ccc(OCc2ccccn2)cc1)N1CCc2ccccc21,ChEMBL
chembl-endpoint-20260529T111633Z,CHEMBL224,5HT2A,pKi,Ki,CHEMBL55388,O=C(Nc1ccc(OCc2ccccn2)nc1)N1CCc2cc(Br)ccc21,5.59999938302362,2511.89,train,O=C(Nc1ccc(OCc2ccccn2)nc1)N1CCc2ccccc21,ChEMBL
chembl-endpoint-20260529T111633Z,CHEMBL224,5HT2A,pKi,Ki,CHEMBL55597,Cc1cc2c(cc1Cl)N(C(=O)Nc1ccc(OCc3nccn3C)nc1)CC2,6.599997654072044,251.19,train,O=C(Nc1ccc(OCc2ncc[nH]2)nc1)N1CCc2ccccc21,ChEMBL
chembl-endpoint-20260529T111633Z,CHEMBL224,5HT2A,pKi,Ki,CHEMBL55784,Cc1cc2c(cc1C(F)(F)F)N(C(=O)Nc1ccc(CCc3ccccn3)nc1)CC2,6.799998134593398,158.49,train,O=C(Nc1ccc(CCc2ccccn2)nc1)N1CCc2ccccc21,ChEMBL
chembl-endpoint-20260529T111633Z,CHEMBL224,5HT2A,pKi,Ki,CHEMBL55914,Cc1cc2c(cc1C(F)(F)F)N(C(=O)Nc1cnc(OCc3ccccn3)c(C)c1)CC2,7.400007822415902,39.81,train,O=C(Nc1ccc(OCc2ccccn2)nc1)N1CCc2ccccc21,ChEMBL
chembl-endpoint-20260529T111633Z,CHEMBL224,5HT2A,pKi,Ki,CHEMBL55969,Cc1cc2c(cc1C(F)(F)F)N(C(=O)Nc1ccc(OCc3cncn3C)nc1)CC2,7.0,100.0,train,O=C(Nc1ccc(OCc2cnc[nH]2)nc1)N1CCc2ccccc21,ChEMBL
chembl-endpoint-20260529T111633Z,CHEMBL224,5HT2A,pKi,Ki,CHEMBL56405,O=C(Nc1ccc(OCc2ccccn2)nc1)N1CCc2ccc(C(F)(F)F)cc21,6.599997654072044,251.19,train,O=C(Nc1ccc(OCc2ccccn2)nc1)N1CCc2ccccc21,ChEMBL
chembl-endpoint-20260529T111633Z,CHEMBL224,5HT2A,pKi,Ki,CHEMBL57826,COc1cc(CCNCc2ccc(C)cc2)c(OC)cc1Br,7.638272163982407,23.0,train,c1ccc(CCNCc2ccccc2)cc1,ChEMBL
chembl-endpoint-20260529T111633Z,CHEMBL224,5HT2A,pKi,Ki,CHEMBL57939,COc1cc(CCNCc2ccc(I)cc2)c(OC)cc1Br,7.657577319177793,22.0,train,c1ccc(CCNCc2ccccc2)cc1,ChEMBL
chembl-endpoint-20260529T111633Z,CHEMBL224,5HT2A,pKi,Ki,CHEMBL58136,COc1cc(CCNCc2ccc(F)cc2)c(OC)cc1Br,7.522878745280337,30.0,train,c1ccc(CCNCc2ccccc2)cc1,ChEMBL
chembl-endpoint-20260529T111633Z,CHEMBL224,5HT2A,pKi,Ki,CHEMBL58555,COc1cc(CCNCCCCc2ccccc2)c(OC)cc1Br,7.0,100.0,train,c1ccc(CCCCNCCc2ccccc2)cc1,ChEMBL
chembl-endpoint-20260529T111633Z,CHEMBL224,5HT2A,pKi,Ki,CHEMBL60585,COc1ccc(CNCCc2cc(OC)c(Br)cc2OC)cc1,7.795880017344075,16.0,train,c1ccc(CCNCc2ccccc2)cc1,ChEMBL
chembl-endpoint-20260529T111633Z,CHEMBL224,5HT2A,pKi,Ki,CHEMBL60757,COc1ccc2[nH]cc(CCNCCCc3ccccc3)c2c1,7.301029995663981,50.0,train,c1ccc(CCCNCCc2c[nH]c3ccccc23)cc1,ChEMBL
chembl-endpoint-20260529T111633Z,CHEMBL224,5HT2A,pKi,Ki,CHEMBL61207,COc1cc(CCNCc2ccc(N)cc2)c(OC)cc1Br,7.301029995663981,50.0,train,c1ccc(CCNCc2ccccc2)cc1,ChEMBL
chembl-endpoint-20260529T111633Z,CHEMBL224,5HT2A,pKi,Ki,CHEMBL69733,COc1ccc(CCCN2CCC(CCC(=O)c3cc(Cl)c(N)c4c3OCCO4)CC2)cc1OC,6.299997602857746,501.19,train,O=C(CCC1CCN(CCCc2ccccc2)CC1)c1cccc2c1OCCO2,ChEMBL
chembl-endpoint-20260529T111633Z,CHEMBL224,5HT2A,pKi,Ki,CHEMBL72,CNCCCN1c2ccccc2CCc2ccccc21,6.795880017344075,160.0,train,c1ccc2c(c1)CCc1ccccc1N2,ChEMBL
chembl-endpoint-20260529T111633Z,CHEMBL224,5HT2A,pKi,Ki,CHEMBL73307,CNCC1c2ccccc2Cc2ccccc21,7.2839966563652006,52.0,train,c1ccc2c(c1)Cc1ccccc1C2,ChEMBL
chembl-endpoint-20260529T111633Z,CHEMBL224,5HT2A,pKi,Ki,CHEMBL76301,C[C@H](N)CN1CCc2cc(F)c(I)cc21,6.856985199745905,139.0,train,c1ccc2c(c1)CCN2,ChEMBL
chembl-endpoint-20260529T111633Z,CHEMBL224,5HT2A,pKi,Ki,CHEMBL76307,C[C@H](N)CN1CCc2ccc(Cl)cc21,6.438898616350944,364.0,train,c1ccc2c(c1)CCN2,ChEMBL
chembl-endpoint-20260529T111633Z,CHEMBL224,5HT2A,pKi,Ki,CHEMBL76474,CSc1cc2c(cc1F)CCN2C[C@H](C)N,7.275724130399211,53.0,train,c1ccc2c(c1)CCN2,ChEMBL
chembl-endpoint-20260529T111633Z,CHEMBL224,5HT2A,pKi,Ki,CHEMBL77880,C[C@H](N)CN1CCc2ccc3c(c21)CCO3,6.950781977329818,112.0,train,c1cc2c(c3c1CCN3)CCO2,ChEMBL
chembl-endpoint-20260529T111633Z,CHEMBL224,5HT2A,pKi,Ki,CHEMBL80246,C[C@H](N)CN1CCc2cc(F)c(C(F)(F)F)cc21,6.364516253185088,432.0,train,c1ccc2c(c1)CCN2,ChEMBL
chembl-endpoint-20260529T111633Z,CHEMBL224,5HT2A,pKi,Ki,CHEMBL80366,C[C@H](N)CN1CCc2cc(F)c(Cl)cc21,6.777283528852417,167.0,train,c1ccc2c(c1)CCN2,ChEMBL
chembl-endpoint-20260529T111633Z,CHEMBL224,5HT2A,pKi,Ki,CHEMBL80482,C[C@H](N)CN1CCc2ccc3c(c21)CCCO3,6.403402904373539,395.0,train,c1cc2c(c3c1CCN3)CCCO2,ChEMBL
chembl-endpoint-20260529T111633Z,CHEMBL224,5HT2A,pKi,Ki,CHEMBL80731,CCSc1cc2c(cc1F)CCN2C[C@H](C)N,7.236572006437063,58.0,train,c1ccc2c(c1)CCN2,ChEMBL
chembl-endpoint-20260529T111633Z,CHEMBL224,5HT2A,pKi,Ki,CHEMBL80862,CCSc1ccc2c(c1)N(C[C@H](C)N)CC2,6.735182176990463,184.0,train,c1ccc2c(c1)CCN2,ChEMBL
chembl-endpoint-20260529T111633Z,CHEMBL224,5HT2A,pKi,Ki,CHEMBL95098,O=C(CCCN1CCN(CCC2Cc3ccccc3C2=O)CC1)c1ccc(F)cc1,7.169989064063882,67.61,train,O=C(CCCN1CCN(CCC2Cc3ccccc3C2=O)CC1)c1ccccc1,ChEMBL
chembl-endpoint-20260529T111633Z,CHEMBL224,5HT2A,pKi,Ki,CHEMBL96158,CN(C)CC1C[C@@H]2c3ccccc3Oc3ccccc3[C@H]2O1,7.431798275933005,37.0,train,c1ccc2c(c1)Oc1ccccc1[C@H]1OCC[C@H]21,ChEMBL
chembl-endpoint-20260529T111633Z,CHEMBL224,5HT2A,pKi,Ki,CHEMBL96732,CN(C)CC1C[C@H]2c3ccccc3Cc3ccccc3[C@H]2O1,6.991399828238082,102.0,train,c1ccc2c(c1)Cc1ccccc1[C@@H]1CCO[C@H]21,ChEMBL
chembl-endpoint-20260529T111633Z,CHEMBL233,μ-opioid,pIC50,IC50,CHEMBL114280,Oc1nc2ccccc2n1CCCNCc1cc2c(cc1Cl)OCO2,6.628932137728263,235.0,external,c1ccc2c(c1)ncn2CCCNCc1ccc2c(c1)OCO2,ChEMBL
chembl-endpoint-20260529T111633Z,CHEMBL233,μ-opioid,pIC50,IC50,CHEMBL116735,O=C(CCc1ccc(F)cc1)N1CCN(CCCC(c2ccc(F)cc2)c2ccc(F)cc2)CC1,5.436518914605589,3660.0,external,O=C(CCc1ccccc1)N1CCN(CCCC(c2ccccc2)c2ccccc2)CC1,ChEMBL
chembl-endpoint-20260529T111633Z,CHEMBL233,μ-opioid,pIC50,IC50,CHEMBL125248,CCN(CC)C(=O)c1ccc(C(c2ccccc2)N2CCN(CC3CC3)CC2)cc1,5.6201508212371705,2398.0,external,c1ccc(C(c2ccccc2)N2CCN(CC3CC3)CC2)cc1,ChEMBL
chembl-endpoint-20260529T111633Z,CHEMBL233,μ-opioid,pIC50,IC50,CHEMBL126223,CCN(CC)C(=O)c1ccc(C(c2ccc3ccccc3c2)N2CCNCC2)cc1,5.572351628813068,2677.0,external,c1ccc(C(c2ccc3ccccc3c2)N2CCNCC2)cc1,ChEMBL
chembl-endpoint-20260529T111633Z,CHEMBL233,μ-opioid,pIC50,IC50,CHEMBL127761,CCN(CC)C(=O)c1ccc(C(c2cccc3c2OC(C)(C)C3)N2CCNCC2)cc1,6.105130343254747,785.0,external,c1ccc(C(c2cccc3c2OCC3)N2CCNCC2)cc1,ChEMBL
chembl-endpoint-20260529T111633Z,CHEMBL233,μ-opioid,pIC50,IC50,CHEMBL129315,CCN(CC)C(=O)c1ccc(C(=C2CCNCC2)c2cccs2)cc1,5.26440110030182,5440.0,external,c1ccc(C(=C2CCNCC2)c2cccs2)cc1,ChEMBL
chembl-endpoint-20260529T111633Z,CHEMBL233,μ-opioid,pIC50,IC50,CHEMBL146013,CCn1c(=O)n(C2CCN(CC3CCCCCCC3)CC2)c2ccccc21,6.022276394711152,950.0,external,O=c1[nH]c2ccccc2n1C1CCN(CC2CCCCCCC2)CC1,ChEMBL
chembl-endpoint-20260529T111633Z,CHEMBL233,μ-opioid,pIC50,IC50,CHEMBL146462,CCn1c(=O)n([C@H]2CCN(CC3CCCCCCC3)C[C@@H]2CO)c2ccccc21,5.481486060122113,3300.0,external,O=c1[nH]c2ccccc2n1C1CCN(CC2CCCCCCC2)CC1,ChEMBL
chembl-endpoint-20260529T111633Z,CHEMBL233,μ-opioid,pIC50,IC50,CHEMBL146756,O=C(/C=C/C(=O)Oc1ccc2c(c1)[C@@]13CCCC[C@H]1[C@@H](C2)N(CC1CCC1)CC3)Oc1ccc2c(c1)[C@@]13CCCC[C@H]1[C@@H](C2)N(CC1CCC1)CC3,6.214670164989233,610.0,external,O=C(/C=C/C(=O)Oc1ccc2c(c1)[C@@]13CCCC[C@H]1[C@@H](C2)N(CC1CCC1)CC3)Oc1ccc2c(c1)[C@@]13CCCC[C@H]1[C@@H](C2)N(CC1CCC1)CC3,ChEMBL
chembl-endpoint-20260529T111633Z,CHEMBL233,μ-opioid,pIC50,IC50,CHEMBL276502,NCCCC[C@H](C(=O)[C@H](CO)NC(=O)[C@@H]1CCCN1C(=O)[C@@H](N)Cc1ccc(O)cc1)C(=O)N1CCC[C@H]1C(=O)N[C@H](CC(=O)O)C(=O)O,5.7447274948966935,1800.0,external,O=C(CNC(=O)[C@@H]1CCCN1C(=O)CCc1ccccc1)CC(=O)N1CCCC1,ChEMBL
chembl-endpoint-20260529T111633Z,CHEMBL233,μ-opioid,pIC50,IC50,CHEMBL332697,COc1cc(/C=C/C(=O)N2CCC(n3c(O)nc4ccccc43)CC2)c([N+](=O)[O-])cc1OC,6.017728766960431,960.0,external,O=C(/C=C/c1ccccc1)N1CCC(n2cnc3ccccc32)CC1,ChEMBL
chembl-endpoint-20260529T111633Z,CHEMBL233,μ-opioid,pIC50,IC50,CHEMBL357076,CCn1c(=O)n([C@@H]2CCN(CC3CCCCCCC3)C[C@H]2CO)c2ccccc21,5.657577319177793,2200.0,external,O=c1[nH]c2ccccc2n1C1CCN(CC2CCCCCCC2)CC1,ChEMBL
chembl-endpoint-20260529T111633Z,CHEMBL233,μ-opioid,pIC50,IC50,CHEMBL357334,COC(=O)CCCCCCCCC(=O)Oc1ccc2c(c1)[C@@]13CCCC[C@H]1[C@@H](C2)N(CC1CCC1)CC3,6.886056647693163,130.0,external,c1ccc2c(c1)C[C@@H]1[C@@H]3CCCC[C@]23CCN1CC1CCC1,ChEMBL
chembl-endpoint-20260529T111633Z,CHEMBL233,μ-opioid,pIC50,IC50,CHEMBL3707075,Oc1ccc2c(c1)[C@H]1c3cc(O)ccc3[C@H](C2)N2CCC[C@@H]12,6.886056647693163,130.0,external,c1ccc2c(c1)C[C@H]1c3ccccc3[C@H]2[C@@H]2CCCN12,ChEMBL
chembl-endpoint-20260529T111633Z,CHEMBL233,μ-opioid,pIC50,IC50,CHEMBL3707077,CC(=O)Oc1ccc2c(c1)[C@H]1c3cc(OC(C)=O)ccc3[C@H](C2)N2CCC[C@@H]12,6.657577319177793,220.0,external,c1ccc2c(c1)C[C@H]1c3ccccc3[C@H]2[C@@H]2CCCN12,ChEMBL
chembl-endpoint-20260529T111633Z,CHEMBL233,μ-opioid,pIC50,IC50,CHEMBL3707078,Fc1ccc2c(c1)[C@H]1c3cc(F)ccc3[C@H](C2)N2CCC[C@@H]12,6.987162775294828,103.0,external,c1ccc2c(c1)C[C@H]1c3ccccc3[C@H]2[C@@H]2CCCN12,ChEMBL
chembl-endpoint-20260529T111633Z,CHEMBL233,μ-opioid,pIC50,IC50,CHEMBL3707087,c1ccc2c(c1)C[C@H]1c3ccccc3[C@H]2[C@@H]2CCCN12,7.229147988357855,59.0,external,c1ccc2c(c1)C[C@H]1c3ccccc3[C@H]2[C@@H]2CCCN12,ChEMBL
chembl-endpoint-20260529T111633Z,CHEMBL233,μ-opioid,pIC50,IC50,CHEMBL3707096,COc1ccc2c(c1)[C@H]1c3cc(OC)ccc3[C@H](C2)N2CCC[C@@H]12,6.795880017344075,160.0,external,c1ccc2c(c1)C[C@H]1c3ccccc3[C@H]2[C@@H]2CCCN12,ChEMBL
chembl-endpoint-20260529T111633Z,CHEMBL233,μ-opioid,pIC50,IC50,CHEMBL3707097,Brc1ccc2c(c1)[C@H]1c3cc(Br)ccc3[C@H](C2)N2CCC[C@@H]12,6.301029995663981,500.0,external,c1ccc2c(c1)C[C@H]1c3ccccc3[C@H]2[C@@H]2CCCN12,ChEMBL
chembl-endpoint-20260529T111633Z,CHEMBL233,μ-opioid,pIC50,IC50,CHEMBL49269,Oc1ccc2c(c1)[C@@]13CCCC[C@H]1[C@@H](C2)N(CC1CC1)CC3,8.769551078621726,1.7,external,c1ccc2c(c1)C[C@@H]1[C@@H]3CCCC[C@]23CCN1CC1CC1,ChEMBL
chembl-endpoint-20260529T111633Z,CHEMBL233,μ-opioid,pIC50,IC50,CHEMBL92286,C[C@@H](NC(=O)[C@@H](N)Cc1ccc(O)cc1)C(=O)NCC(=O)N[C@@H](Cc1ccccc1)C(=O)NNC(=O)[C@H](N)Cc1c[nH]c2ccccc12,8.698970004336019,2.0,external,O=C(CCc1ccccc1)NCC(=O)NCC(=O)N[C@@H](Cc1ccccc1)C(=O)NNC(=O)CCc1c[nH]c2ccccc12,ChEMBL
chembl-endpoint-20260529T111633Z,CHEMBL233,μ-opioid,pIC50,IC50,CHEMBL111918,O=C(O)CN1CN(c2ccccc2)C2(CCN(C(=O)OCc3cc4c(cc3Cl)OCO4)CC2)C1=O,6.133712660915805,735.0,scaffold_test,O=C(OCc1ccc2c(c1)OCO2)N1CCC2(CC1)C(=O)NCN2c1ccccc1,ChEMBL
chembl-endpoint-20260529T111633Z,CHEMBL233,μ-opioid,pIC50,IC50,CHEMBL112191,COc1ccc(CN2CCC(n3c(O)nc4ccccc43)CC2)c(Cl)c1,7.795880017344075,16.0,scaffold_test,c1ccc(CN2CCC(n3cnc4ccccc43)CC2)cc1,ChEMBL
chembl-endpoint-20260529T111633Z,CHEMBL233,μ-opioid,pIC50,IC50,CHEMBL114825,CNC(=O)CN1CN(c2ccccc2)C2(CCN(C(=O)OCc3cc4c(cc3Cl)OCO4)CC2)C1=O,6.747146969020107,179.0,scaffold_test,O=C(OCc1ccc2c(c1)OCO2)N1CCC2(CC1)C(=O)NCN2c1ccccc1,ChEMBL
chembl-endpoint-20260529T111633Z,CHEMBL233,μ-opioid,pIC50,IC50,CHEMBL115076,O=C(OCc1cc2c(cc1Cl)OCO2)N1CCC2(CC1)C(=O)NCN2c1ccccc1,5.761953896871205,1730.0,scaffold_test,O=C(OCc1ccc2c(c1)OCO2)N1CCC2(CC1)C(=O)NCN2c1ccccc1,ChEMBL
chembl-endpoint-20260529T111633Z,CHEMBL233,μ-opioid,pIC50,IC50,CHEMBL126819,CCN(CC)C(=O)c1ccc(C(c2ccc3cccnc3c2)N2CCNCC2)cc1,5.9931062920521,1016.0,scaffold_test,c1ccc(C(c2ccc3cccnc3c2)N2CCNCC2)cc1,ChEMBL
chembl-endpoint-20260529T111633Z,CHEMBL233,μ-opioid,pIC50,IC50,CHEMBL146054,CC(c1ccccc1Cl)N1CCC(n2c(O)nc3ccccc32)CC1,7.366531544420414,43.0,scaffold_test,c1ccc(CN2CCC(n3cnc4ccccc43)CC2)cc1,ChEMBL
chembl-endpoint-20260529T111633Z,CHEMBL233,μ-opioid,pIC50,IC50,CHEMBL2096625,CN1CC[C@]23c4c5ccc(O)c4O[C@H]2[C@@H](O)C=C[C@H]3[C@H]1C5.CN1CC[C@]23c4c5ccc(O)c4O[C@H]2[C@@H](O)C=C[C@H]3[C@H]1C5.O=S(=O)(O)O,9.0,1.0,scaffold_test,C1=C[C@H]2[C@H]3Cc4cccc5c4[C@@]2(CCN3)[C@H](C1)O5.C1=C[C@H]2[C@H]3Cc4cccc5c4[C@@]2(CCN3)[C@H](C1)O5,ChEMBL
chembl-endpoint-20260529T111633Z,CHEMBL233,μ-opioid,pIC50,IC50,CHEMBL278789,C[C@@H](NC(=O)[C@@H](N)Cc1ccc(O)cc1)C(=O)N[C@@H](Cc1ccccc1)C(=O)NCC(=O)N[C@@H](Cc1ccc(O)cc1)C(=O)N1CCC[C@H]1C(=O)N[C@@H](CO)C(N)=O,8.739928612014925,1.82,scaffold_test,O=C(CCc1ccccc1)NCC(=O)N[C@@H](Cc1ccccc1)C(=O)NCC(=O)N[C@@H](Cc1ccccc1)C(=O)N1CCCC1,ChEMBL
chembl-endpoint-20260529T111633Z,CHEMBL233,μ-opioid,pIC50,IC50,CHEMBL300616,Oc1nc2ccccc2n1C1CCN(Cc2ccccc2)CC1,5.769551078621726,1700.0,scaffold_test,c1ccc(CN2CCC(n3cnc4ccccc43)CC2)cc1,ChEMBL
chembl-endpoint-20260529T111633Z,CHEMBL233,μ-opioid,pIC50,IC50,CHEMBL338436,CCN(CC)C(=O)c1ccc(C(c2ccccc2)N(C)CCNC)cc1,5.15676722190199,6970.0,scaffold_test,c1ccc(Cc2ccccc2)cc1,ChEMBL
chembl-endpoint-20260529T111633Z,CHEMBL233,μ-opioid,pIC50,IC50,CHEMBL3706637,c1ccc2c(c1)C[C@@H]1c3ccccc3[C@H]2[C@@H]2CCCCN12,6.4089353929735005,390.0,scaffold_test,c1ccc2c(c1)C[C@@H]1c3ccccc3[C@H]2[C@@H]2CCCCN12,ChEMBL
chembl-endpoint-20260529T111633Z,CHEMBL233,μ-opioid,pIC50,IC50,CHEMBL3707080,CC(=O)Oc1ccc2c(c1)[C@H]1c3cc(OC(C)=O)ccc3[C@H](C2)N(CC2CC2)[C@@H]1C,7.356547323513812,44.0,scaffold_test,c1ccc2c(c1)C[C@H]1c3ccccc3[C@H]2CN1CC1CC1,ChEMBL
chembl-endpoint-20260529T111633Z,CHEMBL233,μ-opioid,pIC50,IC50,CHEMBL3707082,C[C@@H]1[C@H]2c3cc(O)ccc3C[C@@H](c3ccc(O)cc32)N1CC1CC1,8.193820026016112,6.4,scaffold_test,c1ccc2c(c1)C[C@H]1c3ccccc3[C@H]2CN1CC1CC1,ChEMBL
chembl-endpoint-20260529T111633Z,CHEMBL233,μ-opioid,pIC50,IC50,CHEMBL3707085,C[C@@H]1[C@H]2c3cc(Br)ccc3C[C@@H](c3ccc(Br)cc32)N1CC1CC1,5.688246138944246,2050.0,scaffold_test,c1ccc2c(c1)C[C@H]1c3ccccc3[C@H]2CN1CC1CC1,ChEMBL
chembl-endpoint-20260529T111633Z,CHEMBL233,μ-opioid,pIC50,IC50,CHEMBL3707098,C[C@@H]1[C@H]2c3ccccc3C[C@@H](c3ccccc32)N1CC1CC1,5.966576244513051,1080.0,scaffold_test,c1ccc2c(c1)C[C@H]1c3ccccc3[C@H]2CN1CC1CC1,ChEMBL
chembl-endpoint-20260529T111633Z,CHEMBL233,μ-opioid,pIC50,IC50,CHEMBL3707101,COc1ccc2c(c1)[C@H]1c3cc(OC)ccc3[C@H](C2)N(CC2CC2)[C@@H]1C,5.987162775294828,1030.0,scaffold_test,c1ccc2c(c1)C[C@H]1c3ccccc3[C@H]2CN1CC1CC1,ChEMBL
chembl-endpoint-20260529T111633Z,CHEMBL233,μ-opioid,pIC50,IC50,CHEMBL419214,Cc1ncc([N+](=O)[O-])n1CCNC(=O)N1CCC(c2cc(-c3ccc(Cl)cc3Cl)[nH]n2)CC1,5.539102157243452,2890.0,scaffold_test,O=C(NCCn1ccnc1)N1CCC(c2cc(-c3ccccc3)[nH]n2)CC1,ChEMBL
chembl-endpoint-20260529T111633Z,CHEMBL233,μ-opioid,pIC50,IC50,CHEMBL420500,O=C(OCc1ccc2c(c1)OCO2)N1CCC2(CC1)C(=O)NCN2c1ccccc1,5.641113795594131,2285.0,scaffold_test,O=C(OCc1ccc2c(c1)OCO2)N1CCC2(CC1)C(=O)NCN2c1ccccc1,ChEMBL
chembl-endpoint-20260529T111633Z,CHEMBL233,μ-opioid,pIC50,IC50,CHEMBL424328,O=C(CCCCCCCCCCC(=O)Oc1ccc2c(c1)[C@@]13CCCC[C@H]1[C@@H](C2)N(CC1CCC1)CC3)Oc1ccc2c(c1)[C@@]13CCCC[C@H]1[C@@H](C2)N(CC1CCC1)CC3,7.0,100.0,scaffold_test,O=C(CCCCCCCCCCC(=O)Oc1ccc2c(c1)[C@@]13CCCC[C@H]1[C@@H](C2)N(CC1CCC1)CC3)Oc1ccc2c(c1)[C@@]13CCCC[C@H]1[C@@H](C2)N(CC1CCC1)CC3,ChEMBL
chembl-endpoint-20260529T111633Z,CHEMBL233,μ-opioid,pIC50,IC50,CHEMBL433697,O=C(CCC(=O)Oc1ccc2c(c1)[C@@]13CCCC[C@H]1[C@@H](C2)N(CC1CCC1)CC3)Oc1ccc2c(c1)[C@@]13CCCC[C@H]1[C@@H](C2)N(CC1CCC1)CC3,6.769551078621726,170.0,scaffold_test,O=C(CCC(=O)Oc1ccc2c(c1)[C@@]13CCCC[C@H]1[C@@H](C2)N(CC1CCC1)CC3)Oc1ccc2c(c1)[C@@]13CCCC[C@H]1[C@@H](C2)N(CC1CCC1)CC3,ChEMBL
chembl-endpoint-20260529T111633Z,CHEMBL233,μ-opioid,pIC50,IC50,CHEMBL592,CN1CC[C@]23CCCC[C@H]2[C@H]1Cc1ccc(O)cc13,9.886056647693163,0.13,scaffold_test,c1ccc2c(c1)C[C@H]1NCC[C@@]23CCCC[C@@H]13,ChEMBL
chembl-endpoint-20260529T111633Z,CHEMBL233,μ-opioid,pIC50,IC50,CHEMBL651,CCC(=O)C(CC(C)N(C)C)(c1ccccc1)c1ccccc1,8.387216143280265,4.1,scaffold_test,c1ccc(Cc2ccccc2)cc1,ChEMBL
chembl-endpoint-20260529T111633Z,CHEMBL233,μ-opioid,pIC50,IC50,CHEMBL1052,CCOC(=O)C1(c2ccccc2)CCNCC1,5.958607314841775,1100.0,train,c1ccc(C2CCNCC2)cc1,ChEMBL
chembl-endpoint-20260529T111633Z,CHEMBL233,μ-opioid,pIC50,IC50,CHEMBL114379,Oc1nc2ccccc2n1C1CCN(Cc2cc3c(cc2Cl)OCO3)CC1,8.920818753952375,1.2,train,c1ccc2c(c1)ncn2C1CCN(Cc2ccc3c(c2)OCO3)CC1,ChEMBL
chembl-endpoint-20260529T111633Z,CHEMBL233,μ-opioid,pIC50,IC50,CHEMBL115222,CNC(=O)CN1CN(c2ccccc2)C2(CCN(Cc3cc4c(cc3Cl)OCO4)CC2)C1=O,9.045757490560675,0.9,train,O=C1NCN(c2ccccc2)C12CCN(Cc1ccc3c(c1)OCO3)CC2,ChEMBL
chembl-endpoint-20260529T111633Z,CHEMBL233,μ-opioid,pIC50,IC50,CHEMBL115229,O=[N+]([O-])c1cc2c(cc1CN1CC=C(n3c(O)nc4ccccc43)CC1)OCO2,7.714442690992226,19.3,train,C1=C(n2cnc3ccccc32)CCN(Cc2ccc3c(c2)OCO3)C1,ChEMBL
chembl-endpoint-20260529T111633Z,CHEMBL233,μ-opioid,pIC50,IC50,CHEMBL115249,CCOc1ccc(CCOC(=O)N2CCN(CCCc3ccccc3)CC2)cc1,5.772113295386326,1690.0,train,O=C(OCCc1ccccc1)N1CCN(CCCc2ccccc2)CC1,ChEMBL
chembl-endpoint-20260529T111633Z,CHEMBL233,μ-opioid,pIC50,IC50,CHEMBL115280,O=C1NCN(c2ccccc2)C12CCN(Cc1cccc(Oc3ccccc3)c1)CC2,7.078313524516398,83.5,train,O=C1NCN(c2ccccc2)C12CCN(Cc1cccc(Oc3ccccc3)c1)CC2,ChEMBL
chembl-endpoint-20260529T111633Z,CHEMBL233,μ-opioid,pIC50,IC50,CHEMBL115284,O=C(OCc1cc2c(cc1Cl)OCO2)N1CCC(N2C(=O)CNc3ccccc32)CC1,5.586700235918748,2590.0,train,O=C(OCc1ccc2c(c1)OCO2)N1CCC(N2C(=O)CNc3ccccc32)CC1,ChEMBL
chembl-endpoint-20260529T111633Z,CHEMBL233,μ-opioid,pIC50,IC50,CHEMBL115444,O=C(OCc1cc2c(cc1Cl)OCO2)N1CCC(n2c(O)nc3ccccc32)CC1,6.8326826652518236,147.0,train,O=C(OCc1ccc2c(c1)OCO2)N1CCC(n2cnc3ccccc32)CC1,ChEMBL
chembl-endpoint-20260529T111633Z,CHEMBL233,μ-opioid,pIC50,IC50,CHEMBL115549,O=C(OCc1cc2c(cc1[N+](=O)[O-])OCO2)N1CCC(n2c(O)nc3ccccc32)CC1,5.978810700930062,1050.0,train,O=C(OCc1ccc2c(c1)OCO2)N1CCC(n2cnc3ccccc32)CC1,ChEMBL
chembl-endpoint-20260529T111633Z,CHEMBL233,μ-opioid,pIC50,IC50,CHEMBL115652,O=C1NCN(c2ccccc2)C12CCN(Cc1cc3c(cc1Cl)OCO3)CC2,8.698970004336019,2.0,train,O=C1NCN(c2ccccc2)C12CCN(Cc1ccc3c(c1)OCO3)CC2,ChEMBL
chembl-endpoint-20260529T111633Z,CHEMBL233,μ-opioid,pIC50,IC50,CHEMBL116463,N#Cc1ccc(CCOC(=O)NC2CCN(CCCC(c3ccc(F)cc3)c3ccc(F)cc3)CC2)cc1,5.184090349113226,6545.0,train,O=C(NC1CCN(CCCC(c2ccccc2)c2ccccc2)CC1)OCCc1ccccc1,ChEMBL
chembl-endpoint-20260529T111633Z,CHEMBL233,μ-opioid,pIC50,IC50,CHEMBL123679,CCCCN1CCN(C(c2ccccc2)c2ccc(C(=O)N(CC)CC)cc2)CC1,6.313363730737707,486.0,train,c1ccc(C(c2ccccc2)N2CCNCC2)cc1,ChEMBL
chembl-endpoint-20260529T111633Z,CHEMBL233,μ-opioid,pIC50,IC50,CHEMBL125734,CCN(CC)C(=O)c1ccc(C(c2cccc3ccccc23)N2CCNCC2)cc1,6.1095789811990855,777.0,train,c1ccc(C(c2cccc3ccccc23)N2CCNCC2)cc1,ChEMBL
chembl-endpoint-20260529T111633Z,CHEMBL233,μ-opioid,pIC50,IC50,CHEMBL125742,CCN(CC)C(=O)c1ccc(C(c2cccc(OC)c2)N2CCNCC2)cc1,5.276544327964814,5290.0,train,c1ccc(C(c2ccccc2)N2CCNCC2)cc1,ChEMBL
chembl-endpoint-20260529T111633Z,CHEMBL233,μ-opioid,pIC50,IC50,CHEMBL126141,CCN(CC)C(=O)c1ccc(C(=C2CCN(CC=C(C)C)CC2)c2ccccc2)cc1,5.987162775294828,1030.0,train,c1ccc(C(=C2CCNCC2)c2ccccc2)cc1,ChEMBL
chembl-endpoint-20260529T111633Z,CHEMBL233,μ-opioid,pIC50,IC50,CHEMBL126255,C=CCN1CCC(=C(c2ccccc2)c2ccc(C(=O)N(CC)CC)cc2)CC1,5.47755576649368,3330.0,train,c1ccc(C(=C2CCNCC2)c2ccccc2)cc1,ChEMBL
chembl-endpoint-20260529T111633Z,CHEMBL233,μ-opioid,pIC50,IC50,CHEMBL126366,CCN(CC)C(=O)c1ccc(C(c2cccc3cnccc23)N2CCNCC2)cc1,5.830619504688051,1477.0,train,c1ccc(C(c2cccc3cnccc23)N2CCNCC2)cc1,ChEMBL
chembl-endpoint-20260529T111633Z,CHEMBL233,μ-opioid,pIC50,IC50,CHEMBL126370,CCN(CC)C(=O)c1ccc(C(=C2CCNCC2)c2ccccc2F)cc1,5.525783735923745,2980.0,train,c1ccc(C(=C2CCNCC2)c2ccccc2)cc1,ChEMBL
chembl-endpoint-20260529T111633Z,CHEMBL233,μ-opioid,pIC50,IC50,CHEMBL126857,CCN(CC)C(=O)c1ccc(C(=C2CCNCC2)c2ccc(Cl)c(Cl)c2)cc1,5.586700235918748,2590.0,train,c1ccc(C(=C2CCNCC2)c2ccccc2)cc1,ChEMBL
chembl-endpoint-20260529T111633Z,CHEMBL233,μ-opioid,pIC50,IC50,CHEMBL126884,CCN(CC)C(=O)c1ccc(C(=C2CCNCC2)c2c(C)cccc2C)cc1,5.991399828238082,1020.0,train,c1ccc(C(=C2CCNCC2)c2ccccc2)cc1,ChEMBL
chembl-endpoint-20260529T111633Z,CHEMBL233,μ-opioid,pIC50,IC50,CHEMBL127007,CCN(CC)C(=O)c1ccc(C(=C2CCNCC2)c2ccc(Cl)cc2)cc1,5.296708621881339,5050.0,train,c1ccc(C(=C2CCNCC2)c2ccccc2)cc1,ChEMBL
chembl-endpoint-20260529T111633Z,CHEMBL233,μ-opioid,pIC50,IC50,CHEMBL127434,CCN(CC)C(=O)c1ccc(C(c2cccc(OC)c2)N2CC(C)(C)NCC2C)cc1,6.2076083105017466,620.0,train,c1ccc(C(c2ccccc2)N2CCNCC2)cc1,ChEMBL
chembl-endpoint-20260529T111633Z,CHEMBL233,μ-opioid,pIC50,IC50,CHEMBL127495,CCN(CC)C(=O)c1ccc(C(=C2CCNCC2)c2cccc(N)c2)cc1,5.223298816011589,5980.0,train,c1ccc(C(=C2CCNCC2)c2ccccc2)cc1,ChEMBL
chembl-endpoint-20260529T111633Z,CHEMBL233,μ-opioid,pIC50,IC50,CHEMBL127507,CCN(CC)C(=O)c1ccc(C(c2ccccc2)N2CCCNCC2)cc1,5.640164517660112,2290.0,train,c1ccc(C(c2ccccc2)N2CCCNCC2)cc1,ChEMBL
chembl-endpoint-20260529T111633Z,CHEMBL233,μ-opioid,pIC50,IC50,CHEMBL127638,CCN(CC)C(=O)c1ccc(C(c2ccc(OC)cc2)N2CCNCC2)cc1,5.343135508451083,4538.0,train,c1ccc(C(c2ccccc2)N2CCNCC2)cc1,ChEMBL
chembl-endpoint-20260529T111633Z,CHEMBL233,μ-opioid,pIC50,IC50,CHEMBL127788,CCN(CC)C(=O)c1ccc(C(=C2CCN(CC3CC3)CC2)c2ccccc2)cc1,5.4698003017969175,3390.0,train,c1ccc(C(=C2CCN(CC3CC3)CC2)c2ccccc2)cc1,ChEMBL
chembl-endpoint-20260529T111633Z,CHEMBL233,μ-opioid,pIC50,IC50,CHEMBL127802,CCCCN1CCC(=C(c2ccccc2)c2ccc(C(=O)N(CC)CC)cc2)CC1,5.384049948343599,4130.0,train,c1ccc(C(=C2CCNCC2)c2ccccc2)cc1,ChEMBL
chembl-endpoint-20260529T111633Z,CHEMBL233,μ-opioid,pIC50,IC50,CHEMBL128005,CCN(CC)C(=O)c1ccc(C(c2ccc(C)cc2)N2CCNCC2)cc1,5.14923127307112,7092.0,train,c1ccc(C(c2ccccc2)N2CCNCC2)cc1,ChEMBL
chembl-endpoint-20260529T111633Z,CHEMBL233,μ-opioid,pIC50,IC50,CHEMBL128006,CCN(CC)C(=O)c1ccc(C(c2ccc(Cl)cc2)N2CCNCC2)cc1,5.273272790973428,5330.0,train,c1ccc(C(c2ccccc2)N2CCNCC2)cc1,ChEMBL
chembl-endpoint-20260529T111633Z,CHEMBL233,μ-opioid,pIC50,IC50,CHEMBL129034,CCN(CC)C(=O)c1ccc(C(=C2CCNCC2)c2cccc3ccccc23)cc1,6.087777943467584,817.0,train,c1ccc(C(=C2CCNCC2)c2cccc3ccccc23)cc1,ChEMBL
chembl-endpoint-20260529T111633Z,CHEMBL233,μ-opioid,pIC50,IC50,CHEMBL129300,CCN(CC)C(=O)c1ccc(C(=C2CCNCC2)c2cccc(C(C)=O)c2)cc1,5.482804102050026,3290.0,train,c1ccc(C(=C2CCNCC2)c2ccccc2)cc1,ChEMBL
chembl-endpoint-20260529T111633Z,CHEMBL233,μ-opioid,pIC50,IC50,CHEMBL129420,CCN(CC)C(=O)c1ccc(C(c2cccc3cccnc23)N2CCNCC2)cc1,6.199282921717615,632.0,train,c1ccc(C(c2cccc3cccnc23)N2CCNCC2)cc1,ChEMBL
chembl-endpoint-20260529T111633Z,CHEMBL233,μ-opioid,pIC50,IC50,CHEMBL129693,CCN(CC)C(=O)c1ccc(C(=C2CCNCC2)c2ccc(SC)cc2)cc1,5.170053304058364,6760.0,train,c1ccc(C(=C2CCNCC2)c2ccccc2)cc1,ChEMBL
chembl-endpoint-20260529T111633Z,CHEMBL233,μ-opioid,pIC50,IC50,CHEMBL133719,Cc1cc(O)cc(C)c1[C@H](C)[C@H](N)C(=O)N[C@H](C(=O)NCC(=O)N[C@@H](Cc1ccccc1)C(=O)N[C@H](C(=O)O)C(C)(C)S)C(C)(C)S,6.142667503568732,720.0,train,O=C(CCc1ccccc1)NCC(=O)NCC(=O)NCCc1ccccc1,ChEMBL
chembl-endpoint-20260529T111633Z,CHEMBL233,μ-opioid,pIC50,IC50,CHEMBL134652,Cc1cc(O)cc(C)c1[C@@H](C)[C@@H](N)C(=O)N[C@H](C(=O)NCC(=O)N[C@@H](Cc1ccccc1)C(=O)N[C@H](C(=O)O)C(C)(C)S)C(C)(C)S,4.113509274827518,77000.0,train,O=C(CCc1ccccc1)NCC(=O)NCC(=O)NCCc1ccccc1,ChEMBL
chembl-endpoint-20260529T111633Z,CHEMBL233,μ-opioid,pIC50,IC50,CHEMBL13470,C=CCN1C[C@H](C)N([C@H](c2ccc(C(=O)N(CC)CC)cc2)c2cccc(OC)c2)C[C@H]1C,6.494850021680094,320.0,train,c1ccc(C(c2ccccc2)N2CCNCC2)cc1,ChEMBL
chembl-endpoint-20260529T111633Z,CHEMBL233,μ-opioid,pIC50,IC50,CHEMBL136421,CNC(=O)c1cccc([C@]2(C)CCN(CCc3ccccc3)C[C@@H]2C)c1,7.619788758288394,24.0,train,c1ccc(CCN2CCC(c3ccccc3)CC2)cc1,ChEMBL
chembl-endpoint-20260529T111633Z,CHEMBL233,μ-opioid,pIC50,IC50,CHEMBL138036,C[C@H]1CN(CCc2ccccc2)CC[C@@]1(C)c1cccc(CO)c1,8.67778070526608,2.1,train,c1ccc(CCN2CCC(c3ccccc3)CC2)cc1,ChEMBL
chembl-endpoint-20260529T111633Z,CHEMBL233,μ-opioid,pIC50,IC50,CHEMBL138750,CC(=O)Nc1cccc([C@]2(C)CCN(CCc3ccccc3)C[C@@H]2C)c1,7.795880017344075,16.0,train,c1ccc(CCN2CCC(c3ccccc3)CC2)cc1,ChEMBL
chembl-endpoint-20260529T111633Z,CHEMBL233,μ-opioid,pIC50,IC50,CHEMBL144261,c1ccc(C2(c3ccccc3)CCNCC2)cc1,4.769551078621726,17000.0,train,c1ccc(C2(c3ccccc3)CCNCC2)cc1,ChEMBL
chembl-endpoint-20260529T111633Z,CHEMBL233,μ-opioid,pIC50,IC50,CHEMBL144894,Cc1cc(C)cc(C2(c3cc(C)cc(C)c3)CCNCC2)c1,4.568636235841013,27000.0,train,c1ccc(C2(c3ccccc3)CCNCC2)cc1,ChEMBL
chembl-endpoint-20260529T111633Z,CHEMBL233,μ-opioid,pIC50,IC50,CHEMBL146191,Oc1nc2ccccc2n1C1CCN(CC2CCCCCCC2)CC1,6.107905397309519,780.0,train,c1ccc2c(c1)ncn2C1CCN(CC2CCCCCCC2)CC1,ChEMBL
chembl-endpoint-20260529T111633Z,CHEMBL233,μ-opioid,pIC50,IC50,CHEMBL14653,CC(=O)c1ccc(-c2cccn(C(CN3CCC(O)C3)c3ccccc3)c2=O)cc1,5.756961951313706,1750.0,train,O=c1c(-c2ccccc2)cccn1C(CN1CCCC1)c1ccccc1,ChEMBL
chembl-endpoint-20260529T111633Z,CHEMBL233,μ-opioid,pIC50,IC50,CHEMBL147511,O=C(CCCCCCCCC(=O)Oc1ccc2c(c1)[C@@]13CCCC[C@H]1[C@@H](C2)N(CC1CCC1)CC3)Oc1ccc2c(c1)[C@@]13CCCC[C@H]1[C@@H](C2)N(CC1CCC1)CC3,7.795880017344075,16.0,train,O=C(CCCCCCCCC(=O)Oc1ccc2c(c1)[C@@]13CCCC[C@H]1[C@@H](C2)N(CC1CCC1)CC3)Oc1ccc2c(c1)[C@@]13CCCC[C@H]1[C@@H](C2)N(CC1CCC1)CC3,ChEMBL
chembl-endpoint-20260529T111633Z,CHEMBL233,μ-opioid,pIC50,IC50,CHEMBL14959,Nc1cccc(-c2cccn(C(CN3CCC(O)C3)c3ccccc3)c2=O)c1,5.536107011014093,2910.0,train,O=c1c(-c2ccccc2)cccn1C(CN1CCCC1)c1ccccc1,ChEMBL
chembl-endpoint-20260529T111633Z,CHEMBL233,μ-opioid,pIC50,IC50,CHEMBL14969,O=c1c(-c2ccc(Cl)cc2Cl)cccn1C(CN1CCCC1)c1ccccc1,5.6777807052660805,2100.0,train,O=c1c(-c2ccccc2)cccn1C(CN1CCCC1)c1ccccc1,ChEMBL
chembl-endpoint-20260529T111633Z,CHEMBL233,μ-opioid,pIC50,IC50,CHEMBL15257,O=c1c(-c2ccc(Cl)cc2Cl)cncn1C(CN1CCCC1)c1ccccc1,5.017728766960431,9600.0,train,O=c1c(-c2ccccc2)cncn1C(CN1CCCC1)c1ccccc1,ChEMBL
chembl-endpoint-20260529T111633Z,CHEMBL233,μ-opioid,pIC50,IC50,CHEMBL15264,O=c1c(Nc2ccc(C(F)(F)F)cc2)cccn1C(CN1CCCC1)c1ccccc1,5.0,10000.0,train,O=c1c(Nc2ccccc2)cccn1C(CN1CCCC1)c1ccccc1,ChEMBL
chembl-endpoint-20260529T111633Z,CHEMBL233,μ-opioid,pIC50,IC50,CHEMBL15428,COc1ccc(Cl)cc1-c1cccn(C(CN2CCC(O)C2)c2ccccc2)c1=O,6.721246399047171,190.0,train,O=c1c(-c2ccccc2)cccn1C(CN1CCCC1)c1ccccc1,ChEMBL
chembl-endpoint-20260529T111633Z,CHEMBL233,μ-opioid,pIC50,IC50,CHEMBL1707,CN(C)C(=O)C(CCN1CCC(O)(c2ccc(Cl)cc2)CC1)(c1ccccc1)c1ccccc1.Cl,8.823908740944319,1.5,train,c1ccc(C2CCN(CCC(c3ccccc3)c3ccccc3)CC2)cc1,ChEMBL
chembl-endpoint-20260529T111633Z,CHEMBL233,μ-opioid,pIC50,IC50,CHEMBL1790709,CC(C)C[C@H](NC(=O)[C@H](Cc1ccccc1)NC(=O)CNC(=O)[C@H](NC(=O)[C@@H](N)Cc1ccc(O)cc1)[C@@H](C)O)C(=O)N[C@@H](CO[C@H]1O[C@@H](CO)[C@H](O)[C@@H](O)[C@H]1O)C(N)=O,8.086186147616283,8.2,train,O=C(CCc1ccccc1)NCC(=O)NCC(=O)N[C@@H](Cc1ccccc1)C(=O)NCC(=O)NCCO[C@@H]1CCCCO1,ChEMBL
chembl-endpoint-20260529T111633Z,CHEMBL233,μ-opioid,pIC50,IC50,CHEMBL1790710,CC(C)C[C@H](NC(=O)[C@H](Cc1ccccc1)NC(=O)CNC(=O)[C@H](NC(=O)[C@@H](N)Cc1ccc(O)cc1)[C@@H](C)O)C(=O)N[C@@H](CO)C(N)=O,8.397940008672037,4.0,train,O=C(CCc1ccccc1)NCC(=O)NCC(=O)NCCc1ccccc1,ChEMBL
chembl-endpoint-20260529T111633Z,CHEMBL233,μ-opioid,pIC50,IC50,CHEMBL200199,C[C@@H](NC(=O)[C@@H](N)Cc1ccc(O)cc1)C(=O)NCC(=O)N[C@@H](Cc1ccccc1)C(=O)NNC(=O)[C@H](Cc1ccccc1)NC(=O)CNC(=O)[C@@H](C)NC(=O)[C@@H](N)Cc1ccc(O)cc1,8.853871964321762,1.4,train,O=C(CCc1ccccc1)NCC(=O)NCC(=O)N[C@@H](Cc1ccccc1)C(=O)NNC(=O)[C@H](Cc1ccccc1)NC(=O)CNC(=O)CNC(=O)CCc1ccccc1,ChEMBL
chembl-endpoint-20260529T111633Z,CHEMBL233,μ-opioid,pIC50,IC50,CHEMBL2112649,CCN(CC)C(=O)c1ccc(C(c2ccc3cc[nH]c3c2)N2CCNCC2)cc1,5.653255945395151,2222.0,train,c1ccc(C(c2ccc3cc[nH]c3c2)N2CCNCC2)cc1,ChEMBL
chembl-endpoint-20260529T111633Z,CHEMBL233,μ-opioid,pIC50,IC50,CHEMBL2112835,CN1[C@@H]2Cc3ccccc3[C@@H](c3ccccc32)[C@@H]1CCCO,5.939302159646388,1150.0,train,c1ccc2c(c1)C[C@H]1NC[C@@H]2c2ccccc21,ChEMBL
chembl-endpoint-20260529T111633Z,CHEMBL233,μ-opioid,pIC50,IC50,CHEMBL2112838,C[C@H]1[C@H]2c3ccccc3C[C@H](c3ccccc32)N1C,6.213958789757446,611.0,train,c1ccc2c(c1)C[C@H]1NC[C@@H]2c2ccccc21,ChEMBL
chembl-endpoint-20260529T111633Z,CHEMBL233,μ-opioid,pIC50,IC50,CHEMBL2112841,CN1[C@@H]2Cc3ccccc3[C@@H](c3ccccc32)[C@@H]1Cc1ccccc1,5.978810700930062,1050.0,train,c1ccc(C[C@@H]2N[C@@H]3Cc4ccccc4[C@H]2c2ccccc23)cc1,ChEMBL
chembl-endpoint-20260529T111633Z,CHEMBL233,μ-opioid,pIC50,IC50,CHEMBL2112842,CC(C)C[C@H]1[C@H]2c3ccccc3C[C@H](c3ccccc32)N1C,5.995678626217358,1010.0,train,c1ccc2c(c1)C[C@H]1NC[C@@H]2c2ccccc21,ChEMBL
chembl-endpoint-20260529T111633Z,CHEMBL233,μ-opioid,pIC50,IC50,CHEMBL2112843,CC(C)[C@H]1[C@H]2c3ccccc3C[C@H](c3ccccc32)N1C,6.158015195409886,695.0,train,c1ccc2c(c1)C[C@H]1NC[C@@H]2c2ccccc21,ChEMBL
chembl-endpoint-20260529T111633Z,CHEMBL233,μ-opioid,pIC50,IC50,CHEMBL2112844,C[C@H]1N[C@@H]2Cc3ccccc3[C@H]1c1ccccc12,6.187086643357144,650.0,train,c1ccc2c(c1)C[C@H]1NC[C@@H]2c2ccccc21,ChEMBL
chembl-endpoint-20260529T111633Z,CHEMBL233,μ-opioid,pIC50,IC50,CHEMBL214929,CCCC[C@@H](N)C(=O)NNC(=O)[C@H](Cc1ccccc1)NC(=O)CNC(=O)[C@@H](C)NC(=O)[C@@H](N)Cc1ccc(O)cc1,8.229147988357855,5.9,train,O=C(CCc1ccccc1)NCC(=O)NCC(=O)NCCc1ccccc1,ChEMBL
chembl-endpoint-20260529T111633Z,CHEMBL233,μ-opioid,pIC50,IC50,CHEMBL2368861,CO[C@@]12CC[C@@]3(C[C@@H]1[C@](C)(O)C(C)(C)C)[C@H]1Cc4ccc(O)c5c4[C@@]3(CCN1CC1CC1)[C@H]2O5.Cl,8.769551078621726,1.7,train,c1cc2c3c(c1)O[C@H]1C4CCC5(CC4)[C@@H](C2)N(CC2CC2)CC[C@]315,ChEMBL
chembl-endpoint-20260529T111633Z,CHEMBL233,μ-opioid,pIC50,IC50,CHEMBL24035,C=CCN1CCN(C(c2ccccc2)c2ccc(C(=O)N(CC)CC)cc2)CC1,5.2955063029907015,5064.0,train,c1ccc(C(c2ccccc2)N2CCNCC2)cc1,ChEMBL
chembl-endpoint-20260529T111633Z,CHEMBL233,μ-opioid,pIC50,IC50,CHEMBL25230,C=CCN1C[C@H](C)N([C@H](c2ccc(C(=O)N(CC)CC)cc2)c2cccc(O)c2)C[C@H]1C,8.67778070526608,2.1,train,c1ccc(C(c2ccccc2)N2CCNCC2)cc1,ChEMBL
chembl-endpoint-20260529T111633Z,CHEMBL233,μ-opioid,pIC50,IC50,CHEMBL275176,COc1ccc(OC)c(-c2cccn(C(CN3CCC(O)C3)c3ccccc3)c2=O)c1,5.653647025549361,2220.0,train,O=c1c(-c2ccccc2)cccn1C(CN1CCCC1)c1ccccc1,ChEMBL
chembl-endpoint-20260529T111633Z,CHEMBL233,μ-opioid,pIC50,IC50,CHEMBL278078,CCN(CC)C(=O)c1ccc(C(=C2CCNCC2)c2ccccc2OC)cc1,5.458420756053419,3480.0,train,c1ccc(C(=C2CCNCC2)c2ccccc2)cc1,ChEMBL
chembl-endpoint-20260529T111633Z,CHEMBL233,μ-opioid,pIC50,IC50,CHEMBL280037,O=c1c(-c2ccc(C(F)(F)F)cc2)cccn1C(CN1CCCC1)c1ccccc1,5.566070234391536,2716.0,train,O=c1c(-c2ccccc2)cccn1C(CN1CCCC1)c1ccccc1,ChEMBL
chembl-endpoint-20260529T111633Z,CHEMBL233,μ-opioid,pIC50,IC50,CHEMBL293143,COc1ccc(Cl)cc1-c1cccn(C(CN2CCCC2)c2ccccc2)c1=O,5.906578314837765,1240.0,train,O=c1c(-c2ccccc2)cccn1C(CN1CCCC1)c1ccccc1,ChEMBL
chembl-endpoint-20260529T111633Z,CHEMBL233,μ-opioid,pIC50,IC50,CHEMBL293619,O=c1c(-c2cccc([N+](=O)[O-])c2)cccn1C(CN1CCCC1)c1ccccc1,5.407823242604133,3910.0,train,O=c1c(-c2ccccc2)cccn1C(CN1CCCC1)c1ccccc1,ChEMBL
chembl-endpoint-20260529T111633Z,CHEMBL233,μ-opioid,pIC50,IC50,CHEMBL294174,O=c1c(-c2cccc(Cl)c2)cccn1C(CN1CCCC1)c1ccccc1,6.511449283499556,308.0,train,O=c1c(-c2ccccc2)cccn1C(CN1CCCC1)c1ccccc1,ChEMBL
chembl-endpoint-20260529T111633Z,CHEMBL233,μ-opioid,pIC50,IC50,CHEMBL304263,COc1ccccc1-c1cccn(C(CN2CCCC2)c2ccccc2)c1=O,5.920818753952375,1200.0,train,O=c1c(-c2ccccc2)cccn1C(CN1CCCC1)c1ccccc1,ChEMBL
chembl-endpoint-20260529T111633Z,CHEMBL233,μ-opioid,pIC50,IC50,CHEMBL304404,O=c1c(-c2ccc3ccccc3c2)cccn1C(CN1CCCC1)c1ccccc1,5.5718652059712115,2680.0,train,O=c1c(-c2ccc3ccccc3c2)cccn1C(CN1CCCC1)c1ccccc1,ChEMBL
chembl-endpoint-20260529T111633Z,CHEMBL233,μ-opioid,pIC50,IC50,CHEMBL305552,COc1ccc(-c2cccn(C(CN3CCCC3)c3ccccc3)c2=O)cc1,5.8344589232776265,1464.0,train,O=c1c(-c2ccccc2)cccn1C(CN1CCCC1)c1ccccc1,ChEMBL
chembl-endpoint-20260529T111633Z,CHEMBL233,μ-opioid,pIC50,IC50,CHEMBL31421,CC1(C)SSC(C)(C)[C@@H](NC(=O)[C@@H](N)Cc2ccc(O)cc2)C(=O)NCC(=O)N[C@@H](Cc2ccccc2)C(=O)N[C@H]1C(=O)O,6.214670164989233,610.0,train,O=C1CNC(=O)[C@H](NC(=O)CCc2ccccc2)CSSCCNC(=O)[C@H](Cc2ccccc2)N1,ChEMBL
chembl-endpoint-20260529T111633Z,CHEMBL233,μ-opioid,pIC50,IC50,CHEMBL319536,C[C@H]1CN(CCc2ccccc2)CC[C@@]1(C)c1cccc(O)c1,8.698970004336019,2.0,train,c1ccc(CCN2CCC(c3ccccc3)CC2)cc1,ChEMBL
chembl-endpoint-20260529T111633Z,CHEMBL233,μ-opioid,pIC50,IC50,CHEMBL319822,C[C@@H](NC(=O)[C@@H](N)Cc1ccc(O)cc1)C(=O)NCC(=O)N[C@@H](Cc1c[nH]c2ccccc12)C(=O)NNC(=O)[C@H](N)Cc1ccccc1,8.080921907623926,8.3,train,O=C(CCc1ccccc1)NCC(=O)NCC(=O)N[C@@H](Cc1c[nH]c2ccccc12)C(=O)NNC(=O)CCc1ccccc1,ChEMBL
chembl-endpoint-20260529T111633Z,CHEMBL233,μ-opioid,pIC50,IC50,CHEMBL324297,O=[N+]([O-])c1cc2c(cc1CN1CCC(n3c(O)nc4ccccc43)CC1)OCO2,8.823908740944319,1.5,train,c1ccc2c(c1)ncn2C1CCN(Cc2ccc3c(c2)OCO3)CC1,ChEMBL
chembl-endpoint-20260529T111633Z,CHEMBL233,μ-opioid,pIC50,IC50,CHEMBL324479,COC(=O)c1csc(S(=O)(=O)N2CCN(C(=O)c3ccccc3Nc3ccccc3)CC2)c1OC,5.3049563411787055,4955.0,train,O=C(c1ccccc1Nc1ccccc1)N1CCN(S(=O)(=O)c2cccs2)CC1,ChEMBL
chembl-endpoint-20260529T111633Z,CHEMBL233,μ-opioid,pIC50,IC50,CHEMBL325674,O=C(OC1CCc2ccccc21)N1CCC2(CC1)C(=O)NCN2c1ccccc1,5.8326826652518236,1470.0,train,O=C(OC1CCc2ccccc21)N1CCC2(CC1)C(=O)NCN2c1ccccc1,ChEMBL
chembl-endpoint-20260529T111633Z,CHEMBL233,μ-opioid,pIC50,IC50,CHEMBL325697,O=C(c1cc2cc(Cl)ccc2[nH]1)N1CCN(S(=O)(=O)c2ccc([N+](=O)[O-])cc2[N+](=O)[O-])CC1,5.641113795594131,2285.0,train,O=C(c1cc2ccccc2[nH]1)N1CCN(S(=O)(=O)c2ccccc2)CC1,ChEMBL
chembl-endpoint-20260529T111633Z,CHEMBL233,μ-opioid,pIC50,IC50,CHEMBL325750,O=C1NCN(c2ccccc2)C12CCN(Cc1ccc3nsnc3c1)CC2,7.603800652904264,24.9,train,O=C1NCN(c2ccccc2)C12CCN(Cc1ccc3nsnc3c1)CC2,ChEMBL
chembl-endpoint-20260529T111633Z,CHEMBL233,μ-opioid,pIC50,IC50,CHEMBL325842,O=C1CNc2ccccc2N1C1CCN(Cc2cc3c(cc2Cl)OCO3)CC1,8.200659450546418,6.3,train,O=C1CNc2ccccc2N1C1CCN(Cc2ccc3c(c2)OCO3)CC1,ChEMBL
chembl-endpoint-20260529T111633Z,CHEMBL233,μ-opioid,pIC50,IC50,CHEMBL326263,N#Cc1ccc(CCOC(=O)N2CCN(CCCC(c3ccc(F)cc3)c3ccc(F)cc3)CC2)cc1,5.8326826652518236,1470.0,train,O=C(OCCc1ccccc1)N1CCN(CCCC(c2ccccc2)c2ccccc2)CC1,ChEMBL
chembl-endpoint-20260529T111633Z,CHEMBL233,μ-opioid,pIC50,IC50,CHEMBL326320,Cc1ccc2nc(O)n(C3CCN(C(=O)OCc4cc5c(cc4Cl)OCO5)CC3)c2c1,5.9083330424043154,1235.0,train,O=C(OCc1ccc2c(c1)OCO2)N1CCC(n2cnc3ccccc32)CC1,ChEMBL
chembl-endpoint-20260529T111633Z,CHEMBL233,μ-opioid,pIC50,IC50,CHEMBL326962,O=C1NCN(c2ccccc2)C12CCN(Cc1ccc3c(c1)OCO3)CC2,7.777283528852417,16.7,train,O=C1NCN(c2ccccc2)C12CCN(Cc1ccc3c(c1)OCO3)CC2,ChEMBL
chembl-endpoint-20260529T111633Z,CHEMBL233,μ-opioid,pIC50,IC50,CHEMBL328443,CCCC[C@H](N)C(=O)NNC(=O)[C@H](Cc1ccccc1)NC(=O)CNC(=O)[C@@H](C)NC(=O)[C@@H](N)Cc1ccc(O)cc1,8.886056647693163,1.3,train,O=C(CCc1ccccc1)NCC(=O)NCC(=O)NCCc1ccccc1,ChEMBL
chembl-endpoint-20260529T111633Z,CHEMBL233,μ-opioid,pIC50,IC50,CHEMBL328902,C[C@@H](NC(=O)[C@@H](N)Cc1ccc(O)cc1)C(=O)NCC(=O)N[C@@H](Cc1ccccc1)C(=O)NNC(=O)[C@H](N)Cc1ccccc1,9.130768280269024,0.74,train,O=C(CCc1ccccc1)NCC(=O)NCC(=O)N[C@@H](Cc1ccccc1)C(=O)NNC(=O)CCc1ccccc1,ChEMBL
chembl-endpoint-20260529T111633Z,CHEMBL233,μ-opioid,pIC50,IC50,CHEMBL333843,O=C(NCCCn1c(O)nc2ccccc21)OCc1cc2c(cc1Cl)OCO2,5.605548319173784,2480.0,train,O=C(NCCCn1cnc2ccccc21)OCc1ccc2c(c1)OCO2,ChEMBL
chembl-endpoint-20260529T111633Z,CHEMBL233,μ-opioid,pIC50,IC50,CHEMBL334369,Cc1cc(O)cc(C)c1[C@@H](C)[C@H](N)C(=O)N[C@H](C(=O)NCC(=O)N[C@@H](Cc1ccccc1)C(=O)N[C@H](C(=O)O)C(C)(C)S)C(C)(C)S,5.366531544420414,4300.0,train,O=C(CCc1ccccc1)NCC(=O)NCC(=O)NCCc1ccccc1,ChEMBL
chembl-endpoint-20260529T111633Z,CHEMBL233,μ-opioid,pIC50,IC50,CHEMBL336234,C[C@H]1CN(CCc2ccccc2)CC[C@@]1(C)c1cccc(C(N)=O)c1,8.721246399047171,1.9,train,c1ccc(CCN2CCC(c3ccccc3)CC2)cc1,ChEMBL
chembl-endpoint-20260529T111633Z,CHEMBL233,μ-opioid,pIC50,IC50,CHEMBL338980,CCN(CC)C(=O)c1ccc(C(c2ccccc2)N2CCNCC2)cc1,5.088842391260023,8150.0,train,c1ccc(C(c2ccccc2)N2CCNCC2)cc1,ChEMBL
chembl-endpoint-20260529T111633Z,CHEMBL233,μ-opioid,pIC50,IC50,CHEMBL339457,CCN(CC)C(=O)c1ccc(C(=C2CCNCC2)c2cccc(F)c2)cc1,5.447331783887806,3570.0,train,c1ccc(C(=C2CCNCC2)c2ccccc2)cc1,ChEMBL
chembl-endpoint-20260529T111633Z,CHEMBL233,μ-opioid,pIC50,IC50,CHEMBL339898,CCN(CC)C(=O)c1ccc(C(=C2CCNCC2)c2cccc(C(F)(F)F)c2)cc1,5.82102305270683,1510.0,train,c1ccc(C(=C2CCNCC2)c2ccccc2)cc1,ChEMBL
chembl-endpoint-20260529T111633Z,CHEMBL233,μ-opioid,pIC50,IC50,CHEMBL339922,CCN(CC)C(=O)c1ccc(C(=C2CCNCC2)c2ccc(OC)cc2)cc1,5.26440110030182,5440.0,train,c1ccc(C(=C2CCNCC2)c2ccccc2)cc1,ChEMBL
chembl-endpoint-20260529T111633Z,CHEMBL233,μ-opioid,pIC50,IC50,CHEMBL340131,CCN(CC)C(=O)c1ccc(C(=C2CCNCC2)c2cccc([N+](=O)[O-])c2)cc1,5.562249437179612,2740.0,train,c1ccc(C(=C2CCNCC2)c2ccccc2)cc1,ChEMBL
chembl-endpoint-20260529T111633Z,CHEMBL233,μ-opioid,pIC50,IC50,CHEMBL340476,CCN(CC)C(=O)c1ccc(C(=C2CCN(C3CCCCC3)CC2)c2ccccc2)cc1,6.224025668870631,597.0,train,c1ccc(C(=C2CCN(C3CCCCC3)CC2)c2ccccc2)cc1,ChEMBL
chembl-endpoint-20260529T111633Z,CHEMBL233,μ-opioid,pIC50,IC50,CHEMBL340724,CCN(CC)C(=O)c1ccc(C(C2CCCCC2)N2CCNCC2)cc1,6.732828271596986,185.0,train,c1ccc(C(C2CCCCC2)N2CCNCC2)cc1,ChEMBL
chembl-endpoint-20260529T111633Z,CHEMBL233,μ-opioid,pIC50,IC50,CHEMBL340834,CCN(CC)C(=O)c1ccc(C(c2cccc(F)c2)N2CCNCC2)cc1,5.248182212263121,5647.0,train,c1ccc(C(c2ccccc2)N2CCNCC2)cc1,ChEMBL
chembl-endpoint-20260529T111633Z,CHEMBL233,μ-opioid,pIC50,IC50,CHEMBL344967,Cc1ccc(C2(c3ccccc3C)CCNCC2)cc1,5.221848749616356,6000.0,train,c1ccc(C2(c3ccccc3)CCNCC2)cc1,ChEMBL
chembl-endpoint-20260529T111633Z,CHEMBL233,μ-opioid,pIC50,IC50,CHEMBL346436,O=C(CCCCCCCC(=O)Oc1ccc2c(c1)[C@@]13CCCC[C@H]1[C@@H](C2)N(CC1CCC1)CC3)Oc1ccc2c(c1)[C@@]13CCCC[C@H]1[C@@H](C2)N(CC1CCC1)CC3,6.443697499232712,360.0,train,O=C(CCCCCCCC(=O)Oc1ccc2c(c1)[C@@]13CCCC[C@H]1[C@@H](C2)N(CC1CCC1)CC3)Oc1ccc2c(c1)[C@@]13CCCC[C@H]1[C@@H](C2)N(CC1CCC1)CC3,ChEMBL
chembl-endpoint-20260529T111633Z,CHEMBL233,μ-opioid,pIC50,IC50,CHEMBL358104,O=C(CCCCCCCCC(=O)Oc1ccc2c(c1)[C@@]13CCCC[C@H]1[C@@H](C2)N(CC1CC1)CC3)Oc1ccc2c(c1)[C@@]13CCCC[C@H]1[C@@H](C2)N(CC1CC1)CC3,7.045757490560675,90.0,train,O=C(CCCCCCCCC(=O)Oc1ccc2c(c1)[C@@]13CCCC[C@H]1[C@@H](C2)N(CC1CC1)CC3)Oc1ccc2c(c1)[C@@]13CCCC[C@H]1[C@@H](C2)N(CC1CC1)CC3,ChEMBL
chembl-endpoint-20260529T111633Z,CHEMBL233,μ-opioid,pIC50,IC50,CHEMBL362991,NC(=O)[C@@H]1CCCN1C(=O)[C@H](Cc1ccccc1)NC(=O)[C@@H]1CCCN1C(=O)[C@@H](N)Cc1ccc(O)cc1,6.494850021680094,320.0,train,O=C(N[C@@H](Cc1ccccc1)C(=O)N1CCCC1)[C@@H]1CCCN1C(=O)CCc1ccccc1,ChEMBL
chembl-endpoint-20260529T111633Z,CHEMBL233,μ-opioid,pIC50,IC50,CHEMBL369475,COc1ccc2c3c1O[C@H]1[C@@H](O)C=C[C@H]4[C@@H](C2)N(C)CC[C@@]341.O,6.2839966563652006,520.0,train,C1=C[C@H]2[C@H]3Cc4cccc5c4[C@@]2(CCN3)[C@H](C1)O5,ChEMBL
chembl-endpoint-20260529T111633Z,CHEMBL233,μ-opioid,pIC50,IC50,CHEMBL3706645,C[C@H]1[C@@H]2c3ccccc3C[C@H](c3ccccc32)N1CO,6.393618634889395,404.0,train,c1ccc2c(c1)C[C@H]1NC[C@H]2c2ccccc21,ChEMBL
chembl-endpoint-20260529T111633Z,CHEMBL233,μ-opioid,pIC50,IC50,CHEMBL3706646,C[C@H]1[C@@H]2c3ccccc3C[C@H](c3ccccc32)N1CCO,6.11690664142431,764.0,train,c1ccc2c(c1)C[C@H]1NC[C@H]2c2ccccc21,ChEMBL
chembl-endpoint-20260529T111633Z,CHEMBL233,μ-opioid,pIC50,IC50,CHEMBL3707076,Brc1ccc(CNc2ccc3c(c2)[C@H]2c4cc(NCc5ccc(Br)cc5)ccc4[C@H](C3)N3CCC[C@@H]23)cc1,6.920818753952375,120.0,train,c1ccc(CNc2ccc3c(c2)[C@H]2c4cc(NCc5ccccc5)ccc4[C@H](C3)N3CCC[C@@H]23)cc1,ChEMBL
chembl-endpoint-20260529T111633Z,CHEMBL233,μ-opioid,pIC50,IC50,CHEMBL3707081,CC(=O)Oc1ccc2c(c1)[C@H]1c3cc(OC(C)=O)ccc3[C@H](C2)N(C)[C@@H]1C,6.698970004336019,200.0,train,c1ccc2c(c1)C[C@@H]1NC[C@@H]2c2ccccc21,ChEMBL
chembl-endpoint-20260529T111633Z,CHEMBL233,μ-opioid,pIC50,IC50,CHEMBL3707083,C[C@@H]1[C@H]2c3cc(O)ccc3C[C@@H](c3ccc(O)cc32)N1C,7.795880017344075,16.0,train,c1ccc2c(c1)C[C@@H]1NC[C@@H]2c2ccccc21,ChEMBL
chembl-endpoint-20260529T111633Z,CHEMBL233,μ-opioid,pIC50,IC50,CHEMBL3707084,COc1ccc2c(c1)[C@H]1c3cc(OC)ccc3[C@H](C2)N(C)[C@@H]1C,6.376750709602099,420.0,train,c1ccc2c(c1)C[C@@H]1NC[C@@H]2c2ccccc21,ChEMBL
chembl-endpoint-20260529T111633Z,CHEMBL233,μ-opioid,pIC50,IC50,CHEMBL3707086,C[C@@H]1[C@H]2c3cc(Br)ccc3C[C@@H](c3ccc(Br)cc32)N1C,6.443697499232712,360.0,train,c1ccc2c(c1)C[C@@H]1NC[C@@H]2c2ccccc21,ChEMBL
chembl-endpoint-20260529T111633Z,CHEMBL233,μ-opioid,pIC50,IC50,CHEMBL3707088,C[C@@H]1[C@H]2c3cc(N4CCN(C)CC4)ccc3C[C@@H](c3ccc(N4CCN(C)CC4)cc32)N1CC1CC1,6.161150909262744,690.0,train,c1cc2c(cc1N1CCNCC1)[C@@H]1CN(CC3CC3)[C@@H](C2)c2ccc(N3CCNCC3)cc21,ChEMBL
chembl-endpoint-20260529T111633Z,CHEMBL233,μ-opioid,pIC50,IC50,CHEMBL3707089,C[C@@H]1[C@H]2c3cc(NCc4ccccc4)ccc3C[C@@H](c3ccc(NCc4ccccc4)cc32)N1CC1CC1,8.154901959985743,7.0,train,c1ccc(CNc2ccc3c(c2)[C@@H]2CN(CC4CC4)[C@@H](C3)c3ccc(NCc4ccccc4)cc32)cc1,ChEMBL
chembl-endpoint-20260529T111633Z,CHEMBL233,μ-opioid,pIC50,IC50,CHEMBL3707093,C[C@@H]1[C@H]2c3cc(N4CCOCC4)ccc3C[C@@H](c3ccc(N4CCOCC4)cc32)N1C,6.161150909262744,690.0,train,c1cc2c(cc1N1CCOCC1)[C@@H]1CN[C@@H](C2)c2ccc(N3CCOCC3)cc21,ChEMBL
chembl-endpoint-20260529T111633Z,CHEMBL233,μ-opioid,pIC50,IC50,CHEMBL3707094,C[C@@H]1[C@H]2c3cc(N4CCN(C)CC4)ccc3C[C@@H](c3ccc(N4CCN(C)CC4)cc32)N1C,7.275724130399211,53.0,train,c1cc2c(cc1N1CCNCC1)[C@@H]1CN[C@@H](C2)c2ccc(N3CCNCC3)cc21,ChEMBL
chembl-endpoint-20260529T111633Z,CHEMBL233,μ-opioid,pIC50,IC50,CHEMBL3707095,C[C@@H]1[C@H]2c3cc(Nc4ccccc4)ccc3C[C@@H](c3ccc(Nc4ccccc4)cc32)N1C,7.251811972993799,56.0,train,c1ccc(Nc2ccc3c(c2)[C@@H]2CN[C@@H](C3)c3ccc(Nc4ccccc4)cc32)cc1,ChEMBL
chembl-endpoint-20260529T111633Z,CHEMBL233,μ-opioid,pIC50,IC50,CHEMBL3707099,C=CCN1[C@H](C)[C@H]2c3ccccc3C[C@H]1c1ccccc12,5.698970004336019,2000.0,train,c1ccc2c(c1)C[C@@H]1NC[C@@H]2c2ccccc21,ChEMBL
chembl-endpoint-20260529T111633Z,CHEMBL233,μ-opioid,pIC50,IC50,CHEMBL3707100,C[C@@H]1[C@H]2c3ccccc3C[C@@H](c3ccccc32)N1C,6.638272163982407,230.0,train,c1ccc2c(c1)C[C@@H]1NC[C@@H]2c2ccccc21,ChEMBL
chembl-endpoint-20260529T111633Z,CHEMBL233,μ-opioid,pIC50,IC50,CHEMBL3707102,C[C@@H]1[C@H]2c3cc(NCc4ccccc4)ccc3C[C@@H](c3ccc(NCc4ccccc4)cc32)N1C,8.096910013008056,8.0,train,c1ccc(CNc2ccc3c(c2)[C@@H]2CN[C@@H](C3)c3ccc(NCc4ccccc4)cc32)cc1,ChEMBL
chembl-endpoint-20260529T111633Z,CHEMBL233,μ-opioid,pIC50,IC50,CHEMBL3707103,C[C@@H]1[C@H]2c3cc(Nc4ccccc4)ccc3C[C@@H](c3ccc(Nc4ccccc4)cc32)N1CC1CC1,7.086186147616283,82.0,train,c1ccc(Nc2ccc3c(c2)[C@@H]2CN(CC4CC4)[C@@H](C3)c3ccc(Nc4ccccc4)cc32)cc1,ChEMBL
chembl-endpoint-20260529T111633Z,CHEMBL233,μ-opioid,pIC50,IC50,CHEMBL38874,C[C@@H](NC(=O)[C@@H](N)Cc1ccc(O)cc1)C(=O)NCC(=O)N(C)[C@@H](Cc1ccccc1)C(=O)NCCO,8.795880017344075,1.6,train,O=C(CCc1ccccc1)NCC(=O)NCC(=O)NCCc1ccccc1,ChEMBL
chembl-endpoint-20260529T111633Z,CHEMBL233,μ-opioid,pIC50,IC50,CHEMBL405131,O=C(CCCCCCC(=O)Oc1ccc2c(c1)[C@@]13CCCC[C@H]1[C@@H](C2)N(CC1CCC1)CC3)Oc1ccc2c(c1)[C@@]13CCCC[C@H]1[C@@H](C2)N(CC1CCC1)CC3,7.045757490560675,90.0,train,O=C(CCCCCCC(=O)Oc1ccc2c(c1)[C@@]13CCCC[C@H]1[C@@H](C2)N(CC1CCC1)CC3)Oc1ccc2c(c1)[C@@]13CCCC[C@H]1[C@@H](C2)N(CC1CCC1)CC3,ChEMBL
chembl-endpoint-20260529T111633Z,CHEMBL233,μ-opioid,pIC50,IC50,CHEMBL410260,CC[C@H](C)[C@H](NC(=O)[C@H](Cc1ccc(O)cc1)NC(=O)[C@H](Cc1c[nH]cn1)NC(=O)[C@H](CCCN=C(N)N)NC(=O)[C@@H](N)CC(C)C)C(=O)N[C@@H](CC(N)=O)C(=O)N[C@@H](CC(C)C)C(=O)N[C@H](C(=O)N[C@H](C(=O)N[C@@H](CCCN=C(N)N)C(=O)N[C@@H](CCC(N)=O)C(=O)N[C@@H](CCCN=C(N)N)C(=O)N[C@@H](Cc1ccc(O)cc1)C(=O)O)[C@@H](C)O)[C@@H](C)CC,5.161150909262744,6900.0,train,O=C(CNC(=O)CNC(=O)CNC(=O)CNC(=O)CNC(=O)CNC(=O)CNC(=O)CNC(=O)[C@H](Cc1ccccc1)NC(=O)CCc1c[nH]cn1)NCCc1ccccc1,ChEMBL
chembl-endpoint-20260529T111633Z,CHEMBL233,μ-opioid,pIC50,IC50,CHEMBL413512,O=C(CCC(=O)Oc1ccc2c(c1)[C@@]13CCCC[C@H]1[C@@H](C2)N(CC1CC1)CC3)Oc1ccc2c(c1)[C@@]13CCCC[C@H]1[C@@H](C2)N(CC1CC1)CC3,8.744727494896694,1.8,train,O=C(CCC(=O)Oc1ccc2c(c1)[C@@]13CCCC[C@H]1[C@@H](C2)N(CC1CC1)CC3)Oc1ccc2c(c1)[C@@]13CCCC[C@H]1[C@@H](C2)N(CC1CC1)CC3,ChEMBL
chembl-endpoint-20260529T111633Z,CHEMBL233,μ-opioid,pIC50,IC50,CHEMBL415521,CCN(CC)C(=O)c1ccc(C(=C2CCNCC2)c2ccccc2)cc1,5.42021640338319,3800.0,train,c1ccc(C(=C2CCNCC2)c2ccccc2)cc1,ChEMBL
chembl-endpoint-20260529T111633Z,CHEMBL233,μ-opioid,pIC50,IC50,CHEMBL417260,COc1cccc(OC)c1-c1cccn(C(CN2CCC(O)C2)c2ccccc2)c1=O,5.407823242604133,3910.0,train,O=c1c(-c2ccccc2)cccn1C(CN1CCCC1)c1ccccc1,ChEMBL
chembl-endpoint-20260529T111633Z,CHEMBL233,μ-opioid,pIC50,IC50,CHEMBL420863,Cc1ccc2nc(O)n(C3CCN(Cc4cc5c(cc4Cl)OCO5)CC3)c2c1,8.619788758288394,2.4,train,c1ccc2c(c1)ncn2C1CCN(Cc2ccc3c(c2)OCO3)CC1,ChEMBL
chembl-endpoint-20260529T111633Z,CHEMBL233,μ-opioid,pIC50,IC50,CHEMBL423694,CCN(CC)C(=O)c1ccc(C(=C2CCNCC2)c2cccc(OC)c2)cc1,5.279840696594043,5250.0,train,c1ccc(C(=C2CCNCC2)c2ccccc2)cc1,ChEMBL
chembl-endpoint-20260529T111633Z,CHEMBL233,μ-opioid,pIC50,IC50,CHEMBL428276,CC[C@H](C)[C@H](NC(=O)[C@H](Cc1ccc(O)cc1)NC(=O)[C@H](Cc1c[nH]cn1)NC(=O)[C@H](CCCN=C(N)N)NC(=O)[C@H](CC(C)C)NC(=O)[C@H](C)NC(=O)[C@@H](N)CO)C(=O)N[C@@H](CC(N)=O)C(=O)N[C@@H](CC(C)C)C(=O)N[C@H](C(=O)N[C@H](C(=O)N[C@@H](CCCN=C(N)N)C(=O)N[C@@H](CCC(N)=O)C(=O)N[C@@H](CCCN=C(N)N)C(=O)N[C@@H](Cc1ccc(O)cc1)C(=O)O)[C@@H](C)O)[C@@H](C)CC,5.0,10000.0,train,O=C(CNC(=O)CNC(=O)CNC(=O)CNC(=O)CNC(=O)CNC(=O)CNC(=O)CNC(=O)[C@H](Cc1ccccc1)NC(=O)CCc1c[nH]cn1)NCCc1ccccc1,ChEMBL
chembl-endpoint-20260529T111633Z,CHEMBL233,μ-opioid,pIC50,IC50,CHEMBL432041,C[C@@H](NC(=O)[C@@H](N)Cc1ccc(O)cc1)C(=O)NCC(=O)N[C@@H](Cc1ccccc1)C(=O)NNC(=O)[C@H](N)Cc1ccc(O)cc1,8.795880017344075,1.6,train,O=C(CCc1ccccc1)NCC(=O)NCC(=O)N[C@@H](Cc1ccccc1)C(=O)NNC(=O)CCc1ccccc1,ChEMBL
chembl-endpoint-20260529T111633Z,CHEMBL233,μ-opioid,pIC50,IC50,CHEMBL434817,CCN(CC)C(=O)c1ccc(C(c2cccc(OC)c2)N2CC(C)NCC2(C)C)cc1,6.546681659952962,284.0,train,c1ccc(C(c2ccccc2)N2CCNCC2)cc1,ChEMBL
chembl-endpoint-20260529T111633Z,CHEMBL233,μ-opioid,pIC50,IC50,CHEMBL440765,CN(C(=O)Cc1ccccc1)[C@H]1CC[C@@]2(CCCO2)C[C@@H]1N1CCCC1,6.605548319173784,248.0,train,O=C(Cc1ccccc1)N[C@H]1CC[C@@]2(CCCO2)C[C@@H]1N1CCCC1,ChEMBL
chembl-endpoint-20260529T111633Z,CHEMBL233,μ-opioid,pIC50,IC50,CHEMBL485,COc1ccc2c3c1O[C@H]1[C@@H](O)C=C[C@H]4[C@@H](C2)N(C)CC[C@@]341,6.978810700930062,105.0,train,C1=C[C@H]2[C@H]3Cc4cccc5c4[C@@]2(CCN3)[C@H](C1)O5,ChEMBL
chembl-endpoint-20260529T111633Z,CHEMBL233,μ-opioid,pIC50,IC50,CHEMBL596,CCC(=O)N(c1ccccc1)C1CCN(CCc2ccccc2)CC1,8.886056647693163,1.3,train,c1ccc(CCN2CCC(Nc3ccccc3)CC2)cc1,ChEMBL
chembl-endpoint-20260529T111633Z,CHEMBL233,μ-opioid,pIC50,IC50,CHEMBL59995,O=c1c(-c2ccccc2C(F)(F)F)cccn1C(CN1CCCC1)c1ccccc1,5.774690718274137,1680.0,train,O=c1c(-c2ccccc2)cccn1C(CN1CCCC1)c1ccccc1,ChEMBL
chembl-endpoint-20260529T111633Z,CHEMBL233,μ-opioid,pIC50,IC50,CHEMBL60030,O=c1c(-c2ccc(Cl)cc2)cccn1C(CN1CCCC1)c1ccccc1,5.315154638355588,4840.0,train,O=c1c(-c2ccccc2)cccn1C(CN1CCCC1)c1ccccc1,ChEMBL
chembl-endpoint-20260529T111633Z,CHEMBL233,μ-opioid,pIC50,IC50,CHEMBL607,CCOC(=O)C1(c2ccccc2)CCN(C)CC1,6.501689446210399,315.0,train,c1ccc(C2CCNCC2)cc1,ChEMBL
chembl-endpoint-20260529T111633Z,CHEMBL233,μ-opioid,pIC50,IC50,CHEMBL61212,O=c1c(-c2ccc(Cl)c(Cl)c2)cccn1C(CN1CCCC1)c1ccccc1,5.685290307044826,2064.0,train,O=c1c(-c2ccccc2)cccn1C(CN1CCCC1)c1ccccc1,ChEMBL
chembl-endpoint-20260529T111633Z,CHEMBL233,μ-opioid,pIC50,IC50,CHEMBL61426,O=c1c(-c2ccc(OC(F)(F)F)cc2)cccn1C(CN1CCCC1)c1ccccc1,5.958607314841775,1100.0,train,O=c1c(-c2ccccc2)cccn1C(CN1CCCC1)c1ccccc1,ChEMBL
chembl-endpoint-20260529T111633Z,CHEMBL233,μ-opioid,pIC50,IC50,CHEMBL64284,COc1ccc(F)cc1-c1cccn(C(CN2CCCC2)c2ccccc2)c1=O,5.460923901207224,3460.0,train,O=c1c(-c2ccccc2)cccn1C(CN1CCCC1)c1ccccc1,ChEMBL
chembl-endpoint-20260529T111633Z,CHEMBL233,μ-opioid,pIC50,IC50,CHEMBL64809,N#Cc1cccc(-c2cccn(C(CN3CCCC3)c3ccccc3)c2=O)c1,5.368556230986828,4280.0,train,O=c1c(-c2ccccc2)cccn1C(CN1CCCC1)c1ccccc1,ChEMBL
chembl-endpoint-20260529T111633Z,CHEMBL233,μ-opioid,pIC50,IC50,CHEMBL70,CN1CC[C@]23c4c5ccc(O)c4O[C@H]2[C@@H](O)C=C[C@H]3[C@H]1C5,9.244125144327509,0.57,train,C1=C[C@H]2[C@H]3Cc4cccc5c4[C@@]2(CCN3)[C@H](C1)O5,ChEMBL
chembl-endpoint-20260529T111633Z,CHEMBL233,μ-opioid,pIC50,IC50,CHEMBL80,C=CCN1CC[C@]23c4c5ccc(O)c4O[C@H]2C(=O)CC[C@@]3(O)[C@H]1C5,8.698970004336019,2.0,train,O=C1CCC2[C@H]3Cc4cccc5c4[C@@]2(CCN3)[C@H]1O5,ChEMBL
chembl-endpoint-20260529T111633Z,CHEMBL233,μ-opioid,pIC50,IC50,CHEMBL8072,NCCCC[C@H](NC(=O)[C@H](CO)NC(=O)[C@@H]1CCCN1C(=O)[C@@H](N)Cc1ccccc1)C(=O)N1CCC[C@H]1C(=O)O,4.823908740944319,15000.0,train,O=C(CNC(=O)[C@@H]1CCCN1C(=O)CCc1ccccc1)NCC(=O)N1CCCC1,ChEMBL
chembl-endpoint-20260529T111633Z,CHEMBL233,μ-opioid,pIC50,IC50,CHEMBL8234,CC(C)C[C@H](NC(=O)[C@H](Cc1ccccc1)NC(=O)CNC(=O)CNC(=O)[C@@H](N)Cc1ccc(O)cc1)C(=O)O,5.022276394711152,9500.0,train,O=C(CCc1ccccc1)NCC(=O)NCC(=O)NCCc1ccccc1,ChEMBL
chembl-endpoint-20260529T111633Z,CHEMBL233,μ-opioid,pIC50,IC50,CHEMBL895,Oc1ccc2c3c1O[C@H]1[C@@H](O)CC[C@@]4(O)[C@@H](C2)N(CC2CCC2)CC[C@]314,9.0,1.0,train,c1cc2c3c(c1)O[C@H]1CCCC4[C@@H](C2)N(CC2CCC2)CC[C@@]341,ChEMBL
chembl-endpoint-20260529T111633Z,CHEMBL233,μ-opioid,pIC50,IC50,CHEMBL91760,C[C@@H](NC(=O)[C@@H](N)Cc1ccc(O)cc1)C(=O)NCC(=O)N[C@@H](Cc1ccccc1)C(=O)NN,8.327902142064282,4.7,train,O=C(CCc1ccccc1)NCC(=O)NCC(=O)NCCc1ccccc1,ChEMBL
chembl-endpoint-20260529T111633Z,CHEMBL233,μ-opioid,pIC50,IC50,CHEMBL92503,C[C@@H](NC(=O)[C@@H](N)Cc1ccc(O)cc1)C(=O)NCC(=O)N[C@@H](Cc1ccccc1)C(=O)NNC(=O)[C@@H](N)Cc1ccccc1,9.05551732784983,0.88,train,O=C(CCc1ccccc1)NCC(=O)NCC(=O)N[C@@H](Cc1ccccc1)C(=O)NNC(=O)CCc1ccccc1,ChEMBL
chembl-endpoint-20260529T111633Z,CHEMBL233,μ-opioid,pKi,Ki,CHEMBL106359,CCCCC(CCCC)N1CC[C@H]1[C@@H](N)c1cccc(Cl)c1,5.0147532091971385,9666.0,external,c1ccc(C[C@@H]2CCN2)cc1,ChEMBL
chembl-endpoint-20260529T111633Z,CHEMBL233,μ-opioid,pKi,Ki,CHEMBL111530,O=C(NCc1ccccc1)c1ccc2[nH]c3c(c2c1)C[C@@]1(O)C2Cc4ccc(O)c5c4[C@@]1(CCN2CC1CC1)[C@H]3O5,7.3570411205902095,43.95,external,O=C(NCc1ccccc1)c1ccc2[nH]c3c(c2c1)CC1C2Cc4cccc5c4[C@@]1(CCN2CC1CC1)[C@H]3O5,ChEMBL
chembl-endpoint-20260529T111633Z,CHEMBL233,μ-opioid,pKi,Ki,CHEMBL1161419,NC(=O)[C@H](Cc1ccccc1)NC(=O)[C@H](Cc1ccccc1)NC(=O)[C@H]1CCCN1C(=O)[C@@H](N)Cc1ccccc1,9.161150909262744,0.69,external,O=C(NCCc1ccccc1)[C@H](Cc1ccccc1)NC(=O)[C@H]1CCCN1C(=O)CCc1ccccc1,ChEMBL
chembl-endpoint-20260529T111633Z,CHEMBL233,μ-opioid,pKi,Ki,CHEMBL252172,O=C1/C(=C/c2ccccc2)C[C@@]2(O)[C@H]3Cc4ccc(O)c5c4[C@@]2(CCN3CC2CC2)[C@H]1O5,7.876148359032914,13.3,external,O=C1/C(=C/c2ccccc2)CC2[C@H]3Cc4cccc5c4[C@@]2(CCN3CC2CC2)[C@H]1O5,ChEMBL
chembl-endpoint-20260529T111633Z,CHEMBL233,μ-opioid,pKi,Ki,CHEMBL306463,CCNC(=O)c1ccc(C(=C2CC3CCC(C2)N3Cc2[nH]cnc2C)c2ccccc2)cc1,7.214670164989233,61.0,external,c1ccc(C(=C2CC3CCC(C2)N3Cc2cnc[nH]2)c2ccccc2)cc1,ChEMBL
chembl-endpoint-20260529T111633Z,CHEMBL233,μ-opioid,pKi,Ki,CHEMBL317479,N[C@H](c1cccc(C(F)(F)F)c1)[C@H]1CCN1C(c1ccccc1)c1ccccc1,6.287350298372789,516.0,external,c1ccc(C[C@H]2CCN2C(c2ccccc2)c2ccccc2)cc1,ChEMBL
chembl-endpoint-20260529T111633Z,CHEMBL233,μ-opioid,pKi,Ki,CHEMBL431060,COc1ccc(CNC(=O)c2ccc3[nH]c4c(c3c2)C[C@@]2(O)C3Cc5ccc(O)c6c5[C@@]2(CCN3CC2CC2)[C@H]4O6)cc1,8.33348201944512,4.64,external,O=C(NCc1ccccc1)c1ccc2[nH]c3c(c2c1)CC1C2Cc4cccc5c4[C@@]1(CCN2CC1CC1)[C@H]3O5,ChEMBL
chembl-endpoint-20260529T111633Z,CHEMBL233,μ-opioid,pKi,Ki,CHEMBL610037,Oc1ccc2c3c1O[C@H]1c4[nH]c5ccc(N/C(=N/CC6CC6)NCc6ccccc6)cc5c4C[C@@]4(O)[C@@H](C2)N(CC2CC2)CC[C@]314,7.751291264399082,17.73,external,c1ccc(CN/C(=N\CC2CC2)Nc2ccc3[nH]c4c(c3c2)CC2[C@H]3Cc5cccc6c5[C@@]2(CCN3CC2CC2)[C@H]4O6)cc1,ChEMBL
chembl-endpoint-20260529T111633Z,CHEMBL233,μ-opioid,pKi,Ki,CHEMBL610290,Oc1ccc2c3c1O[C@H]1C4(CC[C@@]5(O)[C@@H](C2)N(CC2CC2)CC[C@]315)Oc1ccccc1O4,8.2839966563652,5.2,external,c1ccc2c(c1)OC1(CCC3[C@H]4Cc5cccc6c5[C@@]3(CCN4CC3CC3)[C@H]1O6)O2,ChEMBL
chembl-endpoint-20260529T111633Z,CHEMBL233,μ-opioid,pKi,Ki,CHEMBL610293,O=C1[C@@H]2Oc3c(O)ccc4c3[C@@]23CCN(CC2CC2)[C@H](C4)[C@]3(O)CC12Cc1ccccc1C2,8.853871964321762,1.4,external,O=C1[C@@H]2Oc3cccc4c3[C@@]23CCN(CC2CC2)[C@H](C4)C3CC12Cc1ccccc1C2,ChEMBL
chembl-endpoint-20260529T111633Z,CHEMBL233,μ-opioid,pKi,Ki,CHEMBL106084,CCCCCC(c1ccccc1)N1CC[C@H]1[C@@H](N)c1cccc(Cl)c1,5.667965722972482,2148.0,scaffold_test,c1ccc(C[C@@H]2CCN2Cc2ccccc2)cc1,ChEMBL
chembl-endpoint-20260529T111633Z,CHEMBL233,μ-opioid,pKi,Ki,CHEMBL106155,CCCCCCC(c1ccccc1)N1CC[C@H]1[C@H](N)c1cccc(Cl)c1,5.82564940252062,1494.0,scaffold_test,c1ccc(C[C@@H]2CCN2Cc2ccccc2)cc1,ChEMBL
chembl-endpoint-20260529T111633Z,CHEMBL233,μ-opioid,pKi,Ki,CHEMBL106190,CCCCC(c1cccc(F)c1)N1CC[C@H]1[C@@H](N)c1cccc(Cl)c1,5.327440372236724,4705.0,scaffold_test,c1ccc(C[C@@H]2CCN2Cc2ccccc2)cc1,ChEMBL
chembl-endpoint-20260529T111633Z,CHEMBL233,μ-opioid,pKi,Ki,CHEMBL106235,CCC(c1ccccc1)N1CC[C@H]1[C@@H](N)c1cccc(Cl)c1,5.093287943057036,8067.0,scaffold_test,c1ccc(C[C@@H]2CCN2Cc2ccccc2)cc1,ChEMBL
chembl-endpoint-20260529T111633Z,CHEMBL233,μ-opioid,pKi,Ki,CHEMBL106366,CCCC(c1ccccc1)N1CC[C@H]1[C@H](N)c1cccc(Cl)c1,5.2207643683241365,6015.0,scaffold_test,c1ccc(C[C@@H]2CCN2Cc2ccccc2)cc1,ChEMBL
chembl-endpoint-20260529T111633Z,CHEMBL233,μ-opioid,pKi,Ki,CHEMBL107288,CCCCC(c1ccccc1)N1CC[C@H]1[C@@H](N)c1cccc(Cl)c1,5.648203693102976,2248.0,scaffold_test,c1ccc(C[C@@H]2CCN2Cc2ccccc2)cc1,ChEMBL
chembl-endpoint-20260529T111633Z,CHEMBL233,μ-opioid,pKi,Ki,CHEMBL108417,CC(c1ccccc1)N1CC[C@H]1[C@@H](N)c1cccc(Cl)c1,4.97387548325455,10620.0,scaffold_test,c1ccc(C[C@@H]2CCN2Cc2ccccc2)cc1,ChEMBL
chembl-endpoint-20260529T111633Z,CHEMBL233,μ-opioid,pKi,Ki,CHEMBL108893,CCCCC(c1ccccc1)N1CC[C@H]1[C@H](N)c1cccc(Cl)c1,5.741123370627869,1815.0,scaffold_test,c1ccc(C[C@@H]2CCN2Cc2ccccc2)cc1,ChEMBL
chembl-endpoint-20260529T111633Z,CHEMBL233,μ-opioid,pKi,Ki,CHEMBL108900,CCCCC(c1cc(F)cc(F)c1)N1CC[C@H]1[C@H](N)c1cccc(Cl)c1,5.400662867007511,3975.0,scaffold_test,c1ccc(C[C@@H]2CCN2Cc2ccccc2)cc1,ChEMBL
chembl-endpoint-20260529T111633Z,CHEMBL233,μ-opioid,pKi,Ki,CHEMBL108995,CCCCCC(c1ccccc1)N1CC[C@H]1[C@H](N)c1cccc(Cl)c1,5.712422190921295,1939.0,scaffold_test,c1ccc(C[C@@H]2CCN2Cc2ccccc2)cc1,ChEMBL
chembl-endpoint-20260529T111633Z,CHEMBL233,μ-opioid,pKi,Ki,CHEMBL110379,CCCCC(c1cccc(F)c1)N1CC[C@H]1[C@H](N)c1cccc(Cl)c1,5.796151536253765,1599.0,scaffold_test,c1ccc(C[C@@H]2CCN2Cc2ccccc2)cc1,ChEMBL
chembl-endpoint-20260529T111633Z,CHEMBL233,μ-opioid,pKi,Ki,CHEMBL110933,CCCC(c1ccccc1)N1CC[C@H]1[C@@H](N)c1cccc(Cl)c1,5.384049948343599,4130.0,scaffold_test,c1ccc(C[C@@H]2CCN2Cc2ccccc2)cc1,ChEMBL
chembl-endpoint-20260529T111633Z,CHEMBL233,μ-opioid,pKi,Ki,CHEMBL1161423,Cc1cc(O)cc(C)c1C[C@H](N)[C@@H](O)C/C=C/[C@H](O)[C@@H](Cc1ccccc1)C(=O)O[C@H](CO)Cc1ccccc1,9.356547323513812,0.44,scaffold_test,O=C(OCCc1ccccc1)[C@@H](C/C=C/CCCCc1ccccc1)Cc1ccccc1,ChEMBL
chembl-endpoint-20260529T111633Z,CHEMBL233,μ-opioid,pKi,Ki,CHEMBL1161424,Cc1cc(O)cc(C)c1C[C@H](N)[C@@H](O)C/C=C/[C@H](O)[C@@H](Cc1ccccc1)C(=O)OCCc1ccccc1,9.619788758288394,0.24,scaffold_test,O=C(OCCc1ccccc1)[C@@H](C/C=C/CCCCc1ccccc1)Cc1ccccc1,ChEMBL
chembl-endpoint-20260529T111633Z,CHEMBL233,μ-opioid,pKi,Ki,CHEMBL1161425,Cc1cc(O)cc(C)c1C[C@H](N)[C@@H](O)C/C=C/[C@H](O)[C@@H](Cc1ccccc1)C(=O)O[C@@H](Cc1ccccc1)C(N)=O,9.346787486224656,0.45,scaffold_test,O=C(OCCc1ccccc1)[C@@H](C/C=C/CCCCc1ccccc1)Cc1ccccc1,ChEMBL
chembl-endpoint-20260529T111633Z,CHEMBL233,μ-opioid,pKi,Ki,CHEMBL2113262,O=C1N[C@@H]2CCCC[C@H]2N1C1CCN(C2CCC3CCCCC3C2)CC1,6.681936665037238,208.0,scaffold_test,O=C1N[C@@H]2CCCC[C@H]2N1C1CCN(C2CCC3CCCCC3C2)CC1,ChEMBL
chembl-endpoint-20260529T111633Z,CHEMBL233,μ-opioid,pKi,Ki,CHEMBL2113273,CCN1C(=O)N(C2CCN(C3CCC4CCCCC4C3)CC2)[C@@H]2CCCC[C@H]21,6.554395796726403,279.0,scaffold_test,O=C1N[C@@H]2CCCC[C@H]2N1C1CCN(C2CCC3CCCCC3C2)CC1,ChEMBL
chembl-endpoint-20260529T111633Z,CHEMBL233,μ-opioid,pKi,Ki,CHEMBL217379,CC[C@H](C)[C@H](NC(=O)[C@H](CCCN=C(N)N)NC(=O)[C@H](CCCN=C(N)N)NC(=O)[C@H](CC(C)C)NC(=O)[C@H](Cc1ccccc1)NC(=O)CNC(=O)CNC(=O)[C@@H](N)Cc1ccc(O)cc1)C(=O)O,7.450996737974212,35.4,scaffold_test,O=C(CCc1ccccc1)NCC(=O)NCC(=O)NCCc1ccccc1,ChEMBL
chembl-endpoint-20260529T111633Z,CHEMBL233,μ-opioid,pKi,Ki,CHEMBL26464,CCN1C(=O)N(C2CCN(C3CCCCCCC3)CC2)[C@@H]2CCCC[C@H]21,6.041436116778033,909.0,scaffold_test,O=C1N[C@@H]2CCCC[C@H]2N1C1CCN(C2CCCCCCC2)CC1,ChEMBL
chembl-endpoint-20260529T111633Z,CHEMBL233,μ-opioid,pKi,Ki,CHEMBL284217,O=C1N[C@@H]2CCCC[C@H]2N1C1CCN(C2CCCCCCC2)CC1,5.85325198636936,1402.0,scaffold_test,O=C1N[C@@H]2CCCC[C@H]2N1C1CCN(C2CCCCCCC2)CC1,ChEMBL
chembl-endpoint-20260529T111633Z,CHEMBL233,μ-opioid,pKi,Ki,CHEMBL293465,CC(C)C[C@H](NC(=O)[C@H](Cc1ccccc1)NC(=O)CNC(=O)CNC(=O)[C@@H](N)Cc1ccc(O)cc1)C(=O)N[C@@H](CCCN=C(N)N)C(=O)N[C@@H](CCCN=C(N)N)C(=O)O,7.42021640338319,38.0,scaffold_test,O=C(CCc1ccccc1)NCC(=O)NCC(=O)NCCc1ccccc1,ChEMBL
chembl-endpoint-20260529T111633Z,CHEMBL233,μ-opioid,pKi,Ki,CHEMBL320804,CCC(c1ccccc1)N1CC[C@H]1[C@H](N)c1cccc(Cl)c1,5.141643294702226,7217.0,scaffold_test,c1ccc(C[C@@H]2CCN2Cc2ccccc2)cc1,ChEMBL
chembl-endpoint-20260529T111633Z,CHEMBL233,μ-opioid,pKi,Ki,CHEMBL322717,CCCCCCC(c1ccccc1)N1CC[C@H]1[C@@H](N)c1cccc(Cl)c1,5.798329820353419,1591.0,scaffold_test,c1ccc(C[C@@H]2CCN2Cc2ccccc2)cc1,ChEMBL
chembl-endpoint-20260529T111633Z,CHEMBL233,μ-opioid,pKi,Ki,CHEMBL324895,CCCCC(c1cc(F)cc(F)c1)N1CC[C@H]1[C@@H](N)c1cccc(Cl)c1,5.255628772668139,5551.0,scaffold_test,c1ccc(C[C@@H]2CCN2Cc2ccccc2)cc1,ChEMBL
chembl-endpoint-20260529T111633Z,CHEMBL233,μ-opioid,pKi,Ki,CHEMBL407832,CC[C@H](C)[C@H](NC(=O)[C@H](CCCN=C(N)N)NC(=O)[C@H](CCCN=C(N)N)NC(=O)[C@H](CC(C)C)NC(=O)[C@H](Cc1ccccc1)NC(=O)CNC(=O)CNC(=O)[C@@H](N)Cc1ccc(O)cc1)C(=O)N[C@@H](CCCN=C(N)N)C(=O)O,7.623423042943488,23.8,scaffold_test,O=C(CCc1ccccc1)NCC(=O)NCC(=O)NCCc1ccccc1,ChEMBL
chembl-endpoint-20260529T111633Z,CHEMBL233,μ-opioid,pKi,Ki,CHEMBL416680,CCNC(=O)c1ccc(C(=C2CC3CCC(C2)N3Cc2c[nH]cn2)c2ccccc2)cc1,6.995678626217358,101.0,scaffold_test,c1ccc(C(=C2CC3CCC(C2)N3Cc2c[nH]cn2)c2ccccc2)cc1,ChEMBL
chembl-endpoint-20260529T111633Z,CHEMBL233,μ-opioid,pKi,Ki,CHEMBL610292,Oc1ccc2c3c1O[C@H]1[C@H](Nc4ccccc4)CC[C@@]4(O)[C@@H](C2)N(CC2CC2)CC[C@]314,8.853871964321762,1.4,scaffold_test,c1ccc(N[C@@H]2CCC3[C@H]4Cc5cccc6c5[C@@]3(CCN4CC3CC3)[C@H]2O6)cc1,ChEMBL
chembl-endpoint-20260529T111633Z,CHEMBL233,μ-opioid,pKi,Ki,CHEMBL610799,CCCN/C(=N\CC1CC1)Nc1ccc2[nH]c3c(c2c1)C[C@@]1(O)[C@H]2Cc4ccc(O)c5c4[C@@]1(CCN2CC1CC1)[C@H]3O5,7.648977147415876,22.44,scaffold_test,C(=NCC1CC1)Nc1ccc2[nH]c3c(c2c1)CC1[C@H]2Cc4cccc5c4[C@@]1(CCN2CC1CC1)[C@H]3O5,ChEMBL
chembl-endpoint-20260529T111633Z,CHEMBL233,μ-opioid,pKi,Ki,CHEMBL63188,CC(C)C[C@H](NC(=O)[C@H](Cc1ccccc1)NC(=O)CNC(=O)CNC(=O)[C@@H](N)Cc1ccc(O)cc1)C(=O)N[C@@H](CCCN=C(N)N)C(=O)O,7.391473966422806,40.6,scaffold_test,O=C(CCc1ccccc1)NCC(=O)NCC(=O)NCCc1ccccc1,ChEMBL
chembl-endpoint-20260529T111633Z,CHEMBL233,μ-opioid,pKi,Ki,CHEMBL8234,CC(C)C[C@H](NC(=O)[C@H](Cc1ccccc1)NC(=O)CNC(=O)CNC(=O)[C@@H](N)Cc1ccc(O)cc1)C(=O)O,7.259637310505756,55.0,scaffold_test,O=C(CCc1ccccc1)NCC(=O)NCC(=O)NCCc1ccccc1,ChEMBL
chembl-endpoint-20260529T111633Z,CHEMBL233,μ-opioid,pKi,Ki,CHEMBL101519,O=C1/C(=C\c2ccccc2)C[C@@]2(O)[C@H]3Cc4ccc(O)c5c4[C@@]2(CCN3CC2CC2)[C@H]1O5,8.721246399047171,1.9,train,O=C1/C(=C\c2ccccc2)CC2[C@H]3Cc4cccc5c4[C@@]2(CCN3CC2CC2)[C@H]1O5,ChEMBL
chembl-endpoint-20260529T111633Z,CHEMBL233,μ-opioid,pKi,Ki,CHEMBL106043,N[C@@H](c1ccc(Oc2ccccc2)cc1)[C@@H]1CCN1C(c1ccccc1)c1ccccc1,5.267525822718807,5401.0,train,c1ccc(Oc2ccc(C[C@@H]3CCN3C(c3ccccc3)c3ccccc3)cc2)cc1,ChEMBL
chembl-endpoint-20260529T111633Z,CHEMBL233,μ-opioid,pKi,Ki,CHEMBL106758,CCC/N=C(\N)Cc1ccc2[nH]c3c(c2c1)C[C@@]1(O)C2Cc4ccc(O)c5c4[C@@]1(CCN2CC1CC1)[C@H]3O5,7.870310107800699,13.48,train,c1cc2c3c(c1)O[C@H]1c4[nH]c5ccccc5c4CC4C(C2)N(CC2CC2)CC[C@@]341,ChEMBL
chembl-endpoint-20260529T111633Z,CHEMBL233,μ-opioid,pKi,Ki,CHEMBL106785,N[C@H](c1cccc(Cl)c1)[C@@H]1CCN1C(c1ccc(Cl)cc1)c1ccc(Cl)cc1,5.461929212956828,3452.0,train,c1ccc(C[C@@H]2CCN2C(c2ccccc2)c2ccccc2)cc1,ChEMBL
chembl-endpoint-20260529T111633Z,CHEMBL233,μ-opioid,pKi,Ki,CHEMBL107655,CCCCNC(=O)NCCc1ccc2[nH]c3c(c2c1)C[C@@]1(O)C2Cc4ccc(O)c5c4[C@@]1(CCN2CC1CC1)[C@H]3O5,8.318758762624412,4.8,train,c1cc2c3c(c1)O[C@H]1c4[nH]c5ccccc5c4CC4C(C2)N(CC2CC2)CC[C@@]341,ChEMBL
chembl-endpoint-20260529T111633Z,CHEMBL233,μ-opioid,pKi,Ki,CHEMBL108024,CCCCCCCNC(=O)c1ccc2[nH]c3c(c2c1)C[C@@]1(O)C2Cc4ccc(O)c5c4[C@@]1(CCN2CC1CC1)[C@H]3O5,7.208239195987095,61.91,train,c1cc2c3c(c1)O[C@H]1c4[nH]c5ccccc5c4CC4C(C2)N(CC2CC2)CC[C@@]341,ChEMBL
chembl-endpoint-20260529T111633Z,CHEMBL233,μ-opioid,pKi,Ki,CHEMBL108083,O=C(NCCc1ccccc1)c1ccc2[nH]c3c(c2c1)C[C@@]1(O)C2Cc4ccc(O)c5c4[C@@]1(CCN2CC1CC1)[C@H]3O5,7.6283780728239785,23.53,train,O=C(NCCc1ccccc1)c1ccc2[nH]c3c(c2c1)CC1C2Cc4cccc5c4[C@@]1(CCN2CC1CC1)[C@H]3O5,ChEMBL
chembl-endpoint-20260529T111633Z,CHEMBL233,μ-opioid,pKi,Ki,CHEMBL108894,Cc1ccc([C@H](N)[C@@H]2CCN2C(c2ccccc2)c2ccccc2)cc1F,6.818156412055227,152.0,train,c1ccc(C[C@@H]2CCN2C(c2ccccc2)c2ccccc2)cc1,ChEMBL
chembl-endpoint-20260529T111633Z,CHEMBL233,μ-opioid,pKi,Ki,CHEMBL108904,N[C@@H](c1ccc(Cl)cc1)[C@@H]1CCN1C(c1ccccc1)c1ccccc1,6.23210238398191,586.0,train,c1ccc(C[C@@H]2CCN2C(c2ccccc2)c2ccccc2)cc1,ChEMBL
chembl-endpoint-20260529T111633Z,CHEMBL233,μ-opioid,pKi,Ki,CHEMBL108938,CCCC(=N)NCCc1ccc2[nH]c3c(c2c1)C[C@@]1(O)C2Cc4ccc(O)c5c4[C@@]1(CCN2CC1CC1)[C@H]3O5,7.389446294682905,40.79,train,c1cc2c3c(c1)O[C@H]1c4[nH]c5ccccc5c4CC4C(C2)N(CC2CC2)CC[C@@]341,ChEMBL
chembl-endpoint-20260529T111633Z,CHEMBL233,μ-opioid,pKi,Ki,CHEMBL109009,O=C(NCCCCc1ccccc1)c1ccc2[nH]c3c(c2c1)C[C@@]1(O)C2Cc4ccc(O)c5c4[C@@]1(CCN2CC1CC1)[C@H]3O5,7.431211787684653,37.05,train,O=C(NCCCCc1ccccc1)c1ccc2[nH]c3c(c2c1)CC1C2Cc4cccc5c4[C@@]1(CCN2CC1CC1)[C@H]3O5,ChEMBL
chembl-endpoint-20260529T111633Z,CHEMBL233,μ-opioid,pKi,Ki,CHEMBL110126,Cc1ccc([C@H](N)[C@@H]2CCN2C(c2ccccc2)c2ccccc2)cc1,6.311580177997289,488.0,train,c1ccc(C[C@@H]2CCN2C(c2ccccc2)c2ccccc2)cc1,ChEMBL
chembl-endpoint-20260529T111633Z,CHEMBL233,μ-opioid,pKi,Ki,CHEMBL110138,Cc1ccc(C(c2ccc(C)cc2)N2CC[C@H]2[C@H](N)c2cccc(Cl)c2)cc1,6.096367483915762,801.0,train,c1ccc(C[C@@H]2CCN2C(c2ccccc2)c2ccccc2)cc1,ChEMBL
chembl-endpoint-20260529T111633Z,CHEMBL233,μ-opioid,pKi,Ki,CHEMBL110487,CCCC(=O)NCCc1ccc2[nH]c3c(c2c1)C[C@@]1(O)C2Cc4ccc(O)c5c4[C@@]1(CCN2CC1CC1)[C@H]3O5,7.509058794643213,30.97,train,c1cc2c3c(c1)O[C@H]1c4[nH]c5ccccc5c4CC4C(C2)N(CC2CC2)CC[C@@]341,ChEMBL
chembl-endpoint-20260529T111633Z,CHEMBL233,μ-opioid,pKi,Ki,CHEMBL110816,CCC(=O)NCCc1ccc2[nH]c3c(c2c1)C[C@@]1(O)C2Cc4ccc(O)c5c4[C@@]1(CCN2CC1CC1)[C@H]3O5,7.638839004804974,22.97,train,c1cc2c3c(c1)O[C@H]1c4[nH]c5ccccc5c4CC4C(C2)N(CC2CC2)CC[C@@]341,ChEMBL
chembl-endpoint-20260529T111633Z,CHEMBL233,μ-opioid,pKi,Ki,CHEMBL110894,CCCCC/N=C(\N)Cc1ccc2[nH]c3c(c2c1)C[C@@]1(O)C2Cc4ccc(O)c5c4[C@@]1(CCN2CC1CC1)[C@H]3O5,7.597051170655595,25.29,train,c1cc2c3c(c1)O[C@H]1c4[nH]c5ccccc5c4CC4C(C2)N(CC2CC2)CC[C@@]341,ChEMBL
chembl-endpoint-20260529T111633Z,CHEMBL233,μ-opioid,pKi,Ki,CHEMBL113703,CCCCN1CC[C@]2(C)c3cc(O)ccc3CC1[C@@H]2C,8.468521082957745,3.4,train,c1ccc2c(c1)CC1CC2CCN1,ChEMBL
chembl-endpoint-20260529T111633Z,CHEMBL233,μ-opioid,pKi,Ki,CHEMBL114123,CCCCCCN1CC[C@]2(C)c3cc(O)ccc3CC1[C@@H]2C,7.4089353929735005,39.0,train,c1ccc2c(c1)CC1CC2CCN1,ChEMBL
chembl-endpoint-20260529T111633Z,CHEMBL233,μ-opioid,pKi,Ki,CHEMBL114163,CCCCCCCCN1CC[C@]2(C)c3cc(O)ccc3CC1[C@H]2C,6.795880017344075,160.0,train,c1ccc2c(c1)CC1CC2CCN1,ChEMBL
chembl-endpoint-20260529T111633Z,CHEMBL233,μ-opioid,pKi,Ki,CHEMBL114203,C[C@H]1C2Cc3ccc(O)cc3[C@@]1(C)CCN2,7.267606240177032,54.0,train,c1ccc2c(c1)CC1CC2CCN1,ChEMBL
chembl-endpoint-20260529T111633Z,CHEMBL233,μ-opioid,pKi,Ki,CHEMBL114358,CCCCCCCN1CC[C@]2(C)c3cc(O)ccc3CC1[C@@H]2C,7.568636235841013,27.0,train,c1ccc2c(c1)CC1CC2CCN1,ChEMBL
chembl-endpoint-20260529T111633Z,CHEMBL233,μ-opioid,pKi,Ki,CHEMBL115917,C[C@H]1C2Cc3ccc(O)cc3[C@@]1(C)CCN2C,8.3767507096021,4.2,train,c1ccc2c(c1)CC1CC2CCN1,ChEMBL
chembl-endpoint-20260529T111633Z,CHEMBL233,μ-opioid,pKi,Ki,CHEMBL115998,CCCCCCCN1CC[C@]2(C)c3cc(O)ccc3CC1[C@H]2C,6.586700235918748,259.0,train,c1ccc2c(c1)CC1CC2CCN1,ChEMBL
chembl-endpoint-20260529T111633Z,CHEMBL233,μ-opioid,pKi,Ki,CHEMBL1161412,Cc1cc(O)cc(C)c1C[C@H](N)[C@@H](O)C/C=C/[C@@H](O)[C@H](Cc1ccccc1)C(=O)N[C@@H](Cc1ccccc1)C(N)=O,8.920818753952375,1.2,train,O=C(NCCc1ccccc1)[C@H](C/C=C/CCCCc1ccccc1)Cc1ccccc1,ChEMBL
chembl-endpoint-20260529T111633Z,CHEMBL233,μ-opioid,pKi,Ki,CHEMBL1161413,Cc1cc(O)cc(C)c1C[C@H](N)[C@H](O)C/C=C/[C@H](O)[C@@H](Cc1ccccc1)C(=O)NCCc1ccccc1,9.619788758288394,0.24,train,O=C(NCCc1ccccc1)[C@@H](C/C=C/CCCCc1ccccc1)Cc1ccccc1,ChEMBL
chembl-endpoint-20260529T111633Z,CHEMBL233,μ-opioid,pKi,Ki,CHEMBL1161414,Cc1cc(O)cc(C)c1C[C@H](N)[C@@H](O)C/C=C/[C@H](O)[C@@H](Cc1ccccc1)C(=O)N[C@@H](Cc1ccccc1)C(N)=O,9.769551078621726,0.17,train,O=C(NCCc1ccccc1)[C@@H](C/C=C/CCCCc1ccccc1)Cc1ccccc1,ChEMBL
chembl-endpoint-20260529T111633Z,CHEMBL233,μ-opioid,pKi,Ki,CHEMBL1161415,Cc1cc(O)cc(C)c1C[C@H](N)[C@H](O)C/C=C/[C@H](O)[C@@H](Cc1ccccc1)C(=O)N[C@@H](Cc1ccccc1)C(N)=O,8.920818753952375,1.2,train,O=C(NCCc1ccccc1)[C@@H](C/C=C/CCCCc1ccccc1)Cc1ccccc1,ChEMBL
chembl-endpoint-20260529T111633Z,CHEMBL233,μ-opioid,pKi,Ki,CHEMBL1161416,Cc1cc(O)cc(C)c1C[C@H](N)[C@@H](O)C/C=C/[C@@H](O)[C@@H](Cc1ccccc1)C(=O)N[C@@H](Cc1ccccc1)C(N)=O,9.3767507096021,0.42,train,O=C(NCCc1ccccc1)[C@@H](C/C=C/CCCCc1ccccc1)Cc1ccccc1,ChEMBL
chembl-endpoint-20260529T111633Z,CHEMBL233,μ-opioid,pKi,Ki,CHEMBL1161417,Cc1cc(O)cc(C)c1C[C@H](N)[C@H](O)C/C=C/[C@@H](O)[C@@H](Cc1ccccc1)C(=O)N[C@@H](Cc1ccccc1)C(N)=O,8.795880017344075,1.6,train,O=C(NCCc1ccccc1)[C@@H](C/C=C/CCCCc1ccccc1)Cc1ccccc1,ChEMBL
chembl-endpoint-20260529T111633Z,CHEMBL233,μ-opioid,pKi,Ki,CHEMBL1161422,Cc1cc(O)cc(C)c1C[C@H](N)[C@H](O)C/C=C/[C@@H](O)[C@@H](Cc1ccccc1)C(=O)NCCc1ccccc1,9.142667503568731,0.72,train,O=C(NCCc1ccccc1)[C@@H](C/C=C/CCCCc1ccccc1)Cc1ccccc1,ChEMBL
chembl-endpoint-20260529T111633Z,CHEMBL233,μ-opioid,pKi,Ki,CHEMBL1161427,Cc1cc(O)cc(C)c1C[C@H](N)[C@@H](O)C/C=C/[C@H](O)[C@@H](Cc1ccccc1)C(=O)N[C@H](CO)Cc1ccccc1,9.795880017344075,0.16,train,O=C(NCCc1ccccc1)[C@@H](C/C=C/CCCCc1ccccc1)Cc1ccccc1,ChEMBL
chembl-endpoint-20260529T111633Z,CHEMBL233,μ-opioid,pKi,Ki,CHEMBL1161428,Cc1cc(O)cc(C)c1C[C@H](N)[C@@H](O)C/C=C/[C@@H](O)[C@H](Cc1ccccc1)C(=O)NCCc1ccccc1,9.193820026016112,0.64,train,O=C(NCCc1ccccc1)[C@H](C/C=C/CCCCc1ccccc1)Cc1ccccc1,ChEMBL
chembl-endpoint-20260529T111633Z,CHEMBL233,μ-opioid,pKi,Ki,CHEMBL1161429,Cc1cc(O)cc(C)c1C[C@H](N)[C@@H](O)C/C=C/[C@@H](O)[C@@H](Cc1ccccc1)C(=O)NCCc1ccccc1,9.431798275933005,0.37,train,O=C(NCCc1ccccc1)[C@@H](C/C=C/CCCCc1ccccc1)Cc1ccccc1,ChEMBL
chembl-endpoint-20260529T111633Z,CHEMBL233,μ-opioid,pKi,Ki,CHEMBL1161430,Cc1cc(O)cc(C)c1C[C@H](N)[C@@H](O)C/C=C/[C@H](O)[C@@H](Cc1ccccc1)C(=O)NCCc1ccccc1,9.537602002101044,0.29,train,O=C(NCCc1ccccc1)[C@@H](C/C=C/CCCCc1ccccc1)Cc1ccccc1,ChEMBL
chembl-endpoint-20260529T111633Z,CHEMBL233,μ-opioid,pKi,Ki,CHEMBL116354,CCCCCCCCCCN1CC[C@]2(C)c3cc(O)ccc3CC1[C@@H]2C,6.001304841688344,997.0,train,c1ccc2c(c1)CC1CC2CCN1,ChEMBL
chembl-endpoint-20260529T111633Z,CHEMBL233,μ-opioid,pKi,Ki,CHEMBL116643,CCCCCCN1CC[C@@]2(C)c3cc(O)ccc3CC1[C@H]2C,6.497572880015567,318.0,train,c1ccc2c(c1)CC1CC2CCN1,ChEMBL
chembl-endpoint-20260529T111633Z,CHEMBL233,μ-opioid,pKi,Ki,CHEMBL116738,CCCCCCCCN1CC[C@]2(C)c3cc(O)ccc3CC1[C@@H]2C,7.229147988357855,59.0,train,c1ccc2c(c1)CC1CC2CCN1,ChEMBL
chembl-endpoint-20260529T111633Z,CHEMBL233,μ-opioid,pKi,Ki,CHEMBL117128,C[C@@H]1C2Cc3ccc(O)cc3[C@]1(C)CCN2C,5.860750782428393,1378.0,train,c1ccc2c(c1)CC1CC2CCN1,ChEMBL
chembl-endpoint-20260529T111633Z,CHEMBL233,μ-opioid,pKi,Ki,CHEMBL117183,CCCCCN1CC[C@]2(C)c3cc(O)ccc3CC1[C@@H]2C,7.823908740944319,15.0,train,c1ccc2c(c1)CC1CC2CCN1,ChEMBL
chembl-endpoint-20260529T111633Z,CHEMBL233,μ-opioid,pKi,Ki,CHEMBL117319,CCCN1CC[C@@]2(C)c3cc(O)ccc3CC1[C@H]2C,6.0254883072626715,943.0,train,c1ccc2c(c1)CC1CC2CCN1,ChEMBL
chembl-endpoint-20260529T111633Z,CHEMBL233,μ-opioid,pKi,Ki,CHEMBL117321,CCCCCCCCCN1CC[C@]2(C)c3cc(O)ccc3CC1[C@H]2C,6.899629454882437,126.0,train,c1ccc2c(c1)CC1CC2CCN1,ChEMBL
chembl-endpoint-20260529T111633Z,CHEMBL233,μ-opioid,pKi,Ki,CHEMBL117379,CCCN1CC[C@]2(C)c3cc(O)ccc3CC1[C@@H]2C,8.823908740944319,1.5,train,c1ccc2c(c1)CC1CC2CCN1,ChEMBL
chembl-endpoint-20260529T111633Z,CHEMBL233,μ-opioid,pKi,Ki,CHEMBL1237044,COc1cccc(C2(O)CCCCC2CN(C)C)c1,5.698970004336019,2000.0,train,c1ccc(C2CCCCC2)cc1,ChEMBL
chembl-endpoint-20260529T111633Z,CHEMBL233,μ-opioid,pKi,Ki,CHEMBL169552,CO[C@@]12CCC3(C[C@H]1[C@@](C)(O)C(C)(C)C)[C@H]1Cc4ccc(O)c5c4C3(CCN1C)[C@H]2O5,9.221848749616356,0.6,train,c1cc2c3c(c1)O[C@H]1C4CCC5(CC4)[C@@H](C2)NCCC315,ChEMBL
chembl-endpoint-20260529T111633Z,CHEMBL233,μ-opioid,pKi,Ki,CHEMBL2112373,N=C(N)NCCc1ccc2[nH]c3c(c2c1)C[C@@]1(O)[C@H]2Cc4ccc(O)c5c4[C@@]1(CCN2CC1CC1)[C@H]3O5,8.244887733604928,5.69,train,c1cc2c3c(c1)O[C@H]1c4[nH]c5ccccc5c4CC4[C@@H](C2)N(CC2CC2)CC[C@@]341,ChEMBL
chembl-endpoint-20260529T111633Z,CHEMBL233,μ-opioid,pKi,Ki,CHEMBL2112374,N=C(N)NCc1ccc2[nH]c3c(c2c1)C[C@@]1(O)[C@H]2Cc4ccc(O)c5c4[C@@]1(CCN2CC1CC1)[C@H]3O5,7.432973633840939,36.9,train,c1cc2c3c(c1)O[C@H]1c4[nH]c5ccccc5c4CC4[C@@H](C2)N(CC2CC2)CC[C@@]341,ChEMBL
chembl-endpoint-20260529T111633Z,CHEMBL233,μ-opioid,pKi,Ki,CHEMBL216640,CC[C@H](C)[C@H](NC(=O)[C@H](CCCN=C(N)N)NC(=O)[C@H](CCCN=C(N)N)NC(=O)[C@H](CC(C)C)NC(=O)[C@H](Cc1ccccc1)NC(=O)CNC(=O)CNC(=O)[C@@H](N)Cc1ccc(O)cc1)C(=O)N[C@@H](CCCN=C(N)N)C(=O)N1CCC[C@H]1C(=O)N[C@@H](CCCCN)C(N)=O,8.250263684430939,5.62,train,O=C(CCc1ccccc1)NCC(=O)NCC(=O)N[C@@H](Cc1ccccc1)C(=O)NCC(=O)NCC(=O)NCC(=O)NCC(=O)NCC(=O)N1CCCC1,ChEMBL
chembl-endpoint-20260529T111633Z,CHEMBL233,μ-opioid,pKi,Ki,CHEMBL2369365,CC[C@H](C)[C@H](NC(=O)[C@H](CCCN=C(N)N)NC(=O)[C@H](CCCN=C(N)N)NC(=O)[C@H](CC(C)C)NC(=O)[C@H](Cc1ccccc1)NC(=O)[C@@H]1CCCN1C(=O)CNC(=O)[C@@H](N)Cc1ccc(O)cc1)C(=O)N[C@@H](CCCN=C(N)N)C(=O)N[C@H](CCCN=C(N)N)C(N)=O,5.6307841425898575,2340.0,train,O=C(CCc1ccccc1)NCC(=O)N1CCC[C@H]1C(=O)NCCc1ccccc1,ChEMBL
chembl-endpoint-20260529T111633Z,CHEMBL233,μ-opioid,pKi,Ki,CHEMBL2369366,CC[C@H](C)[C@H](NC(=O)[C@H](CCCN=C(N)N)NC(=O)[C@H](CCCN=C(N)N)NC(=O)[C@H](CC(C)C)NC(=O)[C@H](Cc1ccccc1)NC(=O)[C@@H]1CCCN1C(=O)CNC(=O)[C@@H](N)Cc1ccc(O)cc1)C(=O)N[C@@H](CCCN=C(N)N)C(=O)N[C@H](CCCN=C(N)N)C(=O)N[C@@H](CCCCN)C(N)=O,5.779891911959945,1660.0,train,O=C(CCc1ccccc1)NCC(=O)N1CCC[C@H]1C(=O)NCCc1ccccc1,ChEMBL
chembl-endpoint-20260529T111633Z,CHEMBL233,μ-opioid,pKi,Ki,CHEMBL2369370,CC(C)C[C@H](NC(=O)[C@H](Cc1ccccc1)NC(=O)[C@@H]1CCCN1C(=O)CNC(=O)[C@@H](N)Cc1ccc(O)cc1)C(=O)N[C@@H](CCCN=C(N)N)C(=O)N[C@@H](CCCN=C(N)N)C(=O)N[C@@H](CCCN=C(N)N)C(N)=O,5.508638306165727,3100.0,train,O=C(CCc1ccccc1)NCC(=O)N1CCC[C@H]1C(=O)NCCc1ccccc1,ChEMBL
chembl-endpoint-20260529T111633Z,CHEMBL233,μ-opioid,pKi,Ki,CHEMBL2369389,CC[C@H](C)[C@H](NC(=O)[C@H](CCCN=C(N)N)NC(=O)[C@H](CCCN=C(N)N)NC(=O)[C@H](CC(C)C)NC(=O)[C@H](Cc1ccccc1)NC(=O)[C@@H]1CCCN1C(=O)CNC(=O)[C@@H](N)Cc1ccc(O)cc1)C(=O)N[C@@H](CCCN=C(N)N)C(=O)N1CCC[C@@H]1C(N)=O,5.207608310501746,6200.0,train,O=C(CCc1ccccc1)NCC(=O)N1CCC[C@H]1C(=O)N[C@@H](Cc1ccccc1)C(=O)NCC(=O)NCC(=O)NCC(=O)NCC(=O)NCC(=O)N1CCCC1,ChEMBL
chembl-endpoint-20260529T111633Z,CHEMBL233,μ-opioid,pKi,Ki,CHEMBL2369390,CC[C@H](C)[C@H](NC(=O)[C@H](CCCN=C(N)N)NC(=O)[C@H](CCCN=C(N)N)NC(=O)[C@H](CC(C)C)NC(=O)[C@H](Cc1ccccc1)NC(=O)[C@@H]1CCCN1C(=O)CNC(=O)[C@@H](N)Cc1ccc(O)cc1)C(=O)N[C@@H](CCCN=C(N)N)C(N)=O,5.219682687859849,6030.0,train,O=C(CCc1ccccc1)NCC(=O)N1CCC[C@H]1C(=O)NCCc1ccccc1,ChEMBL
chembl-endpoint-20260529T111633Z,CHEMBL233,μ-opioid,pKi,Ki,CHEMBL2369391,CC(C)C[C@H](NC(=O)[C@H](Cc1ccccc1)NC(=O)[C@@H]1CCCN1C(=O)CNC(=O)[C@@H](N)Cc1ccc(O)cc1)C(=O)N[C@@H](CCCN=C(N)N)C(=O)N[C@@H](CCCN=C(N)N)C(N)=O,4.899629454882437,12600.0,train,O=C(CCc1ccccc1)NCC(=O)N1CCC[C@H]1C(=O)NCCc1ccccc1,ChEMBL
chembl-endpoint-20260529T111633Z,CHEMBL233,μ-opioid,pKi,Ki,CHEMBL2369393,CC[C@H](C)[C@H](NC(=O)[C@H](CCCN=C(N)N)NC(=O)[C@H](CCCN=C(N)N)NC(=O)[C@H](CC(C)C)NC(=O)[C@H](Cc1ccccc1)NC(=O)[C@@H]1CCCN1C(=O)CNC(=O)[C@@H](N)Cc1ccc(O)cc1)C(=O)N[C@@H](CCCN=C(N)N)C(=O)N1CCC[C@@H]1C(=O)N[C@@H](CCCCN)C(=O)O,4.82102305270683,15100.0,train,O=C(CCc1ccccc1)NCC(=O)N1CCC[C@H]1C(=O)N[C@@H](Cc1ccccc1)C(=O)NCC(=O)NCC(=O)NCC(=O)NCC(=O)NCC(=O)N1CCCC1,ChEMBL
chembl-endpoint-20260529T111633Z,CHEMBL233,μ-opioid,pKi,Ki,CHEMBL2369394,CC(C)C[C@H](NC(=O)[C@H](Cc1ccccc1)NC(=O)[C@@H]1CCCN1C(=O)CNC(=O)[C@@H](N)Cc1ccc(O)cc1)C(=O)N[C@@H](CCCN=C(N)N)C(N)=O,4.709965388637482,19500.0,train,O=C(CCc1ccccc1)NCC(=O)N1CCC[C@H]1C(=O)NCCc1ccccc1,ChEMBL
chembl-endpoint-20260529T111633Z,CHEMBL233,μ-opioid,pKi,Ki,CHEMBL2369395,CC[C@H](C)[C@H](NC(=O)[C@H](CCCN=C(N)N)NC(=O)[C@H](CCCN=C(N)N)NC(=O)[C@H](CC(C)C)NC(=O)[C@H](Cc1ccccc1)NC(=O)[C@@H]1CCCN1C(=O)CNC(=O)[C@@H](N)Cc1ccc(O)cc1)C(N)=O,4.790484985457369,16200.0,train,O=C(CCc1ccccc1)NCC(=O)N1CCC[C@H]1C(=O)NCCc1ccccc1,ChEMBL
chembl-endpoint-20260529T111633Z,CHEMBL233,μ-opioid,pKi,Ki,CHEMBL2369407,CC(C)C[C@H](NC(=O)[C@H](Cc1ccccc1)NC(=O)[C@@H]1CCCN1C(=O)CNC(=O)[C@@H](N)Cc1ccc(O)cc1)C(N)=O,4.809668301829708,15500.0,train,O=C(CCc1ccccc1)NCC(=O)N1CCC[C@H]1C(=O)NCCc1ccccc1,ChEMBL
chembl-endpoint-20260529T111633Z,CHEMBL233,μ-opioid,pKi,Ki,CHEMBL2369408,CC(C)C[C@H](NC(=O)[C@H](Cc1ccccc1)NC(=O)[C@@H]1CCCN1C(=O)CNC(=O)[C@@H](N)Cc1ccc(O)cc1)C(=O)N[C@@H](CCCN=C(N)N)C(=O)N[C@@H](CCCN=C(N)N)C(=O)N[C@@H](CCCN=C(N)N)C(=O)N[C@@H](CCCN=C(N)N)C(=O)N1CCC[C@@H]1C(=O)N[C@@H](CCCCN)C(N)=O,5.560667306169737,2750.0,train,O=C(CCc1ccccc1)NCC(=O)N1CCC[C@H]1C(=O)N[C@@H](Cc1ccccc1)C(=O)NCC(=O)NCC(=O)NCC(=O)NCC(=O)NCC(=O)N1CCCC1,ChEMBL
chembl-endpoint-20260529T111633Z,CHEMBL233,μ-opioid,pKi,Ki,CHEMBL265813,CC[C@H](C)[C@H](NC(=O)[C@H](CCCN=C(N)N)NC(=O)[C@H](CCCN=C(N)N)NC(=O)[C@H](CC(C)C)NC(=O)[C@H](Cc1ccccc1)NC(=O)CNC(=O)CNC(=O)[C@@H](N)Cc1ccc(O)cc1)C(=O)N[C@@H](CCCN=C(N)N)C(=O)N1CCC[C@@H]1C(=O)N[C@@H](CCCCN)C(=O)N[C@@H](CC(C)C)C(=O)N[C@@H](CCCCN)C(=O)O,8.096910013008056,8.0,train,O=C(CCc1ccccc1)NCC(=O)NCC(=O)N[C@@H](Cc1ccccc1)C(=O)NCC(=O)NCC(=O)NCC(=O)NCC(=O)NCC(=O)N1CCCC1,ChEMBL
chembl-endpoint-20260529T111633Z,CHEMBL233,μ-opioid,pKi,Ki,CHEMBL26681,CCCC1CCC(N2CCC(N3C(=O)N[C@@H]4CCCC[C@H]43)CC2)CC1,6.361510743045363,435.0,train,O=C1N[C@@H]2CCCC[C@H]2N1C1CCN(C2CCCCC2)CC1,ChEMBL
chembl-endpoint-20260529T111633Z,CHEMBL233,μ-opioid,pKi,Ki,CHEMBL26909,CC(C)CCC(C)N1CCC(N2C(=O)N[C@@H]3CCCC[C@H]32)CC1,6.370590400897281,426.0,train,O=C1N[C@@H]2CCCC[C@H]2N1C1CCNCC1,ChEMBL
chembl-endpoint-20260529T111633Z,CHEMBL233,μ-opioid,pKi,Ki,CHEMBL269483,CC[C@H](C)[C@H](NC(=O)[C@H](CCCN=C(N)N)NC(=O)[C@H](CCCN=C(N)N)NC(=O)[C@H](CC(C)C)NC(=O)[C@H](Cc1ccccc1)NC(=O)CNC(=O)CNC(=O)[C@@H](N)Cc1ccc(O)cc1)C(=O)N[C@@H](CCCN=C(N)N)C(=O)N1CCC[C@@H]1C(=O)O,7.924453038607469,11.9,train,O=C(CCc1ccccc1)NCC(=O)NCC(=O)N[C@@H](Cc1ccccc1)C(=O)NCC(=O)NCC(=O)NCC(=O)NCC(=O)NCC(=O)N1CCCC1,ChEMBL
chembl-endpoint-20260529T111633Z,CHEMBL233,μ-opioid,pKi,Ki,CHEMBL27018,CCN1C(=O)N(C2CCN(Cc3ccccc3)CC2)[C@@H]2CCCC[C@H]21,6.145086977692144,716.0,train,O=C1N[C@@H]2CCCC[C@H]2N1C1CCN(Cc2ccccc2)CC1,ChEMBL
chembl-endpoint-20260529T111633Z,CHEMBL233,μ-opioid,pKi,Ki,CHEMBL27539,O=C1N[C@@H]2CCCC[C@H]2N1C1CCN(CCC(c2ccccc2)c2ccccc2)CC1,7.568636235841013,27.0,train,O=C1N[C@@H]2CCCC[C@H]2N1C1CCN(CCC(c2ccccc2)c2ccccc2)CC1,ChEMBL
chembl-endpoint-20260529T111633Z,CHEMBL233,μ-opioid,pKi,Ki,CHEMBL279638,CCNC(=O)c1ccc(C(=C2CC3CCC(C2)N3Cc2ccccc2Cl)c2ccc(OC)cc2)cc1,6.913640169325252,122.0,train,c1ccc(CN2C3CCC2CC(=C(c2ccccc2)c2ccccc2)C3)cc1,ChEMBL
chembl-endpoint-20260529T111633Z,CHEMBL233,μ-opioid,pKi,Ki,CHEMBL280778,O=C1N[C@@H]2CCCC[C@H]2N1C1CCN(CC2CCCCCCC2)CC1,5.970210529168145,1071.0,train,O=C1N[C@@H]2CCCC[C@H]2N1C1CCN(CC2CCCCCCC2)CC1,ChEMBL
chembl-endpoint-20260529T111633Z,CHEMBL233,μ-opioid,pKi,Ki,CHEMBL281322,CCN1C(=O)N(C2CCN(C(C)CCC(C)C)CC2)[C@@H]2CCCC[C@H]21,6.403402904373539,395.0,train,O=C1N[C@@H]2CCCC[C@H]2N1C1CCNCC1,ChEMBL
chembl-endpoint-20260529T111633Z,CHEMBL233,μ-opioid,pKi,Ki,CHEMBL282195,CCN1C(=O)N(C2CCN(C3CCC(C(C)C)CC3)CC2)[C@@H]2CCCC[C@H]21,6.375717904164332,421.0,train,O=C1N[C@@H]2CCCC[C@H]2N1C1CCN(C2CCCCC2)CC1,ChEMBL
chembl-endpoint-20260529T111633Z,CHEMBL233,μ-opioid,pKi,Ki,CHEMBL282376,CCCC1CCC(N2CCC(N3C(=O)N(CC)[C@@H]4CCCC[C@H]43)CC2)CC1,5.664542099310616,2165.0,train,O=C1N[C@@H]2CCCC[C@H]2N1C1CCN(C2CCCCC2)CC1,ChEMBL
chembl-endpoint-20260529T111633Z,CHEMBL233,μ-opioid,pKi,Ki,CHEMBL283301,CCN1C(=O)N(C2CCN(Cc3ccc4ccccc4c3)CC2)[C@@H]2CCCC[C@H]21,6.701146923590294,199.0,train,O=C1N[C@@H]2CCCC[C@H]2N1C1CCN(Cc2ccc3ccccc3c2)CC1,ChEMBL
chembl-endpoint-20260529T111633Z,CHEMBL233,μ-opioid,pKi,Ki,CHEMBL286411,CC(C)C1CCC(N2CCC(N3C(=O)N[C@@H]4CCCC[C@H]43)CC2)CC1,6.018181392829336,959.0,train,O=C1N[C@@H]2CCCC[C@H]2N1C1CCN(C2CCCCC2)CC1,ChEMBL
chembl-endpoint-20260529T111633Z,CHEMBL233,μ-opioid,pKi,Ki,CHEMBL291357,CCNC(=O)c1ccc(C(=C2CC3CCC(C2)N3Cc2ccccn2)c2ccccc2)cc1,7.769551078621726,17.0,train,c1ccc(C(=C2CC3CCC(C2)N3Cc2ccccn2)c2ccccc2)cc1,ChEMBL
chembl-endpoint-20260529T111633Z,CHEMBL233,μ-opioid,pKi,Ki,CHEMBL292332,CCNC(=O)c1ccc(C(=C2CC3CCC(C2)N3CCO)c2ccccc2)cc1,7.119186407719209,76.0,train,c1ccc(C(=C2CC3CCC(C2)N3)c2ccccc2)cc1,ChEMBL
chembl-endpoint-20260529T111633Z,CHEMBL233,μ-opioid,pKi,Ki,CHEMBL29571,O=C1N[C@@H]2CCCC[C@H]2N1C1CCN(Cc2ccc3ccccc3c2)CC1,5.907630300370879,1237.0,train,O=C1N[C@@H]2CCCC[C@H]2N1C1CCN(Cc2ccc3ccccc3c2)CC1,ChEMBL
chembl-endpoint-20260529T111633Z,CHEMBL233,μ-opioid,pKi,Ki,CHEMBL29953,CCN1C(=O)N(C2CCN(CC3CCCCCCC3)CC2)[C@@H]2CCCC[C@H]21,6.3487219860018556,448.0,train,O=C1N[C@@H]2CCCC[C@H]2N1C1CCN(CC2CCCCCCC2)CC1,ChEMBL
chembl-endpoint-20260529T111633Z,CHEMBL233,μ-opioid,pKi,Ki,CHEMBL302142,C=CCN1[C@@H]2CC[C@H]1C/C(=C(\c1ccccc1)c1ccc(C(=O)NCC)cc1)C2,7.719194071606333,19.09,train,c1ccc(C(=C2C[C@H]3CC[C@@H](C2)N3)c2ccccc2)cc1,ChEMBL
chembl-endpoint-20260529T111633Z,CHEMBL233,μ-opioid,pKi,Ki,CHEMBL302801,CCN(CC)C(=O)c1ccc(/C(=C2\C[C@H]3CC[C@@H](C2)N3CCc2ccccc2)c2ccccc2)cc1,7.142667503568732,72.0,train,c1ccc(CCN2[C@@H]3CC[C@H]2CC(=C(c2ccccc2)c2ccccc2)C3)cc1,ChEMBL
chembl-endpoint-20260529T111633Z,CHEMBL233,μ-opioid,pKi,Ki,CHEMBL303148,O=C(NC1CCCCC1)c1ccc(C(=C2CC3CCC(C2)N3CCc2ccccc2)c2ccccc2)cc1,6.144480844332199,717.0,train,O=C(NC1CCCCC1)c1ccc(C(=C2CC3CCC(C2)N3CCc2ccccc2)c2ccccc2)cc1,ChEMBL
chembl-endpoint-20260529T111633Z,CHEMBL233,μ-opioid,pKi,Ki,CHEMBL303381,CCNC(=O)c1ccc(C(=C2CC3CCC(C2)N3CCc2ccccc2)c2ccc(O)cc2)cc1,7.663540266151471,21.7,train,c1ccc(CCN2C3CCC2CC(=C(c2ccccc2)c2ccccc2)C3)cc1,ChEMBL
chembl-endpoint-20260529T111633Z,CHEMBL233,μ-opioid,pKi,Ki,CHEMBL303875,C=CCN1C2CCC1CC(=C(c1ccc(C(=O)NCC)cc1)c1cccc(OC)c1)C2,7.860120913598763,13.8,train,c1ccc(C(=C2CC3CCC(C2)N3)c2ccccc2)cc1,ChEMBL
chembl-endpoint-20260529T111633Z,CHEMBL233,μ-opioid,pKi,Ki,CHEMBL304214,CCNC(=O)c1ccc(C(=C2CC3CCC(C2)N3Cc2ccccc2Cl)c2cccc(OC)c2)cc1,7.238523220455298,57.74,train,c1ccc(CN2C3CCC2CC(=C(c2ccccc2)c2ccccc2)C3)cc1,ChEMBL
chembl-endpoint-20260529T111633Z,CHEMBL233,μ-opioid,pKi,Ki,CHEMBL304466,O=C(Nc1ccccc1)c1ccc(C(=C2CC3CCC(C2)N3CCc2ccccc2)c2ccccc2)cc1,5.372429335819457,4242.0,train,O=C(Nc1ccccc1)c1ccc(C(=C2CC3CCC(C2)N3CCc2ccccc2)c2ccccc2)cc1,ChEMBL
chembl-endpoint-20260529T111633Z,CHEMBL233,μ-opioid,pKi,Ki,CHEMBL307525,CCNC(=O)c1ccc(/C(=C2/C[C@H]3CC[C@@H](C2)N3)c2ccccc2)cc1,7.126505017743831,74.73,train,c1ccc(C(=C2C[C@H]3CC[C@@H](C2)N3)c2ccccc2)cc1,ChEMBL
chembl-endpoint-20260529T111633Z,CHEMBL233,μ-opioid,pKi,Ki,CHEMBL307973,O=C(NC1CC1)c1ccc(C(=C2CC3CCC(C2)N3CCc2ccccc2)c2ccccc2)cc1,8.995678626217357,1.01,train,O=C(NC1CC1)c1ccc(C(=C2CC3CCC(C2)N3CCc2ccccc2)c2ccccc2)cc1,ChEMBL
chembl-endpoint-20260529T111633Z,CHEMBL233,μ-opioid,pKi,Ki,CHEMBL316961,N[C@@H](c1cccc(C(F)(F)F)c1)[C@@H]1CCN1C(c1ccccc1)c1ccccc1,5.706195640080663,1967.0,train,c1ccc(C[C@@H]2CCN2C(c2ccccc2)c2ccccc2)cc1,ChEMBL
chembl-endpoint-20260529T111633Z,CHEMBL233,μ-opioid,pKi,Ki,CHEMBL320582,N[C@H](c1cccc(Cl)c1)[C@@H]1CCN1C(c1ccc(Br)cc1)c1ccc(Br)cc1,5.601712694642599,2502.0,train,c1ccc(C[C@@H]2CCN2C(c2ccccc2)c2ccccc2)cc1,ChEMBL
chembl-endpoint-20260529T111633Z,CHEMBL233,μ-opioid,pKi,Ki,CHEMBL321408,CCNC(=O)NCCc1ccc2[nH]c3c(c2c1)C[C@@]1(O)C2Cc4ccc(O)c5c4[C@@]1(CCN2CC1CC1)[C@H]3O5,7.4243503852447805,37.64,train,c1cc2c3c(c1)O[C@H]1c4[nH]c5ccccc5c4CC4C(C2)N(CC2CC2)CC[C@@]341,ChEMBL
chembl-endpoint-20260529T111633Z,CHEMBL233,μ-opioid,pKi,Ki,CHEMBL321462,N[C@H](c1cccc(Cl)c1)[C@@H]1CCN1C(c1ccc(F)cc1)c1ccc(F)cc1,5.662341108973858,2176.0,train,c1ccc(C[C@@H]2CCN2C(c2ccccc2)c2ccccc2)cc1,ChEMBL
chembl-endpoint-20260529T111633Z,CHEMBL233,μ-opioid,pKi,Ki,CHEMBL323398,CCCCCCNC(=O)NCCc1ccc2[nH]c3c(c2c1)C[C@@]1(O)C2Cc4ccc(O)c5c4[C@@]1(CCN2CC1CC1)[C@H]3O5,7.8671002300555175,13.58,train,c1cc2c3c(c1)O[C@H]1c4[nH]c5ccccc5c4CC4C(C2)N(CC2CC2)CC[C@@]341,ChEMBL
chembl-endpoint-20260529T111633Z,CHEMBL233,μ-opioid,pKi,Ki,CHEMBL323726,CC(C)CC(=N)NCCc1ccc2[nH]c3c(c2c1)C[C@@]1(O)C2Cc4ccc(O)c5c4[C@@]1(CCN2CC1CC1)[C@H]3O5,7.324221658325915,47.4,train,c1cc2c3c(c1)O[C@H]1c4[nH]c5ccccc5c4CC4C(C2)N(CC2CC2)CC[C@@]341,ChEMBL
chembl-endpoint-20260529T111633Z,CHEMBL233,μ-opioid,pKi,Ki,CHEMBL323987,CCC(=N)NCCc1ccc2[nH]c3c(c2c1)C[C@@]1(O)C2Cc4ccc(O)c5c4[C@@]1(CCN2CC1CC1)[C@H]3O5,7.579219380451435,26.35,train,c1cc2c3c(c1)O[C@H]1c4[nH]c5ccccc5c4CC4C(C2)N(CC2CC2)CC[C@@]341,ChEMBL
chembl-endpoint-20260529T111633Z,CHEMBL233,μ-opioid,pKi,Ki,CHEMBL324392,CCCCCN1CC[C@@]2(C)c3cc(O)ccc3CC1[C@H]2C,6.110138278741812,776.0,train,c1ccc2c(c1)CC1CC2CCN1,ChEMBL
chembl-endpoint-20260529T111633Z,CHEMBL233,μ-opioid,pKi,Ki,CHEMBL324505,CCCCCCCCCCN1CC[C@]2(C)c3cc(O)ccc3CC1[C@H]2C,6.121478204498794,756.0,train,c1ccc2c(c1)CC1CC2CCN1,ChEMBL
chembl-endpoint-20260529T111633Z,CHEMBL233,μ-opioid,pKi,Ki,CHEMBL324635,N[C@@H](c1cccc(Cl)c1)[C@@H]1CCN1C(c1ccccc1)c1ccccc1,5.781464494783472,1654.0,train,c1ccc(C[C@@H]2CCN2C(c2ccccc2)c2ccccc2)cc1,ChEMBL
chembl-endpoint-20260529T111633Z,CHEMBL233,μ-opioid,pKi,Ki,CHEMBL324644,CCCCC(=O)NCCc1ccc2[nH]c3c(c2c1)C[C@@]1(O)C2Cc4ccc(O)c5c4[C@@]1(CCN2CC1CC1)[C@H]3O5,7.500450374094851,31.59,train,c1cc2c3c(c1)O[C@H]1c4[nH]c5ccccc5c4CC4C(C2)N(CC2CC2)CC[C@@]341,ChEMBL
chembl-endpoint-20260529T111633Z,CHEMBL233,μ-opioid,pKi,Ki,CHEMBL324897,N[C@H](c1cccc(Cl)c1)[C@@H]1CCN1C(c1cccc(F)c1)c1cccc(F)c1,5.364817951343732,4317.0,train,c1ccc(C[C@@H]2CCN2C(c2ccccc2)c2ccccc2)cc1,ChEMBL
chembl-endpoint-20260529T111633Z,CHEMBL233,μ-opioid,pKi,Ki,CHEMBL325052,CCN1CC[C@@]2(C)c3cc(O)ccc3CC1[C@H]2C,5.378200775997333,4186.0,train,c1ccc2c(c1)CC1CC2CCN1,ChEMBL
chembl-endpoint-20260529T111633Z,CHEMBL233,μ-opioid,pKi,Ki,CHEMBL326103,CCN1CC[C@]2(C)c3cc(O)ccc3CC1[C@@H]2C,7.795880017344075,16.0,train,c1ccc2c(c1)CC1CC2CCN1,ChEMBL
chembl-endpoint-20260529T111633Z,CHEMBL233,μ-opioid,pKi,Ki,CHEMBL326370,C[C@@H]1C2Cc3ccc(O)cc3[C@]1(C)CCN2,5.76421912967244,1721.0,train,c1ccc2c(c1)CC1CC2CCN1,ChEMBL
chembl-endpoint-20260529T111633Z,CHEMBL233,μ-opioid,pKi,Ki,CHEMBL326548,CCCCCCCCCN1CC[C@]2(C)c3cc(O)ccc3CC1[C@@H]2C,6.73754891026957,183.0,train,c1ccc2c(c1)CC1CC2CCN1,ChEMBL
chembl-endpoint-20260529T111633Z,CHEMBL233,μ-opioid,pKi,Ki,CHEMBL326571,CCCCN1CC[C@@]2(C)c3cc(O)ccc3CC1[C@H]2C,5.90622821850127,1241.0,train,c1ccc2c(c1)CC1CC2CCN1,ChEMBL
chembl-endpoint-20260529T111633Z,CHEMBL233,μ-opioid,pKi,Ki,CHEMBL326875,CCCCC(=N)NCCc1ccc2[nH]c3c(c2c1)C[C@@]1(O)C2Cc4ccc(O)c5c4[C@@]1(CCN2CC1CC1)[C@H]3O5,6.659238708237328,219.16,train,c1cc2c3c(c1)O[C@H]1c4[nH]c5ccccc5c4CC4C(C2)N(CC2CC2)CC[C@@]341,ChEMBL
chembl-endpoint-20260529T111633Z,CHEMBL233,μ-opioid,pKi,Ki,CHEMBL327118,N[C@H](c1cccc(Cl)c1)[C@@H]1CCN1C(c1cccc(Cl)c1)c1cccc(Cl)c1,5.145147637582166,7159.0,train,c1ccc(C[C@@H]2CCN2C(c2ccccc2)c2ccccc2)cc1,ChEMBL
chembl-endpoint-20260529T111633Z,CHEMBL233,μ-opioid,pKi,Ki,CHEMBL413729,CC[C@H](C)[C@H](NC(=O)[C@H](CCCN=C(N)N)NC(=O)[C@H](CCCN=C(N)N)NC(=O)[C@H](CC(C)C)NC(=O)[C@H](Cc1ccccc1)NC(=O)[C@@H]1CCCN1C(=O)CNC(=O)[C@@H](N)Cc1ccc(O)cc1)C(=O)N[C@@H](CCCN=C(N)N)C(=O)N1CCC[C@@H]1C(=O)N[C@@H](CCCCN)C(N)=O,5.279840696594043,5250.0,train,O=C(CCc1ccccc1)NCC(=O)N1CCC[C@H]1C(=O)N[C@@H](Cc1ccccc1)C(=O)NCC(=O)NCC(=O)NCC(=O)NCC(=O)NCC(=O)N1CCCC1,ChEMBL
chembl-endpoint-20260529T111633Z,CHEMBL233,μ-opioid,pKi,Ki,CHEMBL418197,CCN1C(=O)N(C2CCN(CCC(c3ccccc3)c3ccccc3)CC2)[C@@H]2CCCC[C@H]21,6.573488738635425,267.0,train,O=C1N[C@@H]2CCCC[C@H]2N1C1CCN(CCC(c2ccccc2)c2ccccc2)CC1,ChEMBL
chembl-endpoint-20260529T111633Z,CHEMBL233,μ-opioid,pKi,Ki,CHEMBL419179,N[C@@H](c1cc(F)cc(F)c1)[C@@H]1CCN1C(c1ccccc1)c1ccccc1,5.372122305420029,4245.0,train,c1ccc(C[C@@H]2CCN2C(c2ccccc2)c2ccccc2)cc1,ChEMBL
chembl-endpoint-20260529T111633Z,CHEMBL233,μ-opioid,pKi,Ki,CHEMBL419621,CCNC(=O)c1ccc(C(=C2CC3CCC(C2)N3CCc2ccccc2)c2cccc(O)c2)cc1,9.653647025549361,0.222,train,c1ccc(CCN2C3CCC2CC(=C(c2ccccc2)c2ccccc2)C3)cc1,ChEMBL
chembl-endpoint-20260529T111633Z,CHEMBL233,μ-opioid,pKi,Ki,CHEMBL431445,N[C@@H](c1cccc(F)c1)[C@@H]1CCN1C(c1ccccc1)c1ccccc1,5.753009300758451,1766.0,train,c1ccc(C[C@@H]2CCN2C(c2ccccc2)c2ccccc2)cc1,ChEMBL
chembl-endpoint-20260529T111633Z,CHEMBL233,μ-opioid,pKi,Ki,CHEMBL432403,CCCCCCC/N=C(\N)Cc1ccc2[nH]c3c(c2c1)C[C@@]1(O)C2Cc4ccc(O)c5c4[C@@]1(CCN2CC1CC1)[C@H]3O5,7.247030134970916,56.62,train,c1cc2c3c(c1)O[C@H]1c4[nH]c5ccccc5c4CC4C(C2)N(CC2CC2)CC[C@@]341,ChEMBL
chembl-endpoint-20260529T111633Z,CHEMBL233,μ-opioid,pKi,Ki,CHEMBL433500,CCNC(=O)c1ccc(C(=C2CC3CCC(C2)N3Cc2ccccc2Cl)c2cccc(O)c2)cc1,7.824488186636552,14.98,train,c1ccc(CN2C3CCC2CC(=C(c2ccccc2)c2ccccc2)C3)cc1,ChEMBL
chembl-endpoint-20260529T111633Z,CHEMBL233,μ-opioid,pKi,Ki,CHEMBL434018,C=CCN1C2CCC1CC(=C(c1ccc(C(=O)NCC)cc1)c1cccc(O)c1)C2,8.018634490921455,9.58,train,c1ccc(C(=C2CC3CCC(C2)N3)c2ccccc2)cc1,ChEMBL
chembl-endpoint-20260529T111633Z,CHEMBL233,μ-opioid,pKi,Ki,CHEMBL448155,COc1ccc([C@H](N)[C@@H]2CCN2C(c2ccccc2)c2ccccc2)cc1,6.062983892535185,865.0,train,c1ccc(C[C@@H]2CCN2C(c2ccccc2)c2ccccc2)cc1,ChEMBL
chembl-endpoint-20260529T111633Z,CHEMBL233,μ-opioid,pKi,Ki,CHEMBL567175,Oc1ccc2c3c1O[C@H]1c4[nH]c5ccccc5c4C[C@@]4(O)[C@@H](C2)N(CC2CC2)CC[C@]314,7.841637507904751,14.4,train,c1cc2c3c(c1)O[C@H]1c4[nH]c5ccccc5c4CC4[C@@H](C2)N(CC2CC2)CC[C@@]341,ChEMBL
chembl-endpoint-20260529T111633Z,CHEMBL233,μ-opioid,pKi,Ki,CHEMBL573214,Oc1ccc2c3c1O[C@H]1c4[nH]c5c(c4C[C@@]4(O)[C@@H](C2)N(CC2CC2)CC[C@]314)C[C@@]1(O)[C@H]2Cc3ccc(O)c4c3[C@@]1(CCN2CC1CC1)[C@H]5O4,7.100179497572904,79.4,train,c1cc2c3c(c1)O[C@H]1c4[nH]c5c(c4CC4[C@@H](C2)N(CC2CC2)CC[C@@]341)CC1[C@H]2Cc3cccc4c3[C@@]1(CCN2CC1CC1)[C@H]5O4,ChEMBL
chembl-endpoint-20260529T111633Z,CHEMBL233,μ-opioid,pKi,Ki,CHEMBL610032,N/C(=N/Cc1ccc([N+](=O)[O-])cc1)Nc1ccc2[nH]c3c(c2c1)C[C@@]1(O)[C@H]2Cc4ccc(O)c5c4[C@@]1(CCN2CC1CC1)[C@H]3O5,7.580374639112256,26.28,train,C(=NCc1ccccc1)Nc1ccc2[nH]c3c(c2c1)CC1[C@H]2Cc4cccc5c4[C@@]1(CCN2CC1CC1)[C@H]3O5,ChEMBL
chembl-endpoint-20260529T111633Z,CHEMBL233,μ-opioid,pKi,Ki,CHEMBL610033,N/C(=N\CCc1ccc2[nH]c3c(c2c1)C[C@@]1(O)[C@H]2Cc4ccc(O)c5c4[C@@]1(CCN2CC1CC1)[C@H]3O5)NCc1ccc([N+](=O)[O-])cc1,8.03574036980315,9.21,train,C(=NCCc1ccc2[nH]c3c(c2c1)CC1[C@H]2Cc4cccc5c4[C@@]1(CCN2CC1CC1)[C@H]3O5)NCc1ccccc1,ChEMBL
chembl-endpoint-20260529T111633Z,CHEMBL233,μ-opioid,pKi,Ki,CHEMBL610034,CCCC/N=C(\NCCCC)Nc1ccc2[nH]c3c(c2c1)C[C@@]1(O)[C@H]2Cc4ccc(O)c5c4[C@@]1(CCN2CC1CC1)[C@H]3O5,7.738261452647462,18.27,train,c1cc2c3c(c1)O[C@H]1c4[nH]c5ccccc5c4CC4[C@@H](C2)N(CC2CC2)CC[C@@]341,ChEMBL
chembl-endpoint-20260529T111633Z,CHEMBL233,μ-opioid,pKi,Ki,CHEMBL610036,N/C(=N/Cc1ccc(O)cc1)Nc1ccc2[nH]c3c(c2c1)C[C@@]1(O)[C@H]2Cc4ccc(O)c5c4[C@@]1(CCN2CC1CC1)[C@H]3O5,7.833569886156718,14.67,train,C(=NCc1ccccc1)Nc1ccc2[nH]c3c(c2c1)CC1[C@H]2Cc4cccc5c4[C@@]1(CCN2CC1CC1)[C@H]3O5,ChEMBL
chembl-endpoint-20260529T111633Z,CHEMBL233,μ-opioid,pKi,Ki,CHEMBL610038,N/C(=N\CCc1ccc2[nH]c3c(c2c1)C[C@@]1(O)[C@H]2Cc4ccc(O)c5c4[C@@]1(CCN2CC1CC1)[C@H]3O5)NCc1ccc(N)cc1,8.10902040301031,7.78,train,C(=NCCc1ccc2[nH]c3c(c2c1)CC1[C@H]2Cc4cccc5c4[C@@]1(CCN2CC1CC1)[C@H]3O5)NCc1ccccc1,ChEMBL
chembl-endpoint-20260529T111633Z,CHEMBL233,μ-opioid,pKi,Ki,CHEMBL610039,CCCC/N=C(\NCCCC)NCCc1ccc2[nH]c3c(c2c1)C[C@@]1(O)[C@H]2Cc4ccc(O)c5c4[C@@]1(CCN2CC1CC1)[C@H]3O5,8.10292299679058,7.89,train,c1cc2c3c(c1)O[C@H]1c4[nH]c5ccccc5c4CC4[C@@H](C2)N(CC2CC2)CC[C@@]341,ChEMBL
chembl-endpoint-20260529T111633Z,CHEMBL233,μ-opioid,pKi,Ki,CHEMBL610040,N/C(=N/Cc1cccc(O)c1)Nc1ccc2[nH]c3c(c2c1)C[C@@]1(O)[C@H]2Cc4ccc(O)c5c4[C@@]1(CCN2CC1CC1)[C@H]3O5,7.84893674664625,14.16,train,C(=NCc1ccccc1)Nc1ccc2[nH]c3c(c2c1)CC1[C@H]2Cc4cccc5c4[C@@]1(CCN2CC1CC1)[C@H]3O5,ChEMBL
chembl-endpoint-20260529T111633Z,CHEMBL233,μ-opioid,pKi,Ki,CHEMBL610041,N/C(=N\CCc1ccc2[nH]c3c(c2c1)C[C@@]1(O)[C@H]2Cc4ccc(O)c5c4[C@@]1(CCN2CC1CC1)[C@H]3O5)NCc1ccc(Cl)cc1,8.111259039317108,7.74,train,C(=NCCc1ccc2[nH]c3c(c2c1)CC1[C@H]2Cc4cccc5c4[C@@]1(CCN2CC1CC1)[C@H]3O5)NCc1ccccc1,ChEMBL
chembl-endpoint-20260529T111633Z,CHEMBL233,μ-opioid,pKi,Ki,CHEMBL610043,N/C(=N/Cc1ccccc1)Nc1ccc2[nH]c3c(c2c1)C[C@@]1(O)[C@H]2Cc4ccc(O)c5c4[C@@]1(CCN2CC1CC1)[C@H]3O5,7.980053318321158,10.47,train,C(=NCc1ccccc1)Nc1ccc2[nH]c3c(c2c1)CC1[C@H]2Cc4cccc5c4[C@@]1(CCN2CC1CC1)[C@H]3O5,ChEMBL
chembl-endpoint-20260529T111633Z,CHEMBL233,μ-opioid,pKi,Ki,CHEMBL610044,N/C(=N/Cc1ccc(N)cc1)Nc1ccc2[nH]c3c(c2c1)C[C@@]1(O)[C@H]2Cc4ccc(O)c5c4[C@@]1(CCN2CC1CC1)[C@H]3O5,8.10292299679058,7.89,train,C(=NCc1ccccc1)Nc1ccc2[nH]c3c(c2c1)CC1[C@H]2Cc4cccc5c4[C@@]1(CCN2CC1CC1)[C@H]3O5,ChEMBL
chembl-endpoint-20260529T111633Z,CHEMBL233,μ-opioid,pKi,Ki,CHEMBL610046,O=C1[C@@H](Cc2ccccc2)C[C@@]2(O)[C@H]3Cc4ccc(O)c5c4[C@@]2(CCN3CC2CC2)[C@H]1O5,8.853871964321762,1.4,train,O=C1[C@@H](Cc2ccccc2)CC2[C@H]3Cc4cccc5c4[C@@]2(CCN3CC2CC2)[C@H]1O5,ChEMBL
chembl-endpoint-20260529T111633Z,CHEMBL233,μ-opioid,pKi,Ki,CHEMBL610550,Oc1ccc2c3c1O[C@H]1[C@@H](Nc4ccccc4)CC[C@@]4(O)[C@@H](C2)N(CC2CC2)CC[C@]314,9.721246399047171,0.19,train,c1ccc(N[C@H]2CCC3[C@H]4Cc5cccc6c5[C@@]3(CCN4CC3CC3)[C@H]2O6)cc1,ChEMBL
chembl-endpoint-20260529T111633Z,CHEMBL233,μ-opioid,pKi,Ki,CHEMBL63232,CCNC(=O)c1ccc(C(=C2CC3CCC(C2)N3Cc2ccccc2Cl)c2ccc(O)cc2)cc1,8.059483515067432,8.72,train,c1ccc(CN2C3CCC2CC(=C(c2ccccc2)c2ccccc2)C3)cc1,ChEMBL
chembl-endpoint-20260529T111633Z,CHEMBL233,μ-opioid,pKi,Ki,CHEMBL63309,CNC(=O)c1ccc(C(=C2CC3CCC(C2)N3CCc2ccccc2)c2ccccc2)cc1,9.853871964321762,0.14,train,c1ccc(CCN2C3CCC2CC(=C(c2ccccc2)c2ccccc2)C3)cc1,ChEMBL
chembl-endpoint-20260529T111633Z,CHEMBL233,μ-opioid,pKi,Ki,CHEMBL63563,CCNC(=O)c1ccc(C(=C2CC3CCC(C2)N3c2cccn2C)c2ccccc2)cc1,7.229147988357855,59.0,train,c1ccc(C(=C2CC3CCC(C2)N3c2ccc[nH]2)c2ccccc2)cc1,ChEMBL
chembl-endpoint-20260529T111633Z,CHEMBL233,μ-opioid,pKi,Ki,CHEMBL63651,CCNC(=O)c1ccc(/C(=C2\C[C@H]3CC[C@@H](C2)N3CCc2ccccc2)c2ccccc2)cc1,9.585026652029182,0.26,train,c1ccc(CCN2[C@@H]3CC[C@H]2CC(=C(c2ccccc2)c2ccccc2)C3)cc1,ChEMBL
chembl-endpoint-20260529T111633Z,CHEMBL233,μ-opioid,pKi,Ki,CHEMBL63912,CCNC(=O)c1ccc(C(=C2CC3CCC(C2)N3)c2ccc(O)cc2)cc1,6.576754126063192,265.0,train,c1ccc(C(=C2CC3CCC(C2)N3)c2ccccc2)cc1,ChEMBL
chembl-endpoint-20260529T111633Z,CHEMBL233,μ-opioid,pKi,Ki,CHEMBL64933,CCNC(=O)c1ccc(C(=C2CC3CCC(C2)N3)c2cccc(OC)c2)cc1,7.017728766960431,96.0,train,c1ccc(C(=C2CC3CCC(C2)N3)c2ccccc2)cc1,ChEMBL
chembl-endpoint-20260529T111633Z,CHEMBL233,μ-opioid,pKi,Ki,CHEMBL65259,CCNC(=O)c1ccc(C(=C2CC3CCC(C2)N3CC=C(C)C)c2cccc(O)c2)cc1,8.598599459218455,2.52,train,c1ccc(C(=C2CC3CCC(C2)N3)c2ccccc2)cc1,ChEMBL
chembl-endpoint-20260529T111633Z,CHEMBL233,μ-opioid,pKi,Ki,CHEMBL66741,CCNC(=O)c1ccc(C(=C2CC3CCC(C2)N3Cc2cccs2)c2cccc(OC)c2)cc1,8.421360790031928,3.79,train,c1ccc(C(=C2CC3CCC(C2)N3Cc2cccs2)c2ccccc2)cc1,ChEMBL
chembl-endpoint-20260529T111633Z,CHEMBL233,μ-opioid,pKi,Ki,CHEMBL66800,CCNC(=O)c1ccc(C(=C2CC3CCC(C2)N3CCc2c[nH]c3ccccc23)c2ccccc2)cc1,7.075720713938118,84.0,train,c1ccc(C(=C2CC3CCC(C2)N3CCc2c[nH]c3ccccc23)c2ccccc2)cc1,ChEMBL
chembl-endpoint-20260529T111633Z,CHEMBL233,μ-opioid,pKi,Ki,CHEMBL66954,CCNC(=O)c1ccc(/C(=C2/C[C@H]3CC[C@@H](C2)N3CCc2ccccc2)c2ccccc2)cc1,8.145086977692145,7.16,train,c1ccc(CCN2[C@@H]3CC[C@H]2CC(=C(c2ccccc2)c2ccccc2)C3)cc1,ChEMBL
chembl-endpoint-20260529T111633Z,CHEMBL233,μ-opioid,pKi,Ki,CHEMBL66955,NC(=O)c1ccc(C(=C2CC3CCC(C2)N3CCc2ccccc2)c2ccccc2)cc1,7.402304814074488,39.6,train,c1ccc(CCN2C3CCC2CC(=C(c2ccccc2)c2ccccc2)C3)cc1,ChEMBL
chembl-endpoint-20260529T111633Z,CHEMBL233,μ-opioid,pKi,Ki,CHEMBL67088,CCNC(=O)c1ccc(C(=C2CC3CCC(C2)N3CCOc2ccccc2)c2ccccc2)cc1,7.031517051446065,93.0,train,c1ccc(OCCN2C3CCC2CC(=C(c2ccccc2)c2ccccc2)C3)cc1,ChEMBL
chembl-endpoint-20260529T111633Z,CHEMBL233,μ-opioid,pKi,Ki,CHEMBL67123,CCNC(=O)c1ccc(C(=C2CC3CCC(C2)N3CCc2ccccc2)c2ccc(OC)cc2)cc1,8.214670164989233,6.1,train,c1ccc(CCN2C3CCC2CC(=C(c2ccccc2)c2ccccc2)C3)cc1,ChEMBL
chembl-endpoint-20260529T111633Z,CHEMBL233,μ-opioid,pKi,Ki,CHEMBL67144,COCCNC(=O)c1ccc(C(=C2CC3CCC(C2)N3CCc2ccccc2)c2ccccc2)cc1,6.787812395596042,163.0,train,c1ccc(CCN2C3CCC2CC(=C(c2ccccc2)c2ccccc2)C3)cc1,ChEMBL
chembl-endpoint-20260529T111633Z,CHEMBL233,μ-opioid,pKi,Ki,CHEMBL67240,CCNC(=O)c1ccc(C(=C2CC3CCC(C2)N3CC=C(C)C)c2cccc(OC)c2)cc1,8.6903698325741,2.04,train,c1ccc(C(=C2CC3CCC(C2)N3)c2ccccc2)cc1,ChEMBL
chembl-endpoint-20260529T111633Z,CHEMBL233,μ-opioid,pKi,Ki,CHEMBL67289,CCNC(=O)c1ccc(C(=C2CC3CCC(C2)N3CCc2ccccc2)c2cccc(OC)c2)cc1,9.184422251675732,0.654,train,c1ccc(CCN2C3CCC2CC(=C(c2ccccc2)c2ccccc2)C3)cc1,ChEMBL
chembl-endpoint-20260529T111633Z,CHEMBL233,μ-opioid,pKi,Ki,CHEMBL67326,CCNC(=O)c1ccc(C(=C2CC3CCC(C2)N3Cc2cccs2)c2ccc(OC)cc2)cc1,7.870310107800699,13.48,train,c1ccc(C(=C2CC3CCC(C2)N3Cc2cccs2)c2ccccc2)cc1,ChEMBL
chembl-endpoint-20260529T111633Z,CHEMBL233,μ-opioid,pKi,Ki,CHEMBL67428,O=C(Nc1nccs1)c1ccc(C(=C2CC3CCC(C2)N3CCc2ccccc2)c2ccccc2)cc1,7.275724130399211,53.0,train,O=C(Nc1nccs1)c1ccc(C(=C2CC3CCC(C2)N3CCc2ccccc2)c2ccccc2)cc1,ChEMBL
chembl-endpoint-20260529T111633Z,CHEMBL233,μ-opioid,pKi,Ki,CHEMBL67615,CCCNC(=O)c1ccc(C(=C2CC3CCC(C2)N3CCc2ccccc2)c2ccccc2)cc1,8.795880017344075,1.6,train,c1ccc(CCN2C3CCC2CC(=C(c2ccccc2)c2ccccc2)C3)cc1,ChEMBL
chembl-endpoint-20260529T111633Z,CHEMBL233,μ-opioid,pKi,Ki,CHEMBL67735,O=C(NCCF)c1ccc(C(=C2CC3CCC(C2)N3CCc2ccccc2)c2ccccc2)cc1,8.52432881167557,2.99,train,c1ccc(CCN2C3CCC2CC(=C(c2ccccc2)c2ccccc2)C3)cc1,ChEMBL
chembl-endpoint-20260529T111633Z,CHEMBL233,μ-opioid,pKi,Ki,CHEMBL67781,CC(C)(C)NC(=O)c1ccc(C(=C2CC3CCC(C2)N3CCc2ccccc2)c2ccccc2)cc1,6.216096420727265,608.0,train,c1ccc(CCN2C3CCC2CC(=C(c2ccccc2)c2ccccc2)C3)cc1,ChEMBL
chembl-endpoint-20260529T111633Z,CHEMBL233,μ-opioid,pKi,Ki,CHEMBL67790,CCNC(=O)c1ccc(C(=C2CC3CCC(C2)N3Cc2cccs2)c2ccc(O)cc2)cc1,8.169411331314855,6.77,train,c1ccc(C(=C2CC3CCC(C2)N3Cc2cccs2)c2ccccc2)cc1,ChEMBL
chembl-endpoint-20260529T111633Z,CHEMBL233,μ-opioid,pKi,Ki,CHEMBL67893,CCNC(=O)c1ccc(/C(=C2/C[C@H]3CC[C@@H](C2)N3C)c2ccccc2)cc1,7.37202001017002,42.46,train,c1ccc(C(=C2C[C@H]3CC[C@@H](C2)N3)c2ccccc2)cc1,ChEMBL
chembl-endpoint-20260529T111633Z,CHEMBL233,μ-opioid,pKi,Ki,CHEMBL67894,CCNC(=O)c1ccc(C(=C2CC3CCC(C2)N3CCCc2ccccc2)c2ccccc2)cc1,8.318758762624412,4.8,train,c1ccc(CCCN2C3CCC2CC(=C(c2ccccc2)c2ccccc2)C3)cc1,ChEMBL
chembl-endpoint-20260529T111633Z,CHEMBL233,μ-opioid,pKi,Ki,CHEMBL68113,CCN(CC)C(=O)c1ccc(/C(=C2/C[C@H]3CC[C@@H](C2)N3CCc2ccccc2)c2ccccc2)cc1,6.498940737782249,317.0,train,c1ccc(CCN2[C@@H]3CC[C@H]2CC(=C(c2ccccc2)c2ccccc2)C3)cc1,ChEMBL
chembl-endpoint-20260529T111633Z,CHEMBL233,μ-opioid,pKi,Ki,CHEMBL68341,CCNC(=O)c1ccc(/C(=C2\C[C@H]3CC[C@@H](C2)N3C)c2ccccc2)cc1,6.517126416391246,304.0,train,c1ccc(C(=C2C[C@H]3CC[C@@H](C2)N3)c2ccccc2)cc1,ChEMBL
chembl-endpoint-20260529T111633Z,CHEMBL233,μ-opioid,pKi,Ki,CHEMBL68342,C=CCN1[C@@H]2CC[C@H]1C/C(=C(/c1ccccc1)c1ccc(C(=O)NCC)cc1)C2,7.9779842601822795,10.52,train,c1ccc(C(=C2C[C@H]3CC[C@@H](C2)N3)c2ccccc2)cc1,ChEMBL
chembl-endpoint-20260529T111633Z,CHEMBL233,μ-opioid,pKi,Ki,CHEMBL68358,CCCCNC(=O)c1ccc(C(=C2CC3CCC(C2)N3CCc2ccccc2)c2ccccc2)cc1,7.663540266151471,21.7,train,c1ccc(CCN2C3CCC2CC(=C(c2ccccc2)c2ccccc2)C3)cc1,ChEMBL
chembl-endpoint-20260529T111633Z,CHEMBL233,μ-opioid,pKi,Ki,CHEMBL68412,CCNC(=O)c1ccc(C(=C2CC3CCC(C2)N3Cc2cccs2)c2cccc(O)c2)cc1,9.177831920631982,0.664,train,c1ccc(C(=C2CC3CCC(C2)N3Cc2cccs2)c2ccccc2)cc1,ChEMBL
chembl-endpoint-20260529T111633Z,CHEMBL233,μ-opioid,pKi,Ki,CHEMBL80,C=CCN1CC[C@]23c4c5ccc(O)c4O[C@H]2C(=O)CC[C@@]3(O)[C@H]1C5,8.440093374963887,3.63,train,O=C1CCC2[C@H]3Cc4cccc5c4[C@@]2(CCN3)[C@H]1O5,ChEMBL
chembl-endpoint-20260529T111633Z,CHEMBL233,μ-opioid,pKi,Ki,CHEMBL91683,CC(=N)NCCc1ccc2[nH]c3c(c2c1)C[C@@]1(O)C2Cc4ccc(O)c5c4[C@@]1(CCN2CC1CC1)[C@H]3O5,7.651305809734459,22.32,train,c1cc2c3c(c1)O[C@H]1c4[nH]c5ccccc5c4CC4C(C2)N(CC2CC2)CC[C@@]341,ChEMBL
chembl-endpoint-20260529T111633Z,CHEMBL236,δ-opioid,pIC50,IC50,CHEMBL114825,CNC(=O)CN1CN(c2ccccc2)C2(CCN(C(=O)OCc3cc4c(cc3Cl)OCO4)CC2)C1=O,5.753255290276159,1765.0,external,O=C(OCc1ccc2c(c1)OCO2)N1CCC2(CC1)C(=O)NCN2c1ccccc1,ChEMBL
chembl-endpoint-20260529T111633Z,CHEMBL236,δ-opioid,pIC50,IC50,CHEMBL115229,O=[N+]([O-])c1cc2c(cc1CN1CC=C(n3c(O)nc4ccccc43)CC1)OCO2,5.982966660701219,1040.0,external,C1=C(n2cnc3ccccc32)CCN(Cc2ccc3c(c2)OCO3)C1,ChEMBL
chembl-endpoint-20260529T111633Z,CHEMBL236,δ-opioid,pIC50,IC50,CHEMBL124435,CC(C)[C@H](NC(=O)[C@H](CC(=O)O)NC(=O)C1(NC(=O)[C@@H](C)NC(=O)[C@@H](N)Cc2ccc(O)cc2)Cc2ccccc2C1)C(=O)N[C@H](C(=O)NCC(N)=O)C(C)C,6.432973633840939,369.0,external,O=C(CCc1ccccc1)NCC(=O)NC1Cc2ccccc2C1,ChEMBL
chembl-endpoint-20260529T111633Z,CHEMBL236,δ-opioid,pIC50,IC50,CHEMBL129315,CCN(CC)C(=O)c1ccc(C(=C2CCNCC2)c2cccs2)cc1,8.54515513999149,2.85,external,c1ccc(C(=C2CCNCC2)c2cccs2)cc1,ChEMBL
chembl-endpoint-20260529T111633Z,CHEMBL236,δ-opioid,pIC50,IC50,CHEMBL13470,C=CCN1C[C@H](C)N([C@H](c2ccc(C(=O)N(CC)CC)cc2)c2cccc(OC)c2)C[C@H]1C,8.882728704344236,1.31,external,c1ccc(C(c2ccccc2)N2CCNCC2)cc1,ChEMBL
chembl-endpoint-20260529T111633Z,CHEMBL236,δ-opioid,pIC50,IC50,CHEMBL140050,CCC[C@@](C)(O)[C@H]1C[C@@]23C=C[C@]1(OC)[C@@H]1Oc4c(O)ccc5c4[C@@]12CCN(C)[C@@H]3C5,8.886056647693163,1.3,external,C1=C[C@]23CCC1[C@@H]1Oc4cccc5c4[C@@]12CCN[C@@H]3C5,ChEMBL
chembl-endpoint-20260529T111633Z,CHEMBL236,δ-opioid,pIC50,IC50,CHEMBL143815,C=C(COc1ccc2c3c1O[C@H]1[C@@]4(OC)C=C[C@@]5(C[C@@H]4[C@](C)(O)CCC)[C@@H](C2)N(C)CC[C@]315)C(=O)OC,8.920818753952375,1.2,external,C1=C[C@]23CCC1[C@@H]1Oc4cccc5c4[C@@]12CCN[C@@H]3C5,ChEMBL
chembl-endpoint-20260529T111633Z,CHEMBL236,δ-opioid,pIC50,IC50,CHEMBL143939,CC1(C)SSC(C)(C)[C@@H](NC(=O)[C@@H](N)Cc2ccc(O)cc2)C(=O)NCC(=O)N[C@@H](Cc2ccc(Cl)cc2)C(=O)N[C@H]1C(=O)O,8.8153085691824,1.53,external,O=C1CNC(=O)[C@H](NC(=O)CCc2ccccc2)CSSCCNC(=O)[C@H](Cc2ccccc2)N1,ChEMBL
chembl-endpoint-20260529T111633Z,CHEMBL236,δ-opioid,pIC50,IC50,CHEMBL2112736,Oc1ccc2c3c1OC1[C@H](OCc4c5ccccc5cc5ccccc45)CCC4(O)C(C2)N(CC2CC2)CCC314,7.318758762624412,48.0,external,c1cc2c3c(c1)OC1[C@H](OCc4c5ccccc5cc5ccccc45)CCC4C(C2)N(CC2CC2)CCC341,ChEMBL
chembl-endpoint-20260529T111633Z,CHEMBL236,δ-opioid,pIC50,IC50,CHEMBL216182,CC[C@H](C)[C@H](NC(=O)[C@H]1CCCCNC(=O)C[C@H](NC(=O)CNC(=O)[C@@H](N)Cc2ccc(O)cc2)C(=O)N[C@H](Cc2ccccc2)C(=O)N[C@@H](CC(C)C)C(=O)N[C@H](CCCN=C(N)N)C(=O)N1)C(=O)N[C@@H](CCCN=C(N)N)C(=O)N1CCC[C@@H]1C(=O)N[C@H](CCCCN)C(N)=O,6.886056647693163,130.0,external,O=C(CCc1ccccc1)NCC(=O)N[C@H]1CC(=O)NCCCC[C@H](C(=O)NCC(=O)NCC(=O)N2CCCC2)NC(=O)CNC(=O)CNC(=O)[C@@H](Cc2ccccc2)NC1=O,ChEMBL
chembl-endpoint-20260529T111633Z,CHEMBL236,δ-opioid,pIC50,IC50,CHEMBL31421,CC1(C)SSC(C)(C)[C@@H](NC(=O)[C@@H](N)Cc2ccc(O)cc2)C(=O)NCC(=O)N[C@@H](Cc2ccccc2)C(=O)N[C@H]1C(=O)O,8.744727494896694,1.8,external,O=C1CNC(=O)[C@H](NC(=O)CCc2ccccc2)CSSCCNC(=O)[C@H](Cc2ccccc2)N1,ChEMBL
chembl-endpoint-20260529T111633Z,CHEMBL236,δ-opioid,pIC50,IC50,CHEMBL338980,CCN(CC)C(=O)c1ccc(C(c2ccccc2)N2CCNCC2)cc1,7.94692155651658,11.3,external,c1ccc(C(c2ccccc2)N2CCNCC2)cc1,ChEMBL
chembl-endpoint-20260529T111633Z,CHEMBL236,δ-opioid,pIC50,IC50,CHEMBL3707076,Brc1ccc(CNc2ccc3c(c2)[C@H]2c4cc(NCc5ccc(Br)cc5)ccc4[C@H](C3)N3CCC[C@@H]23)cc1,5.275724130399211,5300.0,external,c1ccc(CNc2ccc3c(c2)[C@H]2c4cc(NCc5ccccc5)ccc4[C@H](C3)N3CCC[C@@H]23)cc1,ChEMBL
chembl-endpoint-20260529T111633Z,CHEMBL236,δ-opioid,pIC50,IC50,CHEMBL3707083,C[C@@H]1[C@H]2c3cc(O)ccc3C[C@@H](c3ccc(O)cc32)N1C,5.886056647693163,1300.0,external,c1ccc2c(c1)C[C@@H]1NC[C@@H]2c2ccccc21,ChEMBL
chembl-endpoint-20260529T111633Z,CHEMBL236,δ-opioid,pIC50,IC50,CHEMBL3707086,C[C@@H]1[C@H]2c3cc(Br)ccc3C[C@@H](c3ccc(Br)cc32)N1C,5.053547734986927,8840.0,external,c1ccc2c(c1)C[C@@H]1NC[C@@H]2c2ccccc21,ChEMBL
chembl-endpoint-20260529T111633Z,CHEMBL236,δ-opioid,pIC50,IC50,CHEMBL386170,CC[C@H](C)[C@H](NC(=O)[C@H]1CCCCNC(=O)C[C@@H](NC(=O)CNC(=O)[C@@H](N)Cc2ccc(O)cc2)C(=O)N[C@H](Cc2ccccc2)C(=O)N[C@@H](CC(C)C)C(=O)N[C@H](CCCN=C(N)N)C(=O)N1)C(=O)N[C@@H](CCCN=C(N)N)C(=O)N1CCC[C@@H]1C(=O)N[C@H](CCCCN)C(N)=O,5.767003889607846,1710.0,external,O=C(CCc1ccccc1)NCC(=O)N[C@@H]1CC(=O)NCCCC[C@H](C(=O)NCC(=O)NCC(=O)N2CCCC2)NC(=O)CNC(=O)CNC(=O)[C@@H](Cc2ccccc2)NC1=O,ChEMBL
chembl-endpoint-20260529T111633Z,CHEMBL236,δ-opioid,pIC50,IC50,CHEMBL596,CCC(=O)N(c1ccccc1)C1CCN(CCc2ccccc2)CC1,6.3655227298392685,431.0,external,c1ccc(CCN2CCC(Nc3ccccc3)CC2)cc1,ChEMBL
chembl-endpoint-20260529T111633Z,CHEMBL236,δ-opioid,pIC50,IC50,CHEMBL611431,CN1CC[C@]23c4c5ccc(O)c4O[C@H]2c2ncc(-c4ccc(Br)cc4)cc2C[C@H]3[C@H]1C5,7.259637310505756,55.0,external,c1ccc(-c2cnc3c(c2)C[C@H]2[C@H]4Cc5cccc6c5[C@@]2(CCN4)[C@H]3O6)cc1,ChEMBL
chembl-endpoint-20260529T111633Z,CHEMBL236,δ-opioid,pIC50,IC50,CHEMBL611437,CN1CC[C@]23c4c5ccc(O)c4O[C@H]2c2ncc(-c4ccc(Cl)c(Cl)c4)cc2C[C@H]3[C@H]1C5,7.130768280269024,74.0,external,c1ccc(-c2cnc3c(c2)C[C@H]2[C@H]4Cc5cccc6c5[C@@]2(CCN4)[C@H]3O6)cc1,ChEMBL
chembl-endpoint-20260529T111633Z,CHEMBL236,δ-opioid,pIC50,IC50,CHEMBL70,CN1CC[C@]23c4c5ccc(O)c4O[C@H]2[C@@H](O)C=C[C@H]3[C@H]1C5,6.366531544420414,430.0,external,C1=C[C@H]2[C@H]3Cc4cccc5c4[C@@]2(CCN3)[C@H](C1)O5,ChEMBL
chembl-endpoint-20260529T111633Z,CHEMBL236,δ-opioid,pIC50,IC50,CHEMBL82576,CC(=O)c1ccc2c3c1O[C@H]1[C@@H](O)C=C[C@H]4[C@@H](C2)N(C)CC[C@@]341,5.102372908709558,7900.0,external,C1=C[C@H]2[C@H]3Cc4cccc5c4[C@@]2(CCN3)[C@H](C1)O5,ChEMBL
chembl-endpoint-20260529T111633Z,CHEMBL236,δ-opioid,pIC50,IC50,CHEMBL114280,Oc1nc2ccccc2n1CCCNCc1cc2c(cc1Cl)OCO2,5.47755576649368,3330.0,scaffold_test,c1ccc2c(c1)ncn2CCCNCc1ccc2c(c1)OCO2,ChEMBL
chembl-endpoint-20260529T111633Z,CHEMBL236,δ-opioid,pIC50,IC50,CHEMBL2028997,CC[C@H](C)[C@H](NC(=O)[C@H](CCCN=C(N)N)NC(=O)[C@H](CCCN=C(N)N)NC(=O)[C@H](CC(C)C)NC(=O)[C@H](Cc1ccccc1)NC(=O)CNC(=O)CNC(=O)[C@@H](N)Cc1ccc(O)cc1)C(=O)N[C@@H](CCCN=C(N)N)C(=O)N1CCC[C@H]1C(=O)N[C@@H](CCCCN)C(=O)N[C@@H](CC(C)C)C(=O)N[C@@H](CCCCN)C(=O)N[C@@H](Cc1c[nH]c2ccccc12)C(=O)N[C@@H](CC(=O)O)C(=O)N[C@@H](CC(N)=O)C(=O)N[C@@H](CCC(=O)O)C(=O)O,6.581698708680254,262.0,scaffold_test,O=C(CCc1ccccc1)NCC(=O)NCC(=O)N[C@@H](Cc1ccccc1)C(=O)NCC(=O)NCC(=O)NCC(=O)NCC(=O)NCC(=O)N1CCC[C@H]1C(=O)NCC(=O)NCC(=O)NCC(=O)NCCc1c[nH]c2ccccc12,ChEMBL
chembl-endpoint-20260529T111633Z,CHEMBL236,δ-opioid,pIC50,IC50,CHEMBL2092986,C=C(COc1ccc2c3c1O[C@H]1[C@@]4(OC)CC[C@@]5(C[C@@H]4C(C)(C)O)[C@@H](C2)N(CC2CC2)CC[C@]315)C(=O)OC,8.886056647693163,1.3,scaffold_test,c1cc2c3c(c1)O[C@H]1C4CCC5(CC4)[C@@H](C2)N(CC2CC2)CC[C@]315,ChEMBL
chembl-endpoint-20260529T111633Z,CHEMBL236,δ-opioid,pIC50,IC50,CHEMBL2368861,CO[C@@]12CC[C@@]3(C[C@@H]1[C@](C)(O)C(C)(C)C)[C@H]1Cc4ccc(O)c5c4[C@@]3(CCN1CC1CC1)[C@H]2O5.Cl,9.045757490560675,0.9,scaffold_test,c1cc2c3c(c1)O[C@H]1C4CCC5(CC4)[C@@H](C2)N(CC2CC2)CC[C@]315,ChEMBL
chembl-endpoint-20260529T111633Z,CHEMBL236,δ-opioid,pIC50,IC50,CHEMBL2373014,NCCCC[C@H](NC(=O)[C@H]1CCCN1C(=O)[C@H](CCCN=C(N)N)NC(=O)[C@@H](Cc1c[nH]c2ccccc12)NC(=O)[C@H](CCCN=C(N)N)NC(=O)[C@H](CCCN=C(N)N)NC(=O)[C@@H](Cc1c[nH]c2ccccc12)NC(=O)[C@H](Cc1ccccc1)NC(=O)CNC(=O)CNC(=O)[C@@H](N)Cc1ccc(O)cc1)C(=O)O,5.364516253185088,4320.0,scaffold_test,O=C(CCc1ccccc1)NCC(=O)NCC(=O)N[C@@H](Cc1ccccc1)C(=O)N[C@H](Cc1c[nH]c2ccccc12)C(=O)NCC(=O)NCC(=O)N[C@H](Cc1c[nH]c2ccccc12)C(=O)NCC(=O)N1CCCC1,ChEMBL
chembl-endpoint-20260529T111633Z,CHEMBL236,δ-opioid,pIC50,IC50,CHEMBL281786,CO[C@]12CC[C@@]3(C[C@@H]1C(C)(C)O)[C@H]1Cc4ccc(O)c5c4[C@@]3(CCN1CC1CC1)[C@H]2O5,9.167491087293763,0.68,scaffold_test,c1cc2c3c(c1)O[C@H]1C4CCC5(CC4)[C@@H](C2)N(CC2CC2)CC[C@]315,ChEMBL
chembl-endpoint-20260529T111633Z,CHEMBL236,δ-opioid,pIC50,IC50,CHEMBL318636,CO[C@]12C=C[C@]34C[C@@]1(C)[C@H](c1ccccc1)N(C)[C@H]2C31CCN(C)C4Cc2ccc(O)cc21,9.148741651280925,0.71,scaffold_test,C1=C[C@]23CC4C1[C@@H](N[C@H]4c1ccccc1)C21CCNC3Cc2ccccc21,ChEMBL
chembl-endpoint-20260529T111633Z,CHEMBL236,δ-opioid,pIC50,IC50,CHEMBL319822,C[C@@H](NC(=O)[C@@H](N)Cc1ccc(O)cc1)C(=O)NCC(=O)N[C@@H](Cc1c[nH]c2ccccc12)C(=O)NNC(=O)[C@H](N)Cc1ccccc1,7.337242168318426,46.0,scaffold_test,O=C(CCc1ccccc1)NCC(=O)NCC(=O)N[C@@H](Cc1c[nH]c2ccccc12)C(=O)NNC(=O)CCc1ccccc1,ChEMBL
chembl-endpoint-20260529T111633Z,CHEMBL236,δ-opioid,pIC50,IC50,CHEMBL325750,O=C1NCN(c2ccccc2)C12CCN(Cc1ccc3nsnc3c1)CC2,5.3851027839668655,4120.0,scaffold_test,O=C1NCN(c2ccccc2)C12CCN(Cc1ccc3nsnc3c1)CC2,ChEMBL
chembl-endpoint-20260529T111633Z,CHEMBL236,δ-opioid,pIC50,IC50,CHEMBL3707088,C[C@@H]1[C@H]2c3cc(N4CCN(C)CC4)ccc3C[C@@H](c3ccc(N4CCN(C)CC4)cc32)N1CC1CC1,5.690369832574102,2040.0,scaffold_test,c1cc2c(cc1N1CCNCC1)[C@@H]1CN(CC3CC3)[C@@H](C2)c2ccc(N3CCNCC3)cc21,ChEMBL
chembl-endpoint-20260529T111633Z,CHEMBL236,δ-opioid,pIC50,IC50,CHEMBL3707102,C[C@@H]1[C@H]2c3cc(NCc4ccccc4)ccc3C[C@@H](c3ccc(NCc4ccccc4)cc32)N1C,6.920818753952375,120.0,scaffold_test,c1ccc(CNc2ccc3c(c2)[C@@H]2CN[C@@H](C3)c3ccc(NCc4ccccc4)cc32)cc1,ChEMBL
chembl-endpoint-20260529T111633Z,CHEMBL236,δ-opioid,pIC50,IC50,CHEMBL3707103,C[C@@H]1[C@H]2c3cc(Nc4ccccc4)ccc3C[C@@H](c3ccc(Nc4ccccc4)cc32)N1CC1CC1,6.050609993355087,890.0,scaffold_test,c1ccc(Nc2ccc3c(c2)[C@@H]2CN(CC4CC4)[C@@H](C3)c3ccc(Nc4ccccc4)cc32)cc1,ChEMBL
chembl-endpoint-20260529T111633Z,CHEMBL236,δ-opioid,pIC50,IC50,CHEMBL4649916,CO[C@@]12C=C[C@]34C[C@]1(C)[C@@H](c1ccccc1)N[C@H]2[C@@]31CCN(C)[C@@H]4Cc2ccc(O)cc21,9.494850021680094,0.32,scaffold_test,C1=C[C@]23CC4C1[C@@H](N[C@@H]4c1ccccc1)[C@@]21CCN[C@@H]3Cc2ccccc21,ChEMBL
chembl-endpoint-20260529T111633Z,CHEMBL236,δ-opioid,pIC50,IC50,CHEMBL651,CCC(=O)C(CC(C)N(C)C)(c1ccccc1)c1ccccc1,5.962573502059376,1090.0,scaffold_test,c1ccc(Cc2ccccc2)cc1,ChEMBL
chembl-endpoint-20260529T111633Z,CHEMBL236,δ-opioid,pIC50,IC50,CHEMBL102092,COC12C=CC34C[C@@]1(C)C(c1ccccc1)=N[C@H]2C31CCN(C)C4Cc2ccc(O)cc21,9.161150909262744,0.69,train,C1=CC23CC4C(c5ccccc5)=N[C@H](C14)C21CCNC3Cc2ccccc21,ChEMBL
chembl-endpoint-20260529T111633Z,CHEMBL236,δ-opioid,pIC50,IC50,CHEMBL112191,COc1ccc(CN2CCC(n3c(O)nc4ccccc43)CC2)c(Cl)c1,5.85078088734462,1410.0,train,c1ccc(CN2CCC(n3cnc4ccccc43)CC2)cc1,ChEMBL
chembl-endpoint-20260529T111633Z,CHEMBL236,δ-opioid,pIC50,IC50,CHEMBL114379,Oc1nc2ccccc2n1C1CCN(Cc2cc3c(cc2Cl)OCO3)CC1,7.42712839779952,37.4,train,c1ccc2c(c1)ncn2C1CCN(Cc2ccc3c(c2)OCO3)CC1,ChEMBL
chembl-endpoint-20260529T111633Z,CHEMBL236,δ-opioid,pIC50,IC50,CHEMBL115222,CNC(=O)CN1CN(c2ccccc2)C2(CCN(Cc3cc4c(cc3Cl)OCO4)CC2)C1=O,7.943095148663527,11.4,train,O=C1NCN(c2ccccc2)C12CCN(Cc1ccc3c(c1)OCO3)CC2,ChEMBL
chembl-endpoint-20260529T111633Z,CHEMBL236,δ-opioid,pIC50,IC50,CHEMBL115280,O=C1NCN(c2ccccc2)C12CCN(Cc1cccc(Oc3ccccc3)c1)CC2,5.735182176990463,1840.0,train,O=C1NCN(c2ccccc2)C12CCN(Cc1cccc(Oc3ccccc3)c1)CC2,ChEMBL
chembl-endpoint-20260529T111633Z,CHEMBL236,δ-opioid,pIC50,IC50,CHEMBL115444,O=C(OCc1cc2c(cc1Cl)OCO2)N1CCC(n2c(O)nc3ccccc32)CC1,5.5968794788241825,2530.0,train,O=C(OCc1ccc2c(c1)OCO2)N1CCC(n2cnc3ccccc32)CC1,ChEMBL
chembl-endpoint-20260529T111633Z,CHEMBL236,δ-opioid,pIC50,IC50,CHEMBL115652,O=C1NCN(c2ccccc2)C12CCN(Cc1cc3c(cc1Cl)OCO3)CC2,6.860120913598763,138.0,train,O=C1NCN(c2ccccc2)C12CCN(Cc1ccc3c(c1)OCO3)CC2,ChEMBL
chembl-endpoint-20260529T111633Z,CHEMBL236,δ-opioid,pIC50,IC50,CHEMBL124283,CC(C)C[C@H](NC(=O)[C@H](Cc1ccccc1)NC(=O)CNC(=O)[C@@H](CO)NC(=O)[C@@H](N)Cc1ccc(O)cc1)C(=O)N[C@H](C(=O)O)[C@@H](C)O,8.886056647693163,1.3,train,O=C(CCc1ccccc1)NCC(=O)NCC(=O)NCCc1ccccc1,ChEMBL
chembl-endpoint-20260529T111633Z,CHEMBL236,δ-opioid,pIC50,IC50,CHEMBL124941,CC(C)[C@H](NC(=O)[C@H](CC(=O)O)NC(=O)C1(NC(=O)[C@@H](C)NC(=O)[C@@H](N)Cc2ccc(O)cc2)CCc2ccccc2C1)C(=O)N[C@H](C(=O)NCC(N)=O)C(C)C,5.790484985457369,1620.0,train,O=C(CCc1ccccc1)NCC(=O)NC1CCc2ccccc2C1,ChEMBL
chembl-endpoint-20260529T111633Z,CHEMBL236,δ-opioid,pIC50,IC50,CHEMBL126141,CCN(CC)C(=O)c1ccc(C(=C2CCN(CC=C(C)C)CC2)c2ccccc2)cc1,8.679853713888946,2.09,train,c1ccc(C(=C2CCNCC2)c2ccccc2)cc1,ChEMBL
chembl-endpoint-20260529T111633Z,CHEMBL236,δ-opioid,pIC50,IC50,CHEMBL126255,C=CCN1CCC(=C(c2ccccc2)c2ccc(C(=O)N(CC)CC)cc2)CC1,8.522878745280337,3.0,train,c1ccc(C(=C2CCNCC2)c2ccccc2)cc1,ChEMBL
chembl-endpoint-20260529T111633Z,CHEMBL236,δ-opioid,pIC50,IC50,CHEMBL126370,CCN(CC)C(=O)c1ccc(C(=C2CCNCC2)c2ccccc2F)cc1,8.98296666070122,1.04,train,c1ccc(C(=C2CCNCC2)c2ccccc2)cc1,ChEMBL
chembl-endpoint-20260529T111633Z,CHEMBL236,δ-opioid,pIC50,IC50,CHEMBL126382,CCN(CC)C(=O)c1ccc(C(c2ccccc2)C2CCNCC2)cc1,8.057000406633959,8.77,train,c1ccc(C(c2ccccc2)C2CCNCC2)cc1,ChEMBL
chembl-endpoint-20260529T111633Z,CHEMBL236,δ-opioid,pIC50,IC50,CHEMBL126842,CCN(CC)C(=O)c1ccc(C(=C2CCN(C)CC2)c2ccccc2)cc1,7.568636235841013,27.0,train,c1ccc(C(=C2CCNCC2)c2ccccc2)cc1,ChEMBL
chembl-endpoint-20260529T111633Z,CHEMBL236,δ-opioid,pIC50,IC50,CHEMBL126857,CCN(CC)C(=O)c1ccc(C(=C2CCNCC2)c2ccc(Cl)c(Cl)c2)cc1,8.636388020107855,2.31,train,c1ccc(C(=C2CCNCC2)c2ccccc2)cc1,ChEMBL
chembl-endpoint-20260529T111633Z,CHEMBL236,δ-opioid,pIC50,IC50,CHEMBL126884,CCN(CC)C(=O)c1ccc(C(=C2CCNCC2)c2c(C)cccc2C)cc1,6.728158393463501,187.0,train,c1ccc(C(=C2CCNCC2)c2ccccc2)cc1,ChEMBL
chembl-endpoint-20260529T111633Z,CHEMBL236,δ-opioid,pIC50,IC50,CHEMBL126946,CCN(CC)C(=O)c1ccc(C(=C2CCNCC2)c2ccc(F)cc2)cc1,7.823908740944319,15.0,train,c1ccc(C(=C2CCNCC2)c2ccccc2)cc1,ChEMBL
chembl-endpoint-20260529T111633Z,CHEMBL236,δ-opioid,pIC50,IC50,CHEMBL127007,CCN(CC)C(=O)c1ccc(C(=C2CCNCC2)c2ccc(Cl)cc2)cc1,8.379863945026242,4.17,train,c1ccc(C(=C2CCNCC2)c2ccccc2)cc1,ChEMBL
chembl-endpoint-20260529T111633Z,CHEMBL236,δ-opioid,pIC50,IC50,CHEMBL127495,CCN(CC)C(=O)c1ccc(C(=C2CCNCC2)c2cccc(N)c2)cc1,8.590066876668706,2.57,train,c1ccc(C(=C2CCNCC2)c2ccccc2)cc1,ChEMBL
chembl-endpoint-20260529T111633Z,CHEMBL236,δ-opioid,pIC50,IC50,CHEMBL127788,CCN(CC)C(=O)c1ccc(C(=C2CCN(CC3CC3)CC2)c2ccccc2)cc1,8.029188389127482,9.35,train,c1ccc(C(=C2CCN(CC3CC3)CC2)c2ccccc2)cc1,ChEMBL
chembl-endpoint-20260529T111633Z,CHEMBL236,δ-opioid,pIC50,IC50,CHEMBL127802,CCCCN1CCC(=C(c2ccccc2)c2ccc(C(=O)N(CC)CC)cc2)CC1,8.185086818724926,6.53,train,c1ccc(C(=C2CCNCC2)c2ccccc2)cc1,ChEMBL
chembl-endpoint-20260529T111633Z,CHEMBL236,δ-opioid,pIC50,IC50,CHEMBL129034,CCN(CC)C(=O)c1ccc(C(=C2CCNCC2)c2cccc3ccccc23)cc1,8.910094888560602,1.23,train,c1ccc(C(=C2CCNCC2)c2cccc3ccccc23)cc1,ChEMBL
chembl-endpoint-20260529T111633Z,CHEMBL236,δ-opioid,pIC50,IC50,CHEMBL129300,CCN(CC)C(=O)c1ccc(C(=C2CCNCC2)c2cccc(C(C)=O)c2)cc1,9.065501548756432,0.86,train,c1ccc(C(=C2CCNCC2)c2ccccc2)cc1,ChEMBL
chembl-endpoint-20260529T111633Z,CHEMBL236,δ-opioid,pIC50,IC50,CHEMBL129693,CCN(CC)C(=O)c1ccc(C(=C2CCNCC2)c2ccc(SC)cc2)cc1,8.679853713888946,2.09,train,c1ccc(C(=C2CCNCC2)c2ccccc2)cc1,ChEMBL
chembl-endpoint-20260529T111633Z,CHEMBL236,δ-opioid,pIC50,IC50,CHEMBL140044,C=C(COc1ccc2c3c1O[C@H]1[C@H](O)CC[C@@]4(O)[C@@H](C2)N(CC2CC2)CC[C@]314)C(=O)OC,7.468521082957745,34.0,train,c1cc2c3c(c1)O[C@H]1CCCC4[C@@H](C2)N(CC2CC2)CC[C@@]341,ChEMBL
chembl-endpoint-20260529T111633Z,CHEMBL236,δ-opioid,pIC50,IC50,CHEMBL140145,C=C(COc1ccc2c3c1O[C@H]1C(=O)CC[C@@]4(O)[C@@H](C2)N(C)CC[C@]314)C(=O)OC,7.6777807052660805,21.0,train,O=C1CCC2[C@H]3Cc4cccc5c4[C@@]2(CCN3)[C@H]1O5,ChEMBL
chembl-endpoint-20260529T111633Z,CHEMBL236,δ-opioid,pIC50,IC50,CHEMBL140278,Oc1ccc2c3c1O[C@H]1[C@H](O)CC[C@@]4(O)[C@@H](C2)N(CC2CC2)CC[C@]314,7.585026652029182,26.0,train,c1cc2c3c(c1)O[C@H]1CCCC4[C@@H](C2)N(CC2CC2)CC[C@@]341,ChEMBL
chembl-endpoint-20260529T111633Z,CHEMBL236,δ-opioid,pIC50,IC50,CHEMBL143416,C=C(COc1ccc2c3c1O[C@H]1[C@H](OCC(=C)C(=O)OC)CC[C@@]4(O)[C@@H](C2)N(CC2CC2)CC[C@]314)C(=O)OC,8.494850021680094,3.2,train,c1cc2c3c(c1)O[C@H]1CCCC4[C@@H](C2)N(CC2CC2)CC[C@@]341,ChEMBL
chembl-endpoint-20260529T111633Z,CHEMBL236,δ-opioid,pIC50,IC50,CHEMBL143592,CC(C)(C)c1ccc(C(c2cccc(O)c2)N2CCN(Cc3ccccc3)CC2)cc1,8.258848401148216,5.51,train,c1ccc(CN2CCN(C(c3ccccc3)c3ccccc3)CC2)cc1,ChEMBL
chembl-endpoint-20260529T111633Z,CHEMBL236,δ-opioid,pIC50,IC50,CHEMBL146054,CC(c1ccccc1Cl)N1CCC(n2c(O)nc3ccccc32)CC1,5.721246399047171,1900.0,train,c1ccc(CN2CCC(n3cnc4ccccc43)CC2)cc1,ChEMBL
chembl-endpoint-20260529T111633Z,CHEMBL236,δ-opioid,pIC50,IC50,CHEMBL152327,Oc1ccc2c3c1O[C@H]1[C@H](OCc4ccccc4CN=C=S)CC[C@@]4(O)C(C2)N(CC2CC2)CCC314,7.657577319177793,22.0,train,c1ccc(CO[C@@H]2CCC3C4Cc5cccc6c5C3(CCN4CC3CC3)[C@H]2O6)cc1,ChEMBL
chembl-endpoint-20260529T111633Z,CHEMBL236,δ-opioid,pIC50,IC50,CHEMBL152351,Oc1ccc2c3c1O[C@H]1[C@H](OCc4cccc(CN=C=S)c4)CC[C@@]4(O)C(C2)N(CC2CC2)CCC314,7.920818753952375,12.0,train,c1ccc(CO[C@@H]2CCC3C4Cc5cccc6c5C3(CCN4CC3CC3)[C@H]2O6)cc1,ChEMBL
chembl-endpoint-20260529T111633Z,CHEMBL236,δ-opioid,pIC50,IC50,CHEMBL154510,Oc1ccc2c3c1O[C@H]1[C@H](OCc4cccc(N=C=S)c4)CC[C@@]4(O)C(C2)N(CC2CC2)CCC314,8.187086643357144,6.5,train,c1ccc(CO[C@@H]2CCC3C4Cc5cccc6c5C3(CCN4CC3CC3)[C@H]2O6)cc1,ChEMBL
chembl-endpoint-20260529T111633Z,CHEMBL236,δ-opioid,pIC50,IC50,CHEMBL168723,CCC(=O)N(c1ccccc1)C1(COC)CCN(CCn2cccn2)CC1,5.769295686387431,1701.0,train,c1ccc(NC2CCN(CCn3cccn3)CC2)cc1,ChEMBL
chembl-endpoint-20260529T111633Z,CHEMBL236,δ-opioid,pIC50,IC50,CHEMBL169366,CCC(=O)N(c1ccccc1)C1(C(=O)OC)CCN(CCn2cccn2)CC1,6.092051478387727,809.0,train,c1ccc(NC2CCN(CCn3cccn3)CC2)cc1,ChEMBL
chembl-endpoint-20260529T111633Z,CHEMBL236,δ-opioid,pIC50,IC50,CHEMBL1707,CN(C)C(=O)C(CCN1CCC(O)(c2ccc(Cl)cc2)CC1)(c1ccccc1)c1ccccc1.Cl,6.910094888560602,123.0,train,c1ccc(C2CCN(CCC(c3ccccc3)c3ccccc3)CC2)cc1,ChEMBL
chembl-endpoint-20260529T111633Z,CHEMBL236,δ-opioid,pIC50,IC50,CHEMBL1790709,CC(C)C[C@H](NC(=O)[C@H](Cc1ccccc1)NC(=O)CNC(=O)[C@H](NC(=O)[C@@H](N)Cc1ccc(O)cc1)[C@@H](C)O)C(=O)N[C@@H](CO[C@H]1O[C@@H](CO)[C@H](O)[C@@H](O)[C@H]1O)C(N)=O,8.468521082957745,3.4,train,O=C(CCc1ccccc1)NCC(=O)NCC(=O)N[C@@H](Cc1ccccc1)C(=O)NCC(=O)NCCO[C@@H]1CCCCO1,ChEMBL
chembl-endpoint-20260529T111633Z,CHEMBL236,δ-opioid,pIC50,IC50,CHEMBL1790710,CC(C)C[C@H](NC(=O)[C@H](Cc1ccccc1)NC(=O)CNC(=O)[C@H](NC(=O)[C@@H](N)Cc1ccc(O)cc1)[C@@H](C)O)C(=O)N[C@@H](CO)C(N)=O,8.619788758288394,2.4,train,O=C(CCc1ccccc1)NCC(=O)NCC(=O)NCCc1ccccc1,ChEMBL
chembl-endpoint-20260529T111633Z,CHEMBL236,δ-opioid,pIC50,IC50,CHEMBL19019,O=C1CC[C@@]2(O)[C@H]3Cc4ccc(O)c5c4[C@@]2(CCN3CC2CC2)[C@H]1O5,8.0,10.0,train,O=C1CCC2[C@H]3Cc4cccc5c4[C@@]2(CCN3CC2CC2)[C@H]1O5,ChEMBL
chembl-endpoint-20260529T111633Z,CHEMBL236,δ-opioid,pIC50,IC50,CHEMBL200199,C[C@@H](NC(=O)[C@@H](N)Cc1ccc(O)cc1)C(=O)NCC(=O)N[C@@H](Cc1ccccc1)C(=O)NNC(=O)[C@H](Cc1ccccc1)NC(=O)CNC(=O)[C@@H](C)NC(=O)[C@@H](N)Cc1ccc(O)cc1,8.585026652029182,2.6,train,O=C(CCc1ccccc1)NCC(=O)NCC(=O)N[C@@H](Cc1ccccc1)C(=O)NNC(=O)[C@H](Cc1ccccc1)NC(=O)CNC(=O)CNC(=O)CCc1ccccc1,ChEMBL
chembl-endpoint-20260529T111633Z,CHEMBL236,δ-opioid,pIC50,IC50,CHEMBL2096625,CN1CC[C@]23c4c5ccc(O)c4O[C@H]2[C@@H](O)C=C[C@H]3[C@H]1C5.CN1CC[C@]23c4c5ccc(O)c4O[C@H]2[C@@H](O)C=C[C@H]3[C@H]1C5.O=S(=O)(O)O,6.616184634019569,242.0,train,C1=C[C@H]2[C@H]3Cc4cccc5c4[C@@]2(CCN3)[C@H](C1)O5.C1=C[C@H]2[C@H]3Cc4cccc5c4[C@@]2(CCN3)[C@H](C1)O5,ChEMBL
chembl-endpoint-20260529T111633Z,CHEMBL236,δ-opioid,pIC50,IC50,CHEMBL2111881,CCCC[C@@H](C(=O)N[C@@H](CC(=O)O)C(=O)N[C@@H](Cc1ccccc1)C(N)=O)N(C)C(=O)[C@H](NC(=O)CNC(=O)[C@@H](Cc1ccccc1)NC(=O)[C@H](Cc1ccc(O)cc1)NC(=O)[C@@H](N)CC(=O)O)[C@H](C)c1c[nH]c2ccccc12,6.086186147616283,820.0,train,O=C(CNC(=O)CNC(=O)[C@@H](Cc1c[nH]c2ccccc12)NC(=O)CNC(=O)[C@@H](Cc1ccccc1)NC(=O)CCc1ccccc1)NCCc1ccccc1,ChEMBL
chembl-endpoint-20260529T111633Z,CHEMBL236,δ-opioid,pIC50,IC50,CHEMBL2111882,CCCC[C@@H](C(=O)N[C@@H](CC(=O)O)C(=O)N[C@@H](Cc1ccccc1)C(N)=O)N(C)C(=O)[C@H](NC(=O)CNC(=O)[C@@H](Cc1ccccc1)NC(=O)[C@H](Cc1ccc(O)cc1)NC(=O)[C@@H](N)CC(=O)O)[C@@H](C)c1c[nH]c2ccccc12,5.978810700930062,1050.0,train,O=C(CNC(=O)CNC(=O)[C@@H](Cc1c[nH]c2ccccc12)NC(=O)CNC(=O)[C@@H](Cc1ccccc1)NC(=O)CCc1ccccc1)NCCc1ccccc1,ChEMBL
chembl-endpoint-20260529T111633Z,CHEMBL236,δ-opioid,pIC50,IC50,CHEMBL2111911,Oc1ccc2c3c1OC1[C@@H](OCc4ccc5ccccc5c4)CCC4(O)C(C2)N(CC2CC2)CCC314,7.698970004336019,20.0,train,c1cc2c3c(c1)OC1[C@@H](OCc4ccc5ccccc5c4)CCC4C(C2)N(CC2CC2)CCC341,ChEMBL
chembl-endpoint-20260529T111633Z,CHEMBL236,δ-opioid,pIC50,IC50,CHEMBL2111912,Oc1ccc2c3c1OC1[C@@H](OCc4cccc5ccccc45)CCC4(O)C(C2)N(CC2CC2)CCC314,8.18045606445813,6.6,train,c1cc2c3c(c1)OC1[C@@H](OCc4cccc5ccccc45)CCC4C(C2)N(CC2CC2)CCC341,ChEMBL
chembl-endpoint-20260529T111633Z,CHEMBL236,δ-opioid,pIC50,IC50,CHEMBL2111913,Oc1ccc2c3c1OC1[C@@H](OCc4ccc(-c5ccccc5)cc4)CCC4(O)C(C2)N(CC2CC2)CCC314,7.721246399047171,19.0,train,c1ccc(-c2ccc(CO[C@H]3CCC4C5Cc6cccc7c6C4(CCN5CC4CC4)C3O7)cc2)cc1,ChEMBL
chembl-endpoint-20260529T111633Z,CHEMBL236,δ-opioid,pIC50,IC50,CHEMBL2111914,Oc1ccc2c3c1OC1[C@@H](OCc4ccccc4)CCC4(O)C(C2)N(CC2CC2)CCC314,8.853871964321762,1.4,train,c1ccc(CO[C@H]2CCC3C4Cc5cccc6c5C3(CCN4CC3CC3)C2O6)cc1,ChEMBL
chembl-endpoint-20260529T111633Z,CHEMBL236,δ-opioid,pIC50,IC50,CHEMBL2111916,Oc1ccc2c3c1OC1[C@@H](OCc4c5ccccc5cc5ccccc45)CCC4(O)C(C2)N(CC2CC2)CCC314,7.443697499232712,36.0,train,c1cc2c3c(c1)OC1[C@@H](OCc4c5ccccc5cc5ccccc45)CCC4C(C2)N(CC2CC2)CCC341,ChEMBL
chembl-endpoint-20260529T111633Z,CHEMBL236,δ-opioid,pIC50,IC50,CHEMBL2112688,CCCC[C@@H](C(=O)N[C@@H](CC(=O)O)C(=O)N[C@@H](Cc1ccccc1)C(N)=O)N(C)C(=O)[C@@H](NC(=O)CNC(=O)[C@@H](Cc1ccccc1)NC(=O)[C@H](Cc1ccc(O)cc1)NC(=O)[C@@H](N)CC(=O)O)[C@H](C)c1c[nH]c2ccccc12,7.187086643357144,65.0,train,O=C(CNC(=O)CNC(=O)[C@H](Cc1c[nH]c2ccccc12)NC(=O)CNC(=O)[C@@H](Cc1ccccc1)NC(=O)CCc1ccccc1)NCCc1ccccc1,ChEMBL
chembl-endpoint-20260529T111633Z,CHEMBL236,δ-opioid,pIC50,IC50,CHEMBL2112689,CCCC[C@@H](C(=O)N[C@@H](CC(=O)O)C(=O)N[C@@H](Cc1ccccc1)C(N)=O)N(C)C(=O)[C@@H](NC(=O)CNC(=O)[C@@H](Cc1ccccc1)NC(=O)[C@H](Cc1ccc(O)cc1)NC(=O)[C@@H](N)CC(=O)O)[C@@H](C)c1c[nH]c2ccccc12,6.853871964321762,140.0,train,O=C(CNC(=O)CNC(=O)[C@H](Cc1c[nH]c2ccccc12)NC(=O)CNC(=O)[C@@H](Cc1ccccc1)NC(=O)CCc1ccccc1)NCCc1ccccc1,ChEMBL
chembl-endpoint-20260529T111633Z,CHEMBL236,δ-opioid,pIC50,IC50,CHEMBL2112729,Oc1ccc2c3c1OC1[C@H](OCc4ccc5ccccc5c4)CCC4(O)C(C2)N(CC2CC2)CCC314,7.6020599913279625,25.0,train,c1cc2c3c(c1)OC1[C@H](OCc4ccc5ccccc5c4)CCC4C(C2)N(CC2CC2)CCC341,ChEMBL
chembl-endpoint-20260529T111633Z,CHEMBL236,δ-opioid,pIC50,IC50,CHEMBL2112730,Oc1ccc2c3c1OC1[C@H](OCc4ccc(-c5ccccc5)cc4)CCC4(O)C(C2)N(CC2CC2)CCC314,7.958607314841775,11.0,train,c1ccc(-c2ccc(CO[C@@H]3CCC4C5Cc6cccc7c6C4(CCN5CC4CC4)C3O7)cc2)cc1,ChEMBL
chembl-endpoint-20260529T111633Z,CHEMBL236,δ-opioid,pIC50,IC50,CHEMBL2112732,Oc1ccc2c3c1OC1[C@H](OCc4ccccc4)CCC4(O)C(C2)N(CC2CC2)CCC314,8.537602002101044,2.9,train,c1ccc(CO[C@@H]2CCC3C4Cc5cccc6c5C3(CCN4CC3CC3)C2O6)cc1,ChEMBL
chembl-endpoint-20260529T111633Z,CHEMBL236,δ-opioid,pIC50,IC50,CHEMBL2112740,Oc1ccc2c3c1OC1[C@H](OCc4cccc5ccccc45)CCC4(O)C(C2)N(CC2CC2)CCC314,8.259637310505756,5.5,train,c1cc2c3c(c1)OC1[C@H](OCc4cccc5ccccc45)CCC4C(C2)N(CC2CC2)CCC341,ChEMBL
chembl-endpoint-20260529T111633Z,CHEMBL236,δ-opioid,pIC50,IC50,CHEMBL2112841,CN1[C@@H]2Cc3ccccc3[C@@H](c3ccccc32)[C@@H]1Cc1ccccc1,5.463189134008458,3442.0,train,c1ccc(C[C@@H]2N[C@@H]3Cc4ccccc4[C@H]2c2ccccc23)cc1,ChEMBL
chembl-endpoint-20260529T111633Z,CHEMBL236,δ-opioid,pIC50,IC50,CHEMBL214929,CCCC[C@@H](N)C(=O)NNC(=O)[C@H](Cc1ccccc1)NC(=O)CNC(=O)[C@@H](C)NC(=O)[C@@H](N)Cc1ccc(O)cc1,7.1487416512809245,71.0,train,O=C(CCc1ccccc1)NCC(=O)NCC(=O)NCCc1ccccc1,ChEMBL
chembl-endpoint-20260529T111633Z,CHEMBL236,δ-opioid,pIC50,IC50,CHEMBL216640,CC[C@H](C)[C@H](NC(=O)[C@H](CCCN=C(N)N)NC(=O)[C@H](CCCN=C(N)N)NC(=O)[C@H](CC(C)C)NC(=O)[C@H](Cc1ccccc1)NC(=O)CNC(=O)CNC(=O)[C@@H](N)Cc1ccc(O)cc1)C(=O)N[C@@H](CCCN=C(N)N)C(=O)N1CCC[C@H]1C(=O)N[C@@H](CCCCN)C(N)=O,7.585026652029182,26.0,train,O=C(CCc1ccccc1)NCC(=O)NCC(=O)N[C@@H](Cc1ccccc1)C(=O)NCC(=O)NCC(=O)NCC(=O)NCC(=O)NCC(=O)N1CCCC1,ChEMBL
chembl-endpoint-20260529T111633Z,CHEMBL236,δ-opioid,pIC50,IC50,CHEMBL217049,CC[C@H](C)[C@H](NC(=O)[C@H](CCCN=C(N)N)NC(=O)[C@H](CCCCN)NC(=O)[C@H](CC(C)C)NC(=O)[C@H](Cc1ccccc1)NC(=O)CNC(=O)[C@H](CC(=O)O)NC(=O)[C@@H](N)Cc1ccc(O)cc1)C(=O)N[C@@H](CCCN=C(N)N)C(=O)N1CCC[C@@H]1C(=O)N[C@H](CCCCN)C(N)=O,8.939302159646388,1.15,train,O=C(CCc1ccccc1)NCC(=O)NCC(=O)N[C@@H](Cc1ccccc1)C(=O)NCC(=O)NCC(=O)NCC(=O)NCC(=O)NCC(=O)N1CCCC1,ChEMBL
chembl-endpoint-20260529T111633Z,CHEMBL236,δ-opioid,pIC50,IC50,CHEMBL2373009,CC(C)C[C@H](NC(=O)[C@H](Cc1ccccc1)NC(=O)CNC(=O)CNC(=O)[C@@H](N)Cc1ccc(O)cc1)C(=O)N[C@@H](CCCN=C(N)N)C(=O)N[C@@H](CCCN=C(N)N)C(=O)N[C@H](Cc1c[nH]c2ccccc12)C(=O)N[C@@H](CCCN=C(N)N)C(=O)N1CCC[C@@H]1C(=O)N[C@@H](CCCCN)C(=O)O,6.144480844332199,717.0,train,O=C(CCc1ccccc1)NCC(=O)NCC(=O)N[C@@H](Cc1ccccc1)C(=O)NCC(=O)NCC(=O)NCC(=O)N[C@H](Cc1c[nH]c2ccccc12)C(=O)NCC(=O)N1CCCC1,ChEMBL
chembl-endpoint-20260529T111633Z,CHEMBL236,δ-opioid,pIC50,IC50,CHEMBL2373013,CC(C)C[C@H](NC(=O)[C@@H](Cc1c[nH]c2ccccc12)NC(=O)CNC(=O)[C@@H](Cc1c[nH]c2ccccc12)NC(=O)[C@@H](N)Cc1ccc(O)cc1)C(=O)N[C@@H](CCCN=C(N)N)C(=O)N[C@@H](CCCN=C(N)N)C(=O)N[C@H](Cc1c[nH]c2ccccc12)C(=O)N[C@@H](CCCN=C(N)N)C(=O)N1CCC[C@@H]1C(=O)N[C@@H](CCCCN)C(=O)O,5.565431095965801,2720.0,train,O=C(CNC(=O)CNC(=O)[C@@H](Cc1c[nH]c2ccccc12)NC(=O)CNC(=O)[C@@H](Cc1c[nH]c2ccccc12)NC(=O)CCc1ccccc1)NCC(=O)N[C@H](Cc1c[nH]c2ccccc12)C(=O)NCC(=O)N1CCCC1,ChEMBL
chembl-endpoint-20260529T111633Z,CHEMBL236,δ-opioid,pIC50,IC50,CHEMBL262963,CC[C@H](C)[C@H](NC(=O)[C@H](CCCN=C(N)N)NC(=O)[C@H](CCCN=C(N)N)NC(=O)[C@H](CC(C)C)NC(=O)[C@H](Cc1ccccc1)NC(=O)[C@H](C)NC(=O)CNC(=O)[C@@H](N)Cc1ccc(O)cc1)C(=O)N[C@@H](CCCN=C(N)N)C(=O)N1CCC[C@H]1C(=O)N[C@@H](CCCCN)C(N)=O,6.136677139879544,730.0,train,O=C(CCc1ccccc1)NCC(=O)NCC(=O)N[C@@H](Cc1ccccc1)C(=O)NCC(=O)NCC(=O)NCC(=O)NCC(=O)NCC(=O)N1CCCC1,ChEMBL
chembl-endpoint-20260529T111633Z,CHEMBL236,δ-opioid,pIC50,IC50,CHEMBL264733,CC[C@H](C)[C@H](NC(=O)[C@H](CCCN=C(N)N)NC(=O)[C@H](CCCCN)NC(=O)[C@H](CC(C)C)NC(=O)[C@H](Cc1ccccc1)NC(=O)CNC(=O)[C@@H](CC(=O)O)NC(=O)[C@@H](N)Cc1ccc(O)cc1)C(=O)N[C@@H](CCCN=C(N)N)C(=O)N1CCC[C@@H]1C(=O)N[C@H](CCCCN)C(N)=O,6.251811972993799,560.0,train,O=C(CCc1ccccc1)NCC(=O)NCC(=O)N[C@@H](Cc1ccccc1)C(=O)NCC(=O)NCC(=O)NCC(=O)NCC(=O)NCC(=O)N1CCCC1,ChEMBL
chembl-endpoint-20260529T111633Z,CHEMBL236,δ-opioid,pIC50,IC50,CHEMBL268874,CC[C@H](C)[C@H](NC(=O)[C@H](CCCN=C(N)N)NC(=O)[C@H](CCCN=C(N)N)NC(=O)[C@H](CC(C)C)NC(=O)[C@H](Cc1ccccc1)NC(=O)CNC(=O)CNC(=O)[C@@H](N)Cc1ccc(OC)cc1)C(=O)N[C@@H](CCCN=C(N)N)C(=O)N1CCC[C@H]1C(=O)N[C@@H](CCCCN)C(N)=O,7.5934598195660445,25.5,train,O=C(CCc1ccccc1)NCC(=O)NCC(=O)N[C@@H](Cc1ccccc1)C(=O)NCC(=O)NCC(=O)NCC(=O)NCC(=O)NCC(=O)N1CCCC1,ChEMBL
chembl-endpoint-20260529T111633Z,CHEMBL236,δ-opioid,pIC50,IC50,CHEMBL277132,CC[C@H](C)[C@H](NC(=O)[C@H](CCCCN)NC(=O)[C@H](CCCN=C(N)N)NC(=O)[C@H](CC(C)C)NC(=O)[C@H](Cc1ccccc1)NC(=O)[C@@H](CC(=O)O)NC(=O)CNC(=O)[C@@H](N)Cc1ccc(O)cc1)C(=O)N[C@@H](CCCN=C(N)N)C(=O)N1CCC[C@@H]1C(=O)N[C@H](CCCCN)C(N)=O,6.060480747381382,870.0,train,O=C(CCc1ccccc1)NCC(=O)NCC(=O)N[C@@H](Cc1ccccc1)C(=O)NCC(=O)NCC(=O)NCC(=O)NCC(=O)NCC(=O)N1CCCC1,ChEMBL
chembl-endpoint-20260529T111633Z,CHEMBL236,δ-opioid,pIC50,IC50,CHEMBL278078,CCN(CC)C(=O)c1ccc(C(=C2CCNCC2)c2ccccc2OC)cc1,9.013228265733755,0.97,train,c1ccc(C(=C2CCNCC2)c2ccccc2)cc1,ChEMBL
chembl-endpoint-20260529T111633Z,CHEMBL236,δ-opioid,pIC50,IC50,CHEMBL288178,C=C(Cl)C(=O)N[C@@]12CCC(=O)[C@@H]3Oc4c(O)ccc5c4C31CCN(CC1CC1)C2C5,6.752026733638194,177.0,train,O=C1CCC2C3Cc4cccc5c4C2(CCN3CC2CC2)[C@H]1O5,ChEMBL
chembl-endpoint-20260529T111633Z,CHEMBL236,δ-opioid,pIC50,IC50,CHEMBL289426,C=C(Cl)C(=O)N[C@@H]1CCC2C3Cc4ccc(O)c5c4C2(CCN3CC2CC2)[C@H]1O5,9.275724130399212,0.53,train,c1cc2c3c(c1)O[C@H]1CCCC4C(C2)N(CC2CC2)CCC341,ChEMBL
chembl-endpoint-20260529T111633Z,CHEMBL236,δ-opioid,pIC50,IC50,CHEMBL290616,C=C(Cl)C(=O)N[C@@]12CCC(=O)[C@@H]3Oc4c(O)ccc5c4C31CCN(C)C2C5,6.749579997691106,178.0,train,O=C1CCC2C3Cc4cccc5c4C2(CCN3)[C@H]1O5,ChEMBL
chembl-endpoint-20260529T111633Z,CHEMBL236,δ-opioid,pIC50,IC50,CHEMBL293143,COc1ccc(Cl)cc1-c1cccn(C(CN2CCCC2)c2ccccc2)c1=O,5.379863945026242,4170.0,train,O=c1c(-c2ccccc2)cccn1C(CN1CCCC1)c1ccccc1,ChEMBL
chembl-endpoint-20260529T111633Z,CHEMBL236,δ-opioid,pIC50,IC50,CHEMBL302684,Cc1cccc(-c2cccn(C(CN3CCCC3)c3ccccc3)c2=O)c1,6.1944991418416,639.0,train,O=c1c(-c2ccccc2)cccn1C(CN1CCCC1)c1ccccc1,ChEMBL
chembl-endpoint-20260529T111633Z,CHEMBL236,δ-opioid,pIC50,IC50,CHEMBL3037845,COc1ccc2c(c1OC)[C@]13CC[N+](C)(C)[C@H](C2)[C@]12C=C[C@]1(OC)[C@H]3N=C(c3ccccc3)[C@]1(C)C2.[I-],7.468521082957745,34.0,train,C1=C[C@]23CC4C(c5ccccc5)=N[C@H](C14)[C@@]21CC[NH2+][C@@H]3Cc2ccccc21,ChEMBL
chembl-endpoint-20260529T111633Z,CHEMBL236,δ-opioid,pIC50,IC50,CHEMBL305552,COc1ccc(-c2cccn(C(CN3CCCC3)c3ccccc3)c2=O)cc1,5.28282897316769,5214.0,train,O=c1c(-c2ccccc2)cccn1C(CN1CCCC1)c1ccccc1,ChEMBL
chembl-endpoint-20260529T111633Z,CHEMBL236,δ-opioid,pIC50,IC50,CHEMBL317956,CC(C)[C@H](NC(=O)[C@H](CC(=O)O)NC(=O)[C@H](Cc1ccccc1)NC(=O)[C@@H](C)NC(=O)[C@@H](N)Cc1ccc(O)cc1)C(=O)N[C@H](C(=O)NCC(N)=O)C(C)C,6.376750709602099,420.0,train,O=C(CCc1ccccc1)NCC(=O)NCCc1ccccc1,ChEMBL
chembl-endpoint-20260529T111633Z,CHEMBL236,δ-opioid,pIC50,IC50,CHEMBL324297,O=[N+]([O-])c1cc2c(cc1CN1CCC(n3c(O)nc4ccccc43)CC1)OCO2,6.578396073130169,264.0,train,c1ccc2c(c1)ncn2C1CCN(Cc2ccc3c(c2)OCO3)CC1,ChEMBL
chembl-endpoint-20260529T111633Z,CHEMBL236,δ-opioid,pIC50,IC50,CHEMBL325842,O=C1CNc2ccccc2N1C1CCN(Cc2cc3c(cc2Cl)OCO3)CC1,6.2076083105017466,620.0,train,O=C1CNc2ccccc2N1C1CCN(Cc2ccc3c(c2)OCO3)CC1,ChEMBL
chembl-endpoint-20260529T111633Z,CHEMBL236,δ-opioid,pIC50,IC50,CHEMBL326320,Cc1ccc2nc(O)n(C3CCN(C(=O)OCc4cc5c(cc4Cl)OCO5)CC3)c2c1,5.248720896016658,5640.0,train,O=C(OCc1ccc2c(c1)OCO2)N1CCC(n2cnc3ccccc32)CC1,ChEMBL
chembl-endpoint-20260529T111633Z,CHEMBL236,δ-opioid,pIC50,IC50,CHEMBL326962,O=C1NCN(c2ccccc2)C12CCN(Cc1ccc3c(c1)OCO3)CC2,5.924453038607469,1190.0,train,O=C1NCN(c2ccccc2)C12CCN(Cc1ccc3c(c1)OCO3)CC2,ChEMBL
chembl-endpoint-20260529T111633Z,CHEMBL236,δ-opioid,pIC50,IC50,CHEMBL328443,CCCC[C@H](N)C(=O)NNC(=O)[C@H](Cc1ccccc1)NC(=O)CNC(=O)[C@@H](C)NC(=O)[C@@H](N)Cc1ccc(O)cc1,7.6777807052660805,21.0,train,O=C(CCc1ccccc1)NCC(=O)NCC(=O)NCCc1ccccc1,ChEMBL
chembl-endpoint-20260529T111633Z,CHEMBL236,δ-opioid,pIC50,IC50,CHEMBL328902,C[C@@H](NC(=O)[C@@H](N)Cc1ccc(O)cc1)C(=O)NCC(=O)N[C@@H](Cc1ccccc1)C(=O)NNC(=O)[C@H](N)Cc1ccccc1,7.823908740944319,15.0,train,O=C(CCc1ccccc1)NCC(=O)NCC(=O)N[C@@H](Cc1ccccc1)C(=O)NNC(=O)CCc1ccccc1,ChEMBL
chembl-endpoint-20260529T111633Z,CHEMBL236,δ-opioid,pIC50,IC50,CHEMBL338089,CCN(CC)C(=O)c1ccc(C(=C2CCN(c3ccccc3)CC2)c2ccccc2)cc1,6.133122185662502,736.0,train,c1ccc(C(=C2CCN(c3ccccc3)CC2)c2ccccc2)cc1,ChEMBL
chembl-endpoint-20260529T111633Z,CHEMBL236,δ-opioid,pIC50,IC50,CHEMBL339457,CCN(CC)C(=O)c1ccc(C(=C2CCNCC2)c2cccc(F)c2)cc1,9.130768280269024,0.74,train,c1ccc(C(=C2CCNCC2)c2ccccc2)cc1,ChEMBL
chembl-endpoint-20260529T111633Z,CHEMBL236,δ-opioid,pIC50,IC50,CHEMBL339898,CCN(CC)C(=O)c1ccc(C(=C2CCNCC2)c2cccc(C(F)(F)F)c2)cc1,9.200659450546418,0.63,train,c1ccc(C(=C2CCNCC2)c2ccccc2)cc1,ChEMBL
chembl-endpoint-20260529T111633Z,CHEMBL236,δ-opioid,pIC50,IC50,CHEMBL339922,CCN(CC)C(=O)c1ccc(C(=C2CCNCC2)c2ccc(OC)cc2)cc1,8.6903698325741,2.04,train,c1ccc(C(=C2CCNCC2)c2ccccc2)cc1,ChEMBL
chembl-endpoint-20260529T111633Z,CHEMBL236,δ-opioid,pIC50,IC50,CHEMBL340131,CCN(CC)C(=O)c1ccc(C(=C2CCNCC2)c2cccc([N+](=O)[O-])c2)cc1,8.958607314841775,1.1,train,c1ccc(C(=C2CCNCC2)c2ccccc2)cc1,ChEMBL
chembl-endpoint-20260529T111633Z,CHEMBL236,δ-opioid,pIC50,IC50,CHEMBL340476,CCN(CC)C(=O)c1ccc(C(=C2CCN(C3CCCCC3)CC2)c2ccccc2)cc1,7.449771646944906,35.5,train,c1ccc(C(=C2CCN(C3CCCCC3)CC2)c2ccccc2)cc1,ChEMBL
chembl-endpoint-20260529T111633Z,CHEMBL236,δ-opioid,pIC50,IC50,CHEMBL343167,C=C(COc1ccc2c3c1O[C@H]1C(=O)CC[C@@]4(O)[C@@H](C2)N(CC2CC2)CC[C@]314)C(=O)OC,7.769551078621726,17.0,train,O=C1CCC2[C@H]3Cc4cccc5c4[C@@]2(CCN3CC2CC2)[C@H]1O5,ChEMBL
chembl-endpoint-20260529T111633Z,CHEMBL236,δ-opioid,pIC50,IC50,CHEMBL344420,C=C(COc1ccc2c3c1O[C@H]1c4[nH]c5ccccc5c4C[C@@]4(O)[C@@H](C2)N(CC2CC2)CC[C@]314)C(=O)OC,9.096910013008056,0.8,train,c1cc2c3c(c1)O[C@H]1c4[nH]c5ccccc5c4CC4[C@@H](C2)N(CC2CC2)CC[C@@]341,ChEMBL
chembl-endpoint-20260529T111633Z,CHEMBL236,δ-opioid,pIC50,IC50,CHEMBL345208,Oc1ccc2c3c1O[C@H]1[C@H](OCc4ccccc4N=C=S)CC[C@@]4(O)C(C2)N(CC2CC2)CCC314,8.744727494896694,1.8,train,c1ccc(CO[C@@H]2CCC3C4Cc5cccc6c5C3(CCN4CC3CC3)[C@H]2O6)cc1,ChEMBL
chembl-endpoint-20260529T111633Z,CHEMBL236,δ-opioid,pIC50,IC50,CHEMBL347674,Oc1ccc2c3c1O[C@H]1[C@H](OCc4ccc(CN=C=S)cc4)CC[C@@]4(O)C(C2)N(CC2CC2)CCC314,7.6777807052660805,21.0,train,c1ccc(CO[C@@H]2CCC3C4Cc5cccc6c5C3(CCN4CC3CC3)[C@H]2O6)cc1,ChEMBL
chembl-endpoint-20260529T111633Z,CHEMBL236,δ-opioid,pIC50,IC50,CHEMBL350384,CCC12CCN(CC3(O)CC3)C(Cc3ccc(O)cc31)C2(C)C,8.823908740944319,1.5,train,c1ccc2c(c1)CC1CC2CCN1CC1CC1,ChEMBL
chembl-endpoint-20260529T111633Z,CHEMBL236,δ-opioid,pIC50,IC50,CHEMBL352224,Oc1ccc2c3c1O[C@H]1[C@H](OCc4ccc(N=C=S)cc4)CC[C@@]4(O)C(C2)N(CC2CC2)CCC314,7.455931955649724,35.0,train,c1ccc(CO[C@@H]2CCC3C4Cc5cccc6c5C3(CCN4CC3CC3)[C@H]2O6)cc1,ChEMBL
chembl-endpoint-20260529T111633Z,CHEMBL236,δ-opioid,pIC50,IC50,CHEMBL353736,CCOc1ccc(C2=N[C@H]3C45CCN(C)C(Cc6ccc(OC)c(O)c64)[C@]54C=C[C@@]3(OC)[C@@]2(C)C4)cc1,7.934793871945688,11.62,train,C1=C[C@]23CC4C(c5ccccc5)=N[C@H](C14)C21CCNC3Cc2ccccc21,ChEMBL
chembl-endpoint-20260529T111633Z,CHEMBL236,δ-opioid,pIC50,IC50,CHEMBL3707075,Oc1ccc2c(c1)[C@H]1c3cc(O)ccc3[C@H](C2)N2CCC[C@@H]12,5.42021640338319,3800.0,train,c1ccc2c(c1)C[C@H]1c3ccccc3[C@H]2[C@@H]2CCCN12,ChEMBL
chembl-endpoint-20260529T111633Z,CHEMBL236,δ-opioid,pIC50,IC50,CHEMBL3707077,CC(=O)Oc1ccc2c(c1)[C@H]1c3cc(OC(C)=O)ccc3[C@H](C2)N2CCC[C@@H]12,5.5376020021010435,2900.0,train,c1ccc2c(c1)C[C@H]1c3ccccc3[C@H]2[C@@H]2CCCN12,ChEMBL
chembl-endpoint-20260529T111633Z,CHEMBL236,δ-opioid,pIC50,IC50,CHEMBL3707080,CC(=O)Oc1ccc2c(c1)[C@H]1c3cc(OC(C)=O)ccc3[C@H](C2)N(CC2CC2)[C@@H]1C,5.481486060122113,3300.0,train,c1ccc2c(c1)C[C@H]1c3ccccc3[C@H]2CN1CC1CC1,ChEMBL
chembl-endpoint-20260529T111633Z,CHEMBL236,δ-opioid,pIC50,IC50,CHEMBL3707082,C[C@@H]1[C@H]2c3cc(O)ccc3C[C@@H](c3ccc(O)cc32)N1CC1CC1,6.337242168318426,460.0,train,c1ccc2c(c1)C[C@H]1c3ccccc3[C@H]2CN1CC1CC1,ChEMBL
chembl-endpoint-20260529T111633Z,CHEMBL236,δ-opioid,pIC50,IC50,CHEMBL3707089,C[C@@H]1[C@H]2c3cc(NCc4ccccc4)ccc3C[C@@H](c3ccc(NCc4ccccc4)cc32)N1CC1CC1,7.309803919971486,49.0,train,c1ccc(CNc2ccc3c(c2)[C@@H]2CN(CC4CC4)[C@@H](C3)c3ccc(NCc4ccccc4)cc32)cc1,ChEMBL
chembl-endpoint-20260529T111633Z,CHEMBL236,δ-opioid,pIC50,IC50,CHEMBL3707093,C[C@@H]1[C@H]2c3cc(N4CCOCC4)ccc3C[C@@H](c3ccc(N4CCOCC4)cc32)N1C,5.1249387366083,7500.0,train,c1cc2c(cc1N1CCOCC1)[C@@H]1CN[C@@H](C2)c2ccc(N3CCOCC3)cc21,ChEMBL
chembl-endpoint-20260529T111633Z,CHEMBL236,δ-opioid,pIC50,IC50,CHEMBL3707094,C[C@@H]1[C@H]2c3cc(N4CCN(C)CC4)ccc3C[C@@H](c3ccc(N4CCN(C)CC4)cc32)N1C,5.6020599913279625,2500.0,train,c1cc2c(cc1N1CCNCC1)[C@@H]1CN[C@@H](C2)c2ccc(N3CCNCC3)cc21,ChEMBL
chembl-endpoint-20260529T111633Z,CHEMBL236,δ-opioid,pIC50,IC50,CHEMBL3707095,C[C@@H]1[C@H]2c3cc(Nc4ccccc4)ccc3C[C@@H](c3ccc(Nc4ccccc4)cc32)N1C,6.275724130399211,530.0,train,c1ccc(Nc2ccc3c(c2)[C@@H]2CN[C@@H](C3)c3ccc(Nc4ccccc4)cc32)cc1,ChEMBL
chembl-endpoint-20260529T111633Z,CHEMBL236,δ-opioid,pIC50,IC50,CHEMBL3707096,COc1ccc2c(c1)[C@H]1c3cc(OC)ccc3[C@H](C2)N2CCC[C@@H]12,5.393618634889395,4040.0,train,c1ccc2c(c1)C[C@H]1c3ccccc3[C@H]2[C@@H]2CCCN12,ChEMBL
chembl-endpoint-20260529T111633Z,CHEMBL236,δ-opioid,pIC50,IC50,CHEMBL3707097,Brc1ccc2c(c1)[C@H]1c3cc(Br)ccc3[C@H](C2)N2CCC[C@@H]12,5.29929628285498,5020.0,train,c1ccc2c(c1)C[C@H]1c3ccccc3[C@H]2[C@@H]2CCCN12,ChEMBL
chembl-endpoint-20260529T111633Z,CHEMBL236,δ-opioid,pIC50,IC50,CHEMBL3707101,COc1ccc2c(c1)[C@H]1c3cc(OC)ccc3[C@H](C2)N(CC2CC2)[C@@H]1C,5.178486471595227,6630.0,train,c1ccc2c(c1)C[C@H]1c3ccccc3[C@H]2CN1CC1CC1,ChEMBL
chembl-endpoint-20260529T111633Z,CHEMBL236,δ-opioid,pIC50,IC50,CHEMBL384485,CC[C@H](C)[C@H](NC(=O)[C@H](CCCN=C(N)N)NC(=O)[C@H](CCCN=C(N)N)NC(=O)[C@H](CCCCN)NC(=O)[C@H](Cc1ccccc1)NC(=O)CNC(=O)CNC(=O)[C@@H](N)Cc1ccc(O)cc1)C(=O)N[C@@H](CC(=O)O)C(=O)N1CCC[C@@H]1C(=O)N[C@H](CCCCN)C(N)=O,5.482804102050026,3290.0,train,O=C(CCc1ccccc1)NCC(=O)NCC(=O)N[C@@H](Cc1ccccc1)C(=O)NCC(=O)NCC(=O)NCC(=O)NCC(=O)NCC(=O)N1CCCC1,ChEMBL
chembl-endpoint-20260529T111633Z,CHEMBL236,δ-opioid,pIC50,IC50,CHEMBL384584,CC[C@H](C)[C@H](NC(=O)[C@H](CCCN=C(N)N)NC(=O)[C@H](CCCN=C(N)N)NC(=O)[C@H](CC(C)C)NC(=O)[C@H](Cc1ccccc1)NC(=O)CNC(=O)CNC(=O)[C@@H](N)Cc1ccc(O)cc1)C(=O)N[C@@H](CCCN=C(N)N)C(=O)N1CCC[C@@H]1C(=O)N[C@@H](CCCCN)C(=O)O,6.031984286006359,929.0,train,O=C(CCc1ccccc1)NCC(=O)NCC(=O)N[C@@H](Cc1ccccc1)C(=O)NCC(=O)NCC(=O)NCC(=O)NCC(=O)NCC(=O)N1CCCC1,ChEMBL
chembl-endpoint-20260529T111633Z,CHEMBL236,δ-opioid,pIC50,IC50,CHEMBL38576,CN(C(=O)Cc1ccc(Cl)c(Cl)c1)[C@H](CN1CCCC1)c1ccccc1,6.221848749616356,600.0,train,O=C(Cc1ccccc1)N[C@H](CN1CCCC1)c1ccccc1,ChEMBL
chembl-endpoint-20260529T111633Z,CHEMBL236,δ-opioid,pIC50,IC50,CHEMBL387083,CC[C@@H](C)[C@H]1NC(=O)[C@H](CCCN=C(N)N)NC(=O)[C@@H](CCCN=C(N)N)NC(=O)[C@H](NC(=O)[C@@H](Cc2ccccc2)NC(=O)CNC(=O)CNC(=O)[C@H](N)Cc2ccc(O)cc2)CCCCNC(=O)C[C@@H](C(=O)N2CCC[C@H]2C(=O)N[C@H](CCCCN)C(N)=O)NC1=O,7.301029995663981,50.0,train,O=C(CCc1ccccc1)NCC(=O)NCC(=O)N[C@H](Cc1ccccc1)C(=O)N[C@@H]1CCCCNC(=O)C[C@@H](C(=O)N2CCCC2)NC(=O)CNC(=O)CNC(=O)CNC1=O,ChEMBL
chembl-endpoint-20260529T111633Z,CHEMBL236,δ-opioid,pIC50,IC50,CHEMBL387437,CC[C@H](C)[C@H](NC(=O)[C@H](CCCCN)NC(=O)[C@H](CCCN=C(N)N)NC(=O)[C@H](CC(C)C)NC(=O)[C@H](Cc1ccccc1)NC(=O)[C@H](CC(=O)O)NC(=O)CNC(=O)[C@@H](N)Cc1ccc(O)cc1)C(=O)N[C@@H](CCCN=C(N)N)C(=O)N1CCC[C@@H]1C(=O)N[C@H](CCCCN)C(N)=O,5.7447274948966935,1800.0,train,O=C(CCc1ccccc1)NCC(=O)NCC(=O)N[C@@H](Cc1ccccc1)C(=O)NCC(=O)NCC(=O)NCC(=O)NCC(=O)NCC(=O)N1CCCC1,ChEMBL
chembl-endpoint-20260529T111633Z,CHEMBL236,δ-opioid,pIC50,IC50,CHEMBL407057,CCCC[C@@H](C(=O)N[C@@H](CC(=O)O)C(=O)N[C@@H](Cc1ccccc1)C(N)=O)N(C)C(=O)[C@H](Cc1c[nH]c2ccccc12)NC(=O)CNC(=O)[C@@H](Cc1ccccc1)NC(=O)[C@H](Cc1ccc(O)cc1)NC(=O)[C@@H](N)CC(=O)O,7.5376020021010435,29.0,train,O=C(CNC(=O)CNC(=O)[C@H](Cc1c[nH]c2ccccc12)NC(=O)CNC(=O)[C@@H](Cc1ccccc1)NC(=O)CCc1ccccc1)NCCc1ccccc1,ChEMBL
chembl-endpoint-20260529T111633Z,CHEMBL236,δ-opioid,pIC50,IC50,CHEMBL407685,C=C(COc1ccc2c3c1O[C@H]1c4[nH]c5c(c4C[C@@]4(O)[C@@H](C2)N(CC2CC2)CC[C@]314)C[C@@]1(O)[C@H]2Cc3ccc(OCC(=C)C(=O)OC)c4c3[C@@]1(CCN2CC1CC1)[C@H]5O4)C(=O)OC,7.301029995663981,50.0,train,c1cc2c3c(c1)O[C@H]1c4[nH]c5c(c4CC4[C@@H](C2)N(CC2CC2)CC[C@@]341)CC1[C@H]2Cc3cccc4c3[C@@]1(CCN2CC1CC1)[C@H]5O4,ChEMBL
chembl-endpoint-20260529T111633Z,CHEMBL236,δ-opioid,pIC50,IC50,CHEMBL410909,COc1ccc2c(c1O)C13CCN(C)C(C2)C12C=CC1(OC)[C@H]3N=C(c3ccccc3)[C@]1(C)C2,8.61261017366127,2.44,train,C1=CC23CC4C(c5ccccc5)=N[C@H](C14)C21CCNC3Cc2ccccc21,ChEMBL
chembl-endpoint-20260529T111633Z,CHEMBL236,δ-opioid,pIC50,IC50,CHEMBL412580,CC[C@H](C)[C@H](NC(=O)[C@H](CCCN=C(N)N)NC(=O)[C@H](CCCN=C(N)N)NC(=O)[C@H](CCCCN)NC(=O)[C@H](Cc1ccccc1)NC(=O)CNC(=O)CNC(=O)[C@@H](N)Cc1ccc(O)cc1)C(=O)N[C@H](CC(=O)O)C(=O)N1CCC[C@@H]1C(=O)N[C@H](CCCCN)C(N)=O,5.705533773838407,1970.0,train,O=C(CCc1ccccc1)NCC(=O)NCC(=O)N[C@@H](Cc1ccccc1)C(=O)NCC(=O)NCC(=O)NCC(=O)NCC(=O)NCC(=O)N1CCCC1,ChEMBL
chembl-endpoint-20260529T111633Z,CHEMBL236,δ-opioid,pIC50,IC50,CHEMBL412600,CC[C@@H](C)[C@H]1NC(=O)[C@H](CCCN=C(N)N)NC(=O)[C@@H](CCCN=C(N)N)NC(=O)[C@H](NC(=O)[C@@H](Cc2ccccc2)NC(=O)CNC(=O)CNC(=O)[C@H](N)Cc2ccc(O)cc2)CCCCNC(=O)C[C@H](C(=O)N2CCC[C@H]2C(=O)N[C@H](CCCCN)C(N)=O)NC1=O,6.823908740944319,150.0,train,O=C(CCc1ccccc1)NCC(=O)NCC(=O)N[C@H](Cc1ccccc1)C(=O)N[C@@H]1CCCCNC(=O)C[C@H](C(=O)N2CCCC2)NC(=O)CNC(=O)CNC(=O)CNC1=O,ChEMBL
chembl-endpoint-20260529T111633Z,CHEMBL236,δ-opioid,pIC50,IC50,CHEMBL413011,CC[C@H](C)[C@H](NC(=O)[C@H](CCCN=C(N)N)NC(=O)[C@@H]1CCCCNC(=O)C[C@H](NC(=O)[C@@H](N)Cc2ccc(O)cc2)C(=O)NCC(=O)N[C@H](Cc2ccccc2)C(=O)N[C@@H](CC(C)C)C(=O)N1)C(=O)N[C@@H](CCCN=C(N)N)C(=O)N1CCC[C@@H]1C(=O)N[C@H](CCCCN)C(N)=O,7.920818753952375,12.0,train,O=C(CNC(=O)CNC(=O)[C@@H]1CCCCNC(=O)C[C@H](NC(=O)CCc2ccccc2)C(=O)NCC(=O)N[C@H](Cc2ccccc2)C(=O)NCC(=O)N1)NCC(=O)N1CCCC1,ChEMBL
chembl-endpoint-20260529T111633Z,CHEMBL236,δ-opioid,pIC50,IC50,CHEMBL413530,CN(C(=O)Cc1ccc(Cl)c(Cl)c1)[C@H](CN1CCCC1)c1cccc(N)c1,7.053056729302175,88.5,train,O=C(Cc1ccccc1)N[C@H](CN1CCCC1)c1ccccc1,ChEMBL
chembl-endpoint-20260529T111633Z,CHEMBL236,δ-opioid,pIC50,IC50,CHEMBL41366,C=C(Cl)C(=O)N[C@@H]1CCC2C3Cc4ccc(O)c5c4C2(CCN3C)[C@H]1O5,7.346787486224656,45.0,train,c1cc2c3c(c1)O[C@H]1CCCC4C(C2)NCCC341,ChEMBL
chembl-endpoint-20260529T111633Z,CHEMBL236,δ-opioid,pIC50,IC50,CHEMBL415339,CC[C@H](C)[C@H](NC(=O)[C@H](CCCN=C(N)N)NC(=O)[C@@H]1CCCCNC(=O)C[C@@H](NC(=O)[C@@H](N)Cc2ccc(O)cc2)C(=O)NCC(=O)N[C@H](Cc2ccccc2)C(=O)N[C@@H](CC(C)C)C(=O)N1)C(=O)N[C@@H](CCCN=C(N)N)C(=O)N1CCC[C@@H]1C(=O)N[C@H](CCCCN)C(N)=O,6.040958607678906,910.0,train,O=C(CNC(=O)CNC(=O)[C@@H]1CCCCNC(=O)C[C@@H](NC(=O)CCc2ccccc2)C(=O)NCC(=O)N[C@H](Cc2ccccc2)C(=O)NCC(=O)N1)NCC(=O)N1CCCC1,ChEMBL
chembl-endpoint-20260529T111633Z,CHEMBL236,δ-opioid,pIC50,IC50,CHEMBL415521,CCN(CC)C(=O)c1ccc(C(=C2CCNCC2)c2ccccc2)cc1,9.060480747381382,0.87,train,c1ccc(C(=C2CCNCC2)c2ccccc2)cc1,ChEMBL
chembl-endpoint-20260529T111633Z,CHEMBL236,δ-opioid,pIC50,IC50,CHEMBL415795,CC[C@H](C)[C@H](NC(=O)[C@H](CCCN=C(N)N)NC(=O)[C@H](CCCN=C(N)N)NC(=O)[C@H](CC(C)C)NC(=O)[C@H](Cc1ccccc1)NC(=O)[C@@H](C)NC(=O)CNC(=O)[C@@H](N)Cc1ccc(O)cc1)C(=O)N[C@@H](CCCN=C(N)N)C(=O)N1CCC[C@H]1C(=O)N[C@@H](CCCCN)C(N)=O,6.0,1000.0,train,O=C(CCc1ccccc1)NCC(=O)NCC(=O)N[C@@H](Cc1ccccc1)C(=O)NCC(=O)NCC(=O)NCC(=O)NCC(=O)NCC(=O)N1CCCC1,ChEMBL
chembl-endpoint-20260529T111633Z,CHEMBL236,δ-opioid,pIC50,IC50,CHEMBL419214,Cc1ncc([N+](=O)[O-])n1CCNC(=O)N1CCC(c2cc(-c3ccc(Cl)cc3Cl)[nH]n2)CC1,5.146910470148135,7130.0,train,O=C(NCCn1ccnc1)N1CCC(c2cc(-c3ccccc3)[nH]n2)CC1,ChEMBL
chembl-endpoint-20260529T111633Z,CHEMBL236,δ-opioid,pIC50,IC50,CHEMBL420863,Cc1ccc2nc(O)n(C3CCN(Cc4cc5c(cc4Cl)OCO5)CC3)c2c1,6.931814138253839,117.0,train,c1ccc2c(c1)ncn2C1CCN(Cc2ccc3c(c2)OCO3)CC1,ChEMBL
chembl-endpoint-20260529T111633Z,CHEMBL236,δ-opioid,pIC50,IC50,CHEMBL423341,O=C(COC1CCC2(O)C3Cc4ccc(O)c5c4C2(CCN3CC2CC2)C1O5)C1[C@H]2C[C@@H]3C[C@@H](C[C@H]1C3)C2,7.522878745280337,30.0,train,O=C(COC1CCC2C3Cc4cccc5c4C2(CCN3CC2CC2)C1O5)C1[C@H]2C[C@@H]3C[C@@H](C[C@H]1C3)C2,ChEMBL
chembl-endpoint-20260529T111633Z,CHEMBL236,δ-opioid,pIC50,IC50,CHEMBL423694,CCN(CC)C(=O)c1ccc(C(=C2CCNCC2)c2cccc(OC)c2)cc1,8.806875401645538,1.56,train,c1ccc(C(=C2CCNCC2)c2ccccc2)cc1,ChEMBL
chembl-endpoint-20260529T111633Z,CHEMBL236,δ-opioid,pIC50,IC50,CHEMBL432041,C[C@@H](NC(=O)[C@@H](N)Cc1ccc(O)cc1)C(=O)NCC(=O)N[C@@H](Cc1ccccc1)C(=O)NNC(=O)[C@H](N)Cc1ccc(O)cc1,7.795880017344075,16.0,train,O=C(CCc1ccccc1)NCC(=O)NCC(=O)N[C@@H](Cc1ccccc1)C(=O)NNC(=O)CCc1ccccc1,ChEMBL
chembl-endpoint-20260529T111633Z,CHEMBL236,δ-opioid,pIC50,IC50,CHEMBL438223,CC[C@H](C)[C@H](NC(=O)[C@H](CCCNC(=N)N)NC(=O)[C@H](CCCNC(=N)N)NC(=O)[C@H](CC(C)C)NC(=O)[C@H](Cc1ccccc1)NC(=O)CNC(=O)CNC(=O)[C@@H](N)Cc1ccc(O)cc1)C(=O)N[C@@H](CCCNC(=N)N)C(=O)N1CCC[C@H]1C(=O)N[C@@H](CCCCN)C(=O)O,6.546681659952962,284.0,train,O=C(CCc1ccccc1)NCC(=O)NCC(=O)N[C@@H](Cc1ccccc1)C(=O)NCC(=O)NCC(=O)NCC(=O)NCC(=O)NCC(=O)N1CCCC1,ChEMBL
chembl-endpoint-20260529T111633Z,CHEMBL236,δ-opioid,pIC50,IC50,CHEMBL440765,CN(C(=O)Cc1ccccc1)[C@H]1CC[C@@]2(CCCO2)C[C@@H]1N1CCCC1,5.23328979273774,5844.0,train,O=C(Cc1ccccc1)N[C@H]1CC[C@@]2(CCCO2)C[C@@H]1N1CCCC1,ChEMBL
chembl-endpoint-20260529T111633Z,CHEMBL236,δ-opioid,pIC50,IC50,CHEMBL468469,Oc1ccc2c3c1O[C@H]1[C@@H](O)CC[C@@]4(O)[C@@H](C2)N(CC2CC2)CC[C@]314,7.494850021680094,32.0,train,c1cc2c3c(c1)O[C@H]1CCCC4[C@@H](C2)N(CC2CC2)CC[C@@]341,ChEMBL
chembl-endpoint-20260529T111633Z,CHEMBL236,δ-opioid,pIC50,IC50,CHEMBL567175,Oc1ccc2c3c1O[C@H]1c4[nH]c5ccccc5c4C[C@@]4(O)[C@@H](C2)N(CC2CC2)CC[C@]314,9.494850021680094,0.32,train,c1cc2c3c(c1)O[C@H]1c4[nH]c5ccccc5c4CC4[C@@H](C2)N(CC2CC2)CC[C@@]341,ChEMBL
chembl-endpoint-20260529T111633Z,CHEMBL236,δ-opioid,pIC50,IC50,CHEMBL573214,Oc1ccc2c3c1O[C@H]1c4[nH]c5c(c4C[C@@]4(O)[C@@H](C2)N(CC2CC2)CC[C@]314)C[C@@]1(O)[C@H]2Cc3ccc(O)c4c3[C@@]1(CCN2CC1CC1)[C@H]5O4,7.657577319177793,22.0,train,c1cc2c3c(c1)O[C@H]1c4[nH]c5c(c4CC4[C@@H](C2)N(CC2CC2)CC[C@@]341)CC1[C@H]2Cc3cccc4c3[C@@]1(CCN2CC1CC1)[C@H]5O4,ChEMBL
chembl-endpoint-20260529T111633Z,CHEMBL236,δ-opioid,pIC50,IC50,CHEMBL592,CN1CC[C@]23CCCC[C@H]2[C@H]1Cc1ccc(O)cc13,8.292429823902063,5.1,train,c1ccc2c(c1)C[C@H]1NCC[C@@]23CCCC[C@@H]13,ChEMBL
chembl-endpoint-20260529T111633Z,CHEMBL236,δ-opioid,pIC50,IC50,CHEMBL611434,CN1CC[C@]23c4c5ccc(O)c4O[C@H]2c2ncc(-c4ccccc4)cc2C[C@@]3(O)[C@H]1C5,6.036212172654444,920.0,train,c1ccc(-c2cnc3c(c2)CC2[C@H]4Cc5cccc6c5[C@@]2(CCN4)[C@H]3O6)cc1,ChEMBL
chembl-endpoint-20260529T111633Z,CHEMBL236,δ-opioid,pIC50,IC50,CHEMBL64284,COc1ccc(F)cc1-c1cccn(C(CN2CCCC2)c2ccccc2)c1=O,5.361510743045363,4350.0,train,O=c1c(-c2ccccc2)cccn1C(CN1CCCC1)c1ccccc1,ChEMBL
chembl-endpoint-20260529T111633Z,CHEMBL236,δ-opioid,pIC50,IC50,CHEMBL76023,C=C(CO[C@@H]1CC[C@@]2(O)[C@H]3Cc4ccc(O)c5c4[C@@]2(CCN3CC2CC2)[C@H]1O5)C(=O)OC,8.853871964321762,1.4,train,c1cc2c3c(c1)O[C@H]1CCCC4[C@@H](C2)N(CC2CC2)CC[C@@]341,ChEMBL
chembl-endpoint-20260529T111633Z,CHEMBL236,δ-opioid,pIC50,IC50,CHEMBL80,C=CCN1CC[C@]23c4c5ccc(O)c4O[C@H]2C(=O)CC[C@@]3(O)[C@H]1C5,6.82102305270683,151.0,train,O=C1CCC2[C@H]3Cc4cccc5c4[C@@]2(CCN3)[C@H]1O5,ChEMBL
chembl-endpoint-20260529T111633Z,CHEMBL236,δ-opioid,pIC50,IC50,CHEMBL87247,CN1CC[C@]23c4c5ccc(-c6ccoc6)c4O[C@H]2[C@@H](O)C=C[C@H]3[C@H]1C5,5.130768280269024,7400.0,train,C1=C[C@H]2[C@H]3Cc4ccc(-c5ccoc5)c5c4[C@@]2(CCN3)[C@H](C1)O5,ChEMBL
chembl-endpoint-20260529T111633Z,CHEMBL236,δ-opioid,pIC50,IC50,CHEMBL895,Oc1ccc2c3c1O[C@H]1[C@@H](O)CC[C@@]4(O)[C@@H](C2)N(CC2CCC2)CC[C@]314,6.452225294612178,353.0,train,c1cc2c3c(c1)O[C@H]1CCCC4[C@@H](C2)N(CC2CCC2)CC[C@@]341,ChEMBL
chembl-endpoint-20260529T111633Z,CHEMBL236,δ-opioid,pIC50,IC50,CHEMBL91760,C[C@@H](NC(=O)[C@@H](N)Cc1ccc(O)cc1)C(=O)NCC(=O)N[C@@H](Cc1ccccc1)C(=O)NN,6.638272163982407,230.0,train,O=C(CCc1ccccc1)NCC(=O)NCC(=O)NCCc1ccccc1,ChEMBL
chembl-endpoint-20260529T111633Z,CHEMBL236,δ-opioid,pIC50,IC50,CHEMBL92286,C[C@@H](NC(=O)[C@@H](N)Cc1ccc(O)cc1)C(=O)NCC(=O)N[C@@H](Cc1ccccc1)C(=O)NNC(=O)[C@H](N)Cc1c[nH]c2ccccc12,7.5376020021010435,29.0,train,O=C(CCc1ccccc1)NCC(=O)NCC(=O)N[C@@H](Cc1ccccc1)C(=O)NNC(=O)CCc1c[nH]c2ccccc12,ChEMBL
chembl-endpoint-20260529T111633Z,CHEMBL236,δ-opioid,pIC50,IC50,CHEMBL92503,C[C@@H](NC(=O)[C@@H](N)Cc1ccc(O)cc1)C(=O)NCC(=O)N[C@@H](Cc1ccccc1)C(=O)NNC(=O)[C@@H](N)Cc1ccccc1,7.522878745280337,30.0,train,O=C(CCc1ccccc1)NCC(=O)NCC(=O)N[C@@H](Cc1ccccc1)C(=O)NNC(=O)CCc1ccccc1,ChEMBL
chembl-endpoint-20260529T111633Z,CHEMBL236,δ-opioid,pIC50,IC50,CHEMBL95001,CN(C(=O)Cc1cc(Cl)c(Cl)cc1N=C=S)[C@H](CN1CCCC1)c1ccccc1,5.769551078621726,1700.0,train,O=C(Cc1ccccc1)N[C@H](CN1CCCC1)c1ccccc1,ChEMBL
chembl-endpoint-20260529T111633Z,CHEMBL236,δ-opioid,pIC50,IC50,CHEMBL95726,CN(C(=O)Cc1ccc(N=C=S)cc1)[C@H](CN1CCCC1)c1ccccc1,6.823908740944319,150.0,train,O=C(Cc1ccccc1)N[C@H](CN1CCCC1)c1ccccc1,ChEMBL
chembl-endpoint-20260529T111633Z,CHEMBL236,δ-opioid,pIC50,IC50,CHEMBL963,CN1CC[C@]23c4c5ccc(O)c4O[C@H]2C(=O)CC[C@@]3(O)[C@H]1C5,7.346787486224656,45.0,train,O=C1CCC2[C@H]3Cc4cccc5c4[C@@]2(CCN3)[C@H]1O5,ChEMBL
chembl-endpoint-20260529T111633Z,CHEMBL236,δ-opioid,pIC50,IC50,CHEMBL97246,CN(C(=O)Cc1cccc(N=C=S)c1)[C@H](CN1CCCC1)c1ccccc1,6.841637507904751,144.0,train,O=C(Cc1ccccc1)N[C@H](CN1CCCC1)c1ccccc1,ChEMBL
chembl-endpoint-20260529T111633Z,CHEMBL236,δ-opioid,pIC50,IC50,CHEMBL97392,CN(C(=O)Cc1ccccc1N=C=S)[C@H](CN1CCCC1)c1ccccc1,5.97469413473523,1060.0,train,O=C(Cc1ccccc1)N[C@H](CN1CCCC1)c1ccccc1,ChEMBL
chembl-endpoint-20260529T111633Z,CHEMBL236,δ-opioid,pKi,Ki,CHEMBL106084,CCCCCC(c1ccccc1)N1CC[C@H]1[C@@H](N)c1cccc(Cl)c1,5.120388092934149,7579.0,external,c1ccc(C[C@@H]2CCN2Cc2ccccc2)cc1,ChEMBL
chembl-endpoint-20260529T111633Z,CHEMBL236,δ-opioid,pKi,Ki,CHEMBL106155,CCCCCCC(c1ccccc1)N1CC[C@H]1[C@H](N)c1cccc(Cl)c1,5.40749015209932,3913.0,external,c1ccc(C[C@@H]2CCN2Cc2ccccc2)cc1,ChEMBL
chembl-endpoint-20260529T111633Z,CHEMBL236,δ-opioid,pKi,Ki,CHEMBL106190,CCCCC(c1cccc(F)c1)N1CC[C@H]1[C@@H](N)c1cccc(Cl)c1,4.9111554372729955,12270.0,external,c1ccc(C[C@@H]2CCN2Cc2ccccc2)cc1,ChEMBL
chembl-endpoint-20260529T111633Z,CHEMBL236,δ-opioid,pKi,Ki,CHEMBL106235,CCC(c1ccccc1)N1CC[C@H]1[C@@H](N)c1cccc(Cl)c1,4.6495581434649385,22410.0,external,c1ccc(C[C@@H]2CCN2Cc2ccccc2)cc1,ChEMBL
chembl-endpoint-20260529T111633Z,CHEMBL236,δ-opioid,pKi,Ki,CHEMBL106366,CCCC(c1ccccc1)N1CC[C@H]1[C@H](N)c1cccc(Cl)c1,4.783570169123749,16460.0,external,c1ccc(C[C@@H]2CCN2Cc2ccccc2)cc1,ChEMBL
chembl-endpoint-20260529T111633Z,CHEMBL236,δ-opioid,pKi,Ki,CHEMBL107288,CCCCC(c1ccccc1)N1CC[C@H]1[C@@H](N)c1cccc(Cl)c1,5.0545806573969365,8819.0,external,c1ccc(C[C@@H]2CCN2Cc2ccccc2)cc1,ChEMBL
chembl-endpoint-20260529T111633Z,CHEMBL236,δ-opioid,pKi,Ki,CHEMBL108417,CC(c1ccccc1)N1CC[C@H]1[C@@H](N)c1cccc(Cl)c1,4.407601153884436,39120.0,external,c1ccc(C[C@@H]2CCN2Cc2ccccc2)cc1,ChEMBL
chembl-endpoint-20260529T111633Z,CHEMBL236,δ-opioid,pKi,Ki,CHEMBL108893,CCCCC(c1ccccc1)N1CC[C@H]1[C@H](N)c1cccc(Cl)c1,5.094312032288148,8048.0,external,c1ccc(C[C@@H]2CCN2Cc2ccccc2)cc1,ChEMBL
chembl-endpoint-20260529T111633Z,CHEMBL236,δ-opioid,pKi,Ki,CHEMBL108900,CCCCC(c1cc(F)cc(F)c1)N1CC[C@H]1[C@H](N)c1cccc(Cl)c1,4.949233688766958,11240.0,external,c1ccc(C[C@@H]2CCN2Cc2ccccc2)cc1,ChEMBL
chembl-endpoint-20260529T111633Z,CHEMBL236,δ-opioid,pKi,Ki,CHEMBL108995,CCCCCC(c1ccccc1)N1CC[C@H]1[C@H](N)c1cccc(Cl)c1,5.224899501120976,5958.0,external,c1ccc(C[C@@H]2CCN2Cc2ccccc2)cc1,ChEMBL
chembl-endpoint-20260529T111633Z,CHEMBL236,δ-opioid,pKi,Ki,CHEMBL110379,CCCCC(c1cccc(F)c1)N1CC[C@H]1[C@H](N)c1cccc(Cl)c1,5.059981844992337,8710.0,external,c1ccc(C[C@@H]2CCN2Cc2ccccc2)cc1,ChEMBL
chembl-endpoint-20260529T111633Z,CHEMBL236,δ-opioid,pKi,Ki,CHEMBL110933,CCCC(c1ccccc1)N1CC[C@H]1[C@@H](N)c1cccc(Cl)c1,4.996108833763089,10090.0,external,c1ccc(C[C@@H]2CCN2Cc2ccccc2)cc1,ChEMBL
chembl-endpoint-20260529T111633Z,CHEMBL236,δ-opioid,pKi,Ki,CHEMBL1161413,Cc1cc(O)cc(C)c1C[C@H](N)[C@H](O)C/C=C/[C@H](O)[C@@H](Cc1ccccc1)C(=O)NCCc1ccccc1,6.910094888560602,123.0,external,O=C(NCCc1ccccc1)[C@@H](C/C=C/CCCCc1ccccc1)Cc1ccccc1,ChEMBL
chembl-endpoint-20260529T111633Z,CHEMBL236,δ-opioid,pKi,Ki,CHEMBL1161414,Cc1cc(O)cc(C)c1C[C@H](N)[C@@H](O)C/C=C/[C@H](O)[C@@H](Cc1ccccc1)C(=O)N[C@@H](Cc1ccccc1)C(N)=O,7.3979400086720375,40.0,external,O=C(NCCc1ccccc1)[C@@H](C/C=C/CCCCc1ccccc1)Cc1ccccc1,ChEMBL
chembl-endpoint-20260529T111633Z,CHEMBL236,δ-opioid,pKi,Ki,CHEMBL1161415,Cc1cc(O)cc(C)c1C[C@H](N)[C@H](O)C/C=C/[C@H](O)[C@@H](Cc1ccccc1)C(=O)N[C@@H](Cc1ccccc1)C(N)=O,7.337242168318426,46.0,external,O=C(NCCc1ccccc1)[C@@H](C/C=C/CCCCc1ccccc1)Cc1ccccc1,ChEMBL
chembl-endpoint-20260529T111633Z,CHEMBL236,δ-opioid,pKi,Ki,CHEMBL1161416,Cc1cc(O)cc(C)c1C[C@H](N)[C@@H](O)C/C=C/[C@@H](O)[C@@H](Cc1ccccc1)C(=O)N[C@@H](Cc1ccccc1)C(N)=O,7.443697499232712,36.0,external,O=C(NCCc1ccccc1)[C@@H](C/C=C/CCCCc1ccccc1)Cc1ccccc1,ChEMBL
chembl-endpoint-20260529T111633Z,CHEMBL236,δ-opioid,pKi,Ki,CHEMBL1161417,Cc1cc(O)cc(C)c1C[C@H](N)[C@H](O)C/C=C/[C@@H](O)[C@@H](Cc1ccccc1)C(=O)N[C@@H](Cc1ccccc1)C(N)=O,7.070581074285707,85.0,external,O=C(NCCc1ccccc1)[C@@H](C/C=C/CCCCc1ccccc1)Cc1ccccc1,ChEMBL
chembl-endpoint-20260529T111633Z,CHEMBL236,δ-opioid,pKi,Ki,CHEMBL1161419,NC(=O)[C@H](Cc1ccccc1)NC(=O)[C@H](Cc1ccccc1)NC(=O)[C@H]1CCCN1C(=O)[C@@H](N)Cc1ccccc1,4.6020599913279625,25000.0,external,O=C(NCCc1ccccc1)[C@H](Cc1ccccc1)NC(=O)[C@H]1CCCN1C(=O)CCc1ccccc1,ChEMBL
chembl-endpoint-20260529T111633Z,CHEMBL236,δ-opioid,pKi,Ki,CHEMBL1161422,Cc1cc(O)cc(C)c1C[C@H](N)[C@H](O)C/C=C/[C@@H](O)[C@@H](Cc1ccccc1)C(=O)NCCc1ccccc1,7.180456064458132,66.0,external,O=C(NCCc1ccccc1)[C@@H](C/C=C/CCCCc1ccccc1)Cc1ccccc1,ChEMBL
chembl-endpoint-20260529T111633Z,CHEMBL236,δ-opioid,pKi,Ki,CHEMBL1161427,Cc1cc(O)cc(C)c1C[C@H](N)[C@@H](O)C/C=C/[C@H](O)[C@@H](Cc1ccccc1)C(=O)N[C@H](CO)Cc1ccccc1,7.267606240177032,54.0,external,O=C(NCCc1ccccc1)[C@@H](C/C=C/CCCCc1ccccc1)Cc1ccccc1,ChEMBL
chembl-endpoint-20260529T111633Z,CHEMBL236,δ-opioid,pKi,Ki,CHEMBL1161429,Cc1cc(O)cc(C)c1C[C@H](N)[C@@H](O)C/C=C/[C@@H](O)[C@@H](Cc1ccccc1)C(=O)NCCc1ccccc1,7.585026652029182,26.0,external,O=C(NCCc1ccccc1)[C@@H](C/C=C/CCCCc1ccccc1)Cc1ccccc1,ChEMBL
chembl-endpoint-20260529T111633Z,CHEMBL236,δ-opioid,pKi,Ki,CHEMBL1161430,Cc1cc(O)cc(C)c1C[C@H](N)[C@@H](O)C/C=C/[C@H](O)[C@@H](Cc1ccccc1)C(=O)NCCc1ccccc1,7.00436480540245,99.0,external,O=C(NCCc1ccccc1)[C@@H](C/C=C/CCCCc1ccccc1)Cc1ccccc1,ChEMBL
chembl-endpoint-20260529T111633Z,CHEMBL236,δ-opioid,pKi,Ki,CHEMBL2110315,CN1CC[C@]23c4c5ccc(O)c4O[C@H]2[C@@]24CC[C@@]3(C[C@H]2C(C)(C)C(C)(C)O4)C1C5,8.214670164989233,6.1,external,c1cc2c3c(c1)O[C@H]1[C@@]45CC[C@@]6(C[C@H]4CCO5)C(C2)NCC[C@]316,ChEMBL
chembl-endpoint-20260529T111633Z,CHEMBL236,δ-opioid,pKi,Ki,CHEMBL291357,CCNC(=O)c1ccc(C(=C2CC3CCC(C2)N3Cc2ccccn2)c2ccccc2)cc1,9.065501548756432,0.86,external,c1ccc(C(=C2CC3CCC(C2)N3Cc2ccccn2)c2ccccc2)cc1,ChEMBL
chembl-endpoint-20260529T111633Z,CHEMBL236,δ-opioid,pKi,Ki,CHEMBL320804,CCC(c1ccccc1)N1CC[C@H]1[C@H](N)c1cccc(Cl)c1,4.65033401590337,22370.0,external,c1ccc(C[C@@H]2CCN2Cc2ccccc2)cc1,ChEMBL
chembl-endpoint-20260529T111633Z,CHEMBL236,δ-opioid,pKi,Ki,CHEMBL322717,CCCCCCC(c1ccccc1)N1CC[C@H]1[C@@H](N)c1cccc(Cl)c1,5.3029451077274254,4978.0,external,c1ccc(C[C@@H]2CCN2Cc2ccccc2)cc1,ChEMBL
chembl-endpoint-20260529T111633Z,CHEMBL236,δ-opioid,pKi,Ki,CHEMBL324895,CCCCC(c1cc(F)cc(F)c1)N1CC[C@H]1[C@@H](N)c1cccc(Cl)c1,5.028167720075075,9372.0,external,c1ccc(C[C@@H]2CCN2Cc2ccccc2)cc1,ChEMBL
chembl-endpoint-20260529T111633Z,CHEMBL236,δ-opioid,pKi,Ki,CHEMBL3350139,CC(=O)N[C@@H]1CC[C@@]2(O)[C@H]3Cc4ccc(O)c5c4[C@@]2(CCN3C)[C@H]1O5,6.154901959985743,700.0,external,c1cc2c3c(c1)O[C@H]1CCCC4[C@@H](C2)NCC[C@@]341,ChEMBL
chembl-endpoint-20260529T111633Z,CHEMBL236,δ-opioid,pKi,Ki,CHEMBL349841,CO[C@@]12CCC3(C[C@@H]1[C@](C)(O)C(C)C)[C@H]1Cc4ccc(O)c5c4C3(CCN1C)[C@H]2O5,9.221848749616356,0.6,external,c1cc2c3c(c1)O[C@H]1C4CCC5(CC4)[C@@H](C2)NCCC315,ChEMBL
chembl-endpoint-20260529T111633Z,CHEMBL236,δ-opioid,pKi,Ki,CHEMBL353876,CC1(C)OC23CCC4(CC2C1(C)C)C1Cc2ccc(O)c5c2C4(CCN1CC1CC1)C3O5,9.096910013008056,0.8,external,c1cc2c3c(c1)OC1C45CCC6(CC4CCO5)C(C2)N(CC2CC2)CCC316,ChEMBL
chembl-endpoint-20260529T111633Z,CHEMBL236,δ-opioid,pKi,Ki,CHEMBL355296,COc1ccc2c3c1O[C@@H]1C34CCN(C)[C@H](C2)C42CC[C@]1(OC)[C@@H]([C@](C)(O)C(C)C)C2,8.886056647693163,1.3,external,c1cc2c3c(c1)O[C@H]1C4CCC5(CC4)[C@@H](C2)NCCC315,ChEMBL
chembl-endpoint-20260529T111633Z,CHEMBL236,δ-opioid,pKi,Ki,CHEMBL416680,CCNC(=O)c1ccc(C(=C2CC3CCC(C2)N3Cc2c[nH]cn2)c2ccccc2)cc1,8.411168274405792,3.88,external,c1ccc(C(=C2CC3CCC(C2)N3Cc2c[nH]cn2)c2ccccc2)cc1,ChEMBL
chembl-endpoint-20260529T111633Z,CHEMBL236,δ-opioid,pKi,Ki,CHEMBL607319,CC(=O)N[C@H]1CC[C@@]2(O)[C@H]3Cc4ccc(O)c5c4[C@@]2(CCN3C)[C@H]1O5,6.318758762624412,480.0,external,c1cc2c3c(c1)O[C@H]1CCCC4[C@@H](C2)NCC[C@@]341,ChEMBL
chembl-endpoint-20260529T111633Z,CHEMBL236,δ-opioid,pKi,Ki,CHEMBL610018,CC(=O)N[C@@H]1CC[C@@]2(O)[C@H]3Cc4ccc(O)c5c4[C@@]2(CCN3CC2CC2)[C@H]1O5,7.42021640338319,38.0,external,c1cc2c3c(c1)O[C@H]1CCCC4[C@@H](C2)N(CC2CC2)CC[C@@]341,ChEMBL
chembl-endpoint-20260529T111633Z,CHEMBL236,δ-opioid,pKi,Ki,CHEMBL63563,CCNC(=O)c1ccc(C(=C2CC3CCC(C2)N3c2cccn2C)c2ccccc2)cc1,7.682563503464901,20.77,external,c1ccc(C(=C2CC3CCC(C2)N3c2ccc[nH]2)c2ccccc2)cc1,ChEMBL
chembl-endpoint-20260529T111633Z,CHEMBL236,δ-opioid,pKi,Ki,CHEMBL66800,CCNC(=O)c1ccc(C(=C2CC3CCC(C2)N3CCc2c[nH]c3ccccc23)c2ccccc2)cc1,7.6252516539898965,23.7,external,c1ccc(C(=C2CC3CCC(C2)N3CCc2c[nH]c3ccccc23)c2ccccc2)cc1,ChEMBL
chembl-endpoint-20260529T111633Z,CHEMBL236,δ-opioid,pKi,Ki,CHEMBL106359,CCCCC(CCCC)N1CC[C@H]1[C@@H](N)c1cccc(Cl)c1,4.497846107128639,31780.0,scaffold_test,c1ccc(C[C@@H]2CCN2)cc1,ChEMBL
chembl-endpoint-20260529T111633Z,CHEMBL236,δ-opioid,pKi,Ki,CHEMBL109009,O=C(NCCCCc1ccccc1)c1ccc2[nH]c3c(c2c1)C[C@@]1(O)C2Cc4ccc(O)c5c4[C@@]1(CCN2CC1CC1)[C@H]3O5,7.225848141045289,59.45,scaffold_test,O=C(NCCCCc1ccccc1)c1ccc2[nH]c3c(c2c1)CC1C2Cc4cccc5c4[C@@]1(CCN2CC1CC1)[C@H]3O5,ChEMBL
chembl-endpoint-20260529T111633Z,CHEMBL236,δ-opioid,pKi,Ki,CHEMBL19019,O=C1CC[C@@]2(O)[C@H]3Cc4ccc(O)c5c4[C@@]2(CCN3CC2CC2)[C@H]1O5,7.714442690992226,19.3,scaffold_test,O=C1CCC2[C@H]3Cc4cccc5c4[C@@]2(CCN3CC2CC2)[C@H]1O5,ChEMBL
chembl-endpoint-20260529T111633Z,CHEMBL236,δ-opioid,pKi,Ki,CHEMBL217379,CC[C@H](C)[C@H](NC(=O)[C@H](CCCN=C(N)N)NC(=O)[C@H](CCCN=C(N)N)NC(=O)[C@H](CC(C)C)NC(=O)[C@H](Cc1ccccc1)NC(=O)CNC(=O)CNC(=O)[C@@H](N)Cc1ccc(O)cc1)C(=O)O,8.070581074285707,8.5,scaffold_test,O=C(CCc1ccccc1)NCC(=O)NCC(=O)NCCc1ccccc1,ChEMBL
chembl-endpoint-20260529T111633Z,CHEMBL236,δ-opioid,pKi,Ki,CHEMBL2372782,CC(C)(S)[C@@H](NC(=O)[C@H](Cc1ccc(O)cc1)NC(=O)CNC(=O)[C@H](NC(=O)[C@@H](N)Cc1ccccc1)C(C)(C)S)C(=O)O,7.958607314841775,11.0,scaffold_test,O=C(CCc1ccccc1)NCC(=O)NCC(=O)NCCc1ccccc1,ChEMBL
chembl-endpoint-20260529T111633Z,CHEMBL236,δ-opioid,pKi,Ki,CHEMBL293465,CC(C)C[C@H](NC(=O)[C@H](Cc1ccccc1)NC(=O)CNC(=O)CNC(=O)[C@@H](N)Cc1ccc(O)cc1)C(=O)N[C@@H](CCCN=C(N)N)C(=O)N[C@@H](CCCN=C(N)N)C(=O)O,8.013228265733755,9.7,scaffold_test,O=C(CCc1ccccc1)NCC(=O)NCC(=O)NCCc1ccccc1,ChEMBL
chembl-endpoint-20260529T111633Z,CHEMBL236,δ-opioid,pKi,Ki,CHEMBL302801,CCN(CC)C(=O)c1ccc(/C(=C2\C[C@H]3CC[C@@H](C2)N3CCc2ccccc2)c2ccccc2)cc1,9.619788758288394,0.24,scaffold_test,c1ccc(CCN2[C@@H]3CC[C@H]2CC(=C(c2ccccc2)c2ccccc2)C3)cc1,ChEMBL
chembl-endpoint-20260529T111633Z,CHEMBL236,δ-opioid,pKi,Ki,CHEMBL3350135,CN1CC[C@]23c4c5ccc(O)c4O[C@@H]2[C@H](NC(=O)CNC(=O)CCC(=O)NCC(=O)N[C@@H]2CC[C@]4(O)[C@H]6Cc7ccc(O)c8c7[C@@]4(CCN6C)[C@@H]2O8)CC[C@]3(O)[C@H]1C5,7.0655015487564325,86.0,scaffold_test,O=C(CCC(=O)NCC(=O)N[C@@H]1CCC2[C@H]3Cc4cccc5c4[C@@]2(CCN3)[C@@H]1O5)NCC(=O)N[C@@H]1CCC2[C@H]3Cc4cccc5c4[C@@]2(CCN3)[C@@H]1O5,ChEMBL
chembl-endpoint-20260529T111633Z,CHEMBL236,δ-opioid,pKi,Ki,CHEMBL401093,CN1CC[C@]23c4c5ccc(O)c4O[C@H]2c2[nH]c4ccccc4c2C[C@@]3(O)[C@H]1C5,9.154901959985743,0.7,scaffold_test,c1cc2c3c(c1)O[C@H]1c4[nH]c5ccccc5c4CC4[C@@H](C2)NCC[C@@]341,ChEMBL
chembl-endpoint-20260529T111633Z,CHEMBL236,δ-opioid,pKi,Ki,CHEMBL407832,CC[C@H](C)[C@H](NC(=O)[C@H](CCCN=C(N)N)NC(=O)[C@H](CCCN=C(N)N)NC(=O)[C@H](CC(C)C)NC(=O)[C@H](Cc1ccccc1)NC(=O)CNC(=O)CNC(=O)[C@@H](N)Cc1ccc(O)cc1)C(=O)N[C@@H](CCCN=C(N)N)C(=O)O,8.008773924307505,9.8,scaffold_test,O=C(CCc1ccccc1)NCC(=O)NCC(=O)NCCc1ccccc1,ChEMBL
chembl-endpoint-20260529T111633Z,CHEMBL236,δ-opioid,pKi,Ki,CHEMBL47029,CC(C)C[C@H](NC(=O)[C@H](Cc1ccc(O)cc1)NC(=O)CNC(=O)[C@H](CO)NC(=O)[C@@H](N)Cc1ccccc1)C(=O)N[C@H](C(=O)O)[C@@H](C)O,7.853871964321762,14.0,scaffold_test,O=C(CCc1ccccc1)NCC(=O)NCC(=O)NCCc1ccccc1,ChEMBL
chembl-endpoint-20260529T111633Z,CHEMBL236,δ-opioid,pKi,Ki,CHEMBL47545,C=CCN(CC=C)[C@@H](Cc1ccc(O)cc1)C(=O)NC(C)(C)C(=O)NC(C)(C)C(=O)N[C@@H](Cc1ccccc1)C(=O)N[C@@H](CC(C)C)C(=O)O,7.455931955649724,35.0,scaffold_test,O=C(CCc1ccccc1)NCC(=O)NCC(=O)NCCc1ccccc1,ChEMBL
chembl-endpoint-20260529T111633Z,CHEMBL236,δ-opioid,pKi,Ki,CHEMBL606872,C=CCN1CC[C@]23c4c5ccc(O)c4O[C@H]2c2[nH]c4ccccc4c2C[C@@]3(O)[C@H]1C5,8.958607314841775,1.1,scaffold_test,c1cc2c3c(c1)O[C@H]1c4[nH]c5ccccc5c4CC4[C@@H](C2)NCC[C@@]341,ChEMBL
chembl-endpoint-20260529T111633Z,CHEMBL236,δ-opioid,pKi,Ki,CHEMBL610046,O=C1[C@@H](Cc2ccccc2)C[C@@]2(O)[C@H]3Cc4ccc(O)c5c4[C@@]2(CCN3CC2CC2)[C@H]1O5,9.920818753952375,0.12,scaffold_test,O=C1[C@@H](Cc2ccccc2)CC2[C@H]3Cc4cccc5c4[C@@]2(CCN3CC2CC2)[C@H]1O5,ChEMBL
chembl-endpoint-20260529T111633Z,CHEMBL236,δ-opioid,pKi,Ki,CHEMBL610292,Oc1ccc2c3c1O[C@H]1[C@H](Nc4ccccc4)CC[C@@]4(O)[C@@H](C2)N(CC2CC2)CC[C@]314,8.10790539730952,7.8,scaffold_test,c1ccc(N[C@@H]2CCC3[C@H]4Cc5cccc6c5[C@@]3(CCN4CC3CC3)[C@H]2O6)cc1,ChEMBL
chembl-endpoint-20260529T111633Z,CHEMBL236,δ-opioid,pKi,Ki,CHEMBL63188,CC(C)C[C@H](NC(=O)[C@H](Cc1ccccc1)NC(=O)CNC(=O)CNC(=O)[C@@H](N)Cc1ccc(O)cc1)C(=O)N[C@@H](CCCN=C(N)N)C(=O)O,8.040958607678906,9.1,scaffold_test,O=C(CCc1ccccc1)NCC(=O)NCC(=O)NCCc1ccccc1,ChEMBL
chembl-endpoint-20260529T111633Z,CHEMBL236,δ-opioid,pKi,Ki,CHEMBL63651,CCNC(=O)c1ccc(/C(=C2\C[C@H]3CC[C@@H](C2)N3CCc2ccccc2)c2ccccc2)cc1,7.330683119433888,46.7,scaffold_test,c1ccc(CCN2[C@@H]3CC[C@H]2CC(=C(c2ccccc2)c2ccccc2)C3)cc1,ChEMBL
chembl-endpoint-20260529T111633Z,CHEMBL236,δ-opioid,pKi,Ki,CHEMBL66954,CCNC(=O)c1ccc(/C(=C2/C[C@H]3CC[C@@H](C2)N3CCc2ccccc2)c2ccccc2)cc1,8.328827157284916,4.69,scaffold_test,c1ccc(CCN2[C@@H]3CC[C@H]2CC(=C(c2ccccc2)c2ccccc2)C3)cc1,ChEMBL
chembl-endpoint-20260529T111633Z,CHEMBL236,δ-opioid,pKi,Ki,CHEMBL67428,O=C(Nc1nccs1)c1ccc(C(=C2CC3CCC(C2)N3CCc2ccccc2)c2ccccc2)cc1,7.305131672017544,49.53,scaffold_test,O=C(Nc1nccs1)c1ccc(C(=C2CC3CCC(C2)N3CCc2ccccc2)c2ccccc2)cc1,ChEMBL
chembl-endpoint-20260529T111633Z,CHEMBL236,δ-opioid,pKi,Ki,CHEMBL68113,CCN(CC)C(=O)c1ccc(/C(=C2/C[C@H]3CC[C@@H](C2)N3CCc2ccccc2)c2ccccc2)cc1,7.375717904164332,42.1,scaffold_test,c1ccc(CCN2[C@@H]3CC[C@H]2CC(=C(c2ccccc2)c2ccccc2)C3)cc1,ChEMBL
chembl-endpoint-20260529T111633Z,CHEMBL236,δ-opioid,pKi,Ki,CHEMBL8234,CC(C)C[C@H](NC(=O)[C@H](Cc1ccccc1)NC(=O)CNC(=O)CNC(=O)[C@@H](N)Cc1ccc(O)cc1)C(=O)O,9.154901959985743,0.7,scaffold_test,O=C(CCc1ccccc1)NCC(=O)NCC(=O)NCCc1ccccc1,ChEMBL
chembl-endpoint-20260529T111633Z,CHEMBL236,δ-opioid,pKi,Ki,CHEMBL101519,O=C1/C(=C\c2ccccc2)C[C@@]2(O)[C@H]3Cc4ccc(O)c5c4[C@@]2(CCN3CC2CC2)[C@H]1O5,8.744727494896694,1.8,train,O=C1/C(=C\c2ccccc2)CC2[C@H]3Cc4cccc5c4[C@@]2(CCN3CC2CC2)[C@H]1O5,ChEMBL
chembl-endpoint-20260529T111633Z,CHEMBL236,δ-opioid,pKi,Ki,CHEMBL106043,N[C@@H](c1ccc(Oc2ccccc2)cc1)[C@@H]1CCN1C(c1ccccc1)c1ccccc1,5.1122702027119695,7722.0,train,c1ccc(Oc2ccc(C[C@@H]3CCN3C(c3ccccc3)c3ccccc3)cc2)cc1,ChEMBL
chembl-endpoint-20260529T111633Z,CHEMBL236,δ-opioid,pKi,Ki,CHEMBL106758,CCC/N=C(\N)Cc1ccc2[nH]c3c(c2c1)C[C@@]1(O)C2Cc4ccc(O)c5c4[C@@]1(CCN2CC1CC1)[C@H]3O5,8.276544327964814,5.29,train,c1cc2c3c(c1)O[C@H]1c4[nH]c5ccccc5c4CC4C(C2)N(CC2CC2)CC[C@@]341,ChEMBL
chembl-endpoint-20260529T111633Z,CHEMBL236,δ-opioid,pKi,Ki,CHEMBL106785,N[C@H](c1cccc(Cl)c1)[C@@H]1CCN1C(c1ccc(Cl)cc1)c1ccc(Cl)cc1,5.299902295386946,5013.0,train,c1ccc(C[C@@H]2CCN2C(c2ccccc2)c2ccccc2)cc1,ChEMBL
chembl-endpoint-20260529T111633Z,CHEMBL236,δ-opioid,pKi,Ki,CHEMBL107398,C[C@]12Cc3ccccc3C[C@@]1(c1cccc(O)c1)CCN(CCc1ccccc1)C2,6.735182176990463,184.0,train,c1ccc(CCN2CC[C@]3(c4ccccc4)Cc4ccccc4CC3C2)cc1,ChEMBL
chembl-endpoint-20260529T111633Z,CHEMBL236,δ-opioid,pKi,Ki,CHEMBL107655,CCCCNC(=O)NCCc1ccc2[nH]c3c(c2c1)C[C@@]1(O)C2Cc4ccc(O)c5c4[C@@]1(CCN2CC1CC1)[C@H]3O5,8.585026652029182,2.6,train,c1cc2c3c(c1)O[C@H]1c4[nH]c5ccccc5c4CC4C(C2)N(CC2CC2)CC[C@@]341,ChEMBL
chembl-endpoint-20260529T111633Z,CHEMBL236,δ-opioid,pKi,Ki,CHEMBL108024,CCCCCCCNC(=O)c1ccc2[nH]c3c(c2c1)C[C@@]1(O)C2Cc4ccc(O)c5c4[C@@]1(CCN2CC1CC1)[C@H]3O5,7.153972324635621,70.15,train,c1cc2c3c(c1)O[C@H]1c4[nH]c5ccccc5c4CC4C(C2)N(CC2CC2)CC[C@@]341,ChEMBL
chembl-endpoint-20260529T111633Z,CHEMBL236,δ-opioid,pKi,Ki,CHEMBL108083,O=C(NCCc1ccccc1)c1ccc2[nH]c3c(c2c1)C[C@@]1(O)C2Cc4ccc(O)c5c4[C@@]1(CCN2CC1CC1)[C@H]3O5,8.452225294612177,3.53,train,O=C(NCCc1ccccc1)c1ccc2[nH]c3c(c2c1)CC1C2Cc4cccc5c4[C@@]1(CCN2CC1CC1)[C@H]3O5,ChEMBL
chembl-endpoint-20260529T111633Z,CHEMBL236,δ-opioid,pKi,Ki,CHEMBL108894,Cc1ccc([C@H](N)[C@@H]2CCN2C(c2ccccc2)c2ccccc2)cc1F,6.1979107421182675,634.0,train,c1ccc(C[C@@H]2CCN2C(c2ccccc2)c2ccccc2)cc1,ChEMBL
chembl-endpoint-20260529T111633Z,CHEMBL236,δ-opioid,pKi,Ki,CHEMBL108904,N[C@@H](c1ccc(Cl)cc1)[C@@H]1CCN1C(c1ccccc1)c1ccccc1,5.841939206063395,1439.0,train,c1ccc(C[C@@H]2CCN2C(c2ccccc2)c2ccccc2)cc1,ChEMBL
chembl-endpoint-20260529T111633Z,CHEMBL236,δ-opioid,pKi,Ki,CHEMBL108938,CCCC(=N)NCCc1ccc2[nH]c3c(c2c1)C[C@@]1(O)C2Cc4ccc(O)c5c4[C@@]1(CCN2CC1CC1)[C@H]3O5,7.559720786764411,27.56,train,c1cc2c3c(c1)O[C@H]1c4[nH]c5ccccc5c4CC4C(C2)N(CC2CC2)CC[C@@]341,ChEMBL
chembl-endpoint-20260529T111633Z,CHEMBL236,δ-opioid,pKi,Ki,CHEMBL110126,Cc1ccc([C@H](N)[C@@H]2CCN2C(c2ccccc2)c2ccccc2)cc1,5.731422028117157,1856.0,train,c1ccc(C[C@@H]2CCN2C(c2ccccc2)c2ccccc2)cc1,ChEMBL
chembl-endpoint-20260529T111633Z,CHEMBL236,δ-opioid,pKi,Ki,CHEMBL110138,Cc1ccc(C(c2ccc(C)cc2)N2CC[C@H]2[C@H](N)c2cccc(Cl)c2)cc1,5.300075597257523,5011.0,train,c1ccc(C[C@@H]2CCN2C(c2ccccc2)c2ccccc2)cc1,ChEMBL
chembl-endpoint-20260529T111633Z,CHEMBL236,δ-opioid,pKi,Ki,CHEMBL110487,CCCC(=O)NCCc1ccc2[nH]c3c(c2c1)C[C@@]1(O)C2Cc4ccc(O)c5c4[C@@]1(CCN2CC1CC1)[C@H]3O5,8.431798275933005,3.7,train,c1cc2c3c(c1)O[C@H]1c4[nH]c5ccccc5c4CC4C(C2)N(CC2CC2)CC[C@@]341,ChEMBL
chembl-endpoint-20260529T111633Z,CHEMBL236,δ-opioid,pKi,Ki,CHEMBL110816,CCC(=O)NCCc1ccc2[nH]c3c(c2c1)C[C@@]1(O)C2Cc4ccc(O)c5c4[C@@]1(CCN2CC1CC1)[C@H]3O5,8.505845405981557,3.12,train,c1cc2c3c(c1)O[C@H]1c4[nH]c5ccccc5c4CC4C(C2)N(CC2CC2)CC[C@@]341,ChEMBL
chembl-endpoint-20260529T111633Z,CHEMBL236,δ-opioid,pKi,Ki,CHEMBL110894,CCCCC/N=C(\N)Cc1ccc2[nH]c3c(c2c1)C[C@@]1(O)C2Cc4ccc(O)c5c4[C@@]1(CCN2CC1CC1)[C@H]3O5,7.769040444251431,17.02,train,c1cc2c3c(c1)O[C@H]1c4[nH]c5ccccc5c4CC4C(C2)N(CC2CC2)CC[C@@]341,ChEMBL
chembl-endpoint-20260529T111633Z,CHEMBL236,δ-opioid,pKi,Ki,CHEMBL111530,O=C(NCc1ccccc1)c1ccc2[nH]c3c(c2c1)C[C@@]1(O)C2Cc4ccc(O)c5c4[C@@]1(CCN2CC1CC1)[C@H]3O5,7.95116991347165,11.19,train,O=C(NCc1ccccc1)c1ccc2[nH]c3c(c2c1)CC1C2Cc4cccc5c4[C@@]1(CCN2CC1CC1)[C@H]3O5,ChEMBL
chembl-endpoint-20260529T111633Z,CHEMBL236,δ-opioid,pKi,Ki,CHEMBL1161412,Cc1cc(O)cc(C)c1C[C@H](N)[C@@H](O)C/C=C/[C@@H](O)[C@H](Cc1ccccc1)C(=O)N[C@@H](Cc1ccccc1)C(N)=O,6.638272163982407,230.0,train,O=C(NCCc1ccccc1)[C@H](C/C=C/CCCCc1ccccc1)Cc1ccccc1,ChEMBL
chembl-endpoint-20260529T111633Z,CHEMBL236,δ-opioid,pKi,Ki,CHEMBL1161423,Cc1cc(O)cc(C)c1C[C@H](N)[C@@H](O)C/C=C/[C@H](O)[C@@H](Cc1ccccc1)C(=O)O[C@H](CO)Cc1ccccc1,7.769551078621726,17.0,train,O=C(OCCc1ccccc1)[C@@H](C/C=C/CCCCc1ccccc1)Cc1ccccc1,ChEMBL
chembl-endpoint-20260529T111633Z,CHEMBL236,δ-opioid,pKi,Ki,CHEMBL1161424,Cc1cc(O)cc(C)c1C[C@H](N)[C@@H](O)C/C=C/[C@H](O)[C@@H](Cc1ccccc1)C(=O)OCCc1ccccc1,7.251811972993799,56.0,train,O=C(OCCc1ccccc1)[C@@H](C/C=C/CCCCc1ccccc1)Cc1ccccc1,ChEMBL
chembl-endpoint-20260529T111633Z,CHEMBL236,δ-opioid,pKi,Ki,CHEMBL1161425,Cc1cc(O)cc(C)c1C[C@H](N)[C@@H](O)C/C=C/[C@H](O)[C@@H](Cc1ccccc1)C(=O)O[C@@H](Cc1ccccc1)C(N)=O,7.6777807052660805,21.0,train,O=C(OCCc1ccccc1)[C@@H](C/C=C/CCCCc1ccccc1)Cc1ccccc1,ChEMBL
chembl-endpoint-20260529T111633Z,CHEMBL236,δ-opioid,pKi,Ki,CHEMBL1161428,Cc1cc(O)cc(C)c1C[C@H](N)[C@@H](O)C/C=C/[C@@H](O)[C@H](Cc1ccccc1)C(=O)NCCc1ccccc1,6.924453038607469,119.0,train,O=C(NCCc1ccccc1)[C@H](C/C=C/CCCCc1ccccc1)Cc1ccccc1,ChEMBL
chembl-endpoint-20260529T111633Z,CHEMBL236,δ-opioid,pKi,Ki,CHEMBL166853,C[C@H]1CO[C@@]23CCC4(C[C@@H]12)[C@H]1Cc2ccc(O)c5c2C4(CCN1CC1CC1)[C@H]3O5,9.154901959985743,0.7,train,c1cc2c3c(c1)O[C@@H]1C34CCN(CC3CC3)[C@H](C2)C42CC[C@@]13OCC[C@@H]3C2,ChEMBL
chembl-endpoint-20260529T111633Z,CHEMBL236,δ-opioid,pKi,Ki,CHEMBL169367,CC1C2CC34CCC2(OC1(C)C)C1Oc2c(O)ccc5c2C13CCN(C)C4C5,8.356547323513812,4.4,train,c1cc2c3c(c1)OC1C45CCC6(CC4CCO5)C(C2)NCCC316,ChEMBL
chembl-endpoint-20260529T111633Z,CHEMBL236,δ-opioid,pKi,Ki,CHEMBL2110199,CN1CC[C@]23c4c5ccc(O)c4O[C@H]2[C@@]24CC[C@@]3(C[C@@H]2C(C)(C)C(C)(C)O4)C1C5,8.356547323513812,4.4,train,c1cc2c3c(c1)O[C@H]1[C@@]45CC[C@@]6(C[C@@H]4CCO5)C(C2)NCC[C@]316,ChEMBL
chembl-endpoint-20260529T111633Z,CHEMBL236,δ-opioid,pKi,Ki,CHEMBL216640,CC[C@H](C)[C@H](NC(=O)[C@H](CCCN=C(N)N)NC(=O)[C@H](CCCN=C(N)N)NC(=O)[C@H](CC(C)C)NC(=O)[C@H](Cc1ccccc1)NC(=O)CNC(=O)CNC(=O)[C@@H](N)Cc1ccc(O)cc1)C(=O)N[C@@H](CCCN=C(N)N)C(=O)N1CCC[C@H]1C(=O)N[C@@H](CCCCN)C(N)=O,8.489454989793387,3.24,train,O=C(CCc1ccccc1)NCC(=O)NCC(=O)N[C@@H](Cc1ccccc1)C(=O)NCC(=O)NCC(=O)NCC(=O)NCC(=O)NCC(=O)N1CCCC1,ChEMBL
chembl-endpoint-20260529T111633Z,CHEMBL236,δ-opioid,pKi,Ki,CHEMBL2369365,CC[C@H](C)[C@H](NC(=O)[C@H](CCCN=C(N)N)NC(=O)[C@H](CCCN=C(N)N)NC(=O)[C@H](CC(C)C)NC(=O)[C@H](Cc1ccccc1)NC(=O)[C@@H]1CCCN1C(=O)CNC(=O)[C@@H](N)Cc1ccc(O)cc1)C(=O)N[C@@H](CCCN=C(N)N)C(=O)N[C@H](CCCN=C(N)N)C(N)=O,5.219682687859849,6030.0,train,O=C(CCc1ccccc1)NCC(=O)N1CCC[C@H]1C(=O)NCCc1ccccc1,ChEMBL
chembl-endpoint-20260529T111633Z,CHEMBL236,δ-opioid,pKi,Ki,CHEMBL2369366,CC[C@H](C)[C@H](NC(=O)[C@H](CCCN=C(N)N)NC(=O)[C@H](CCCN=C(N)N)NC(=O)[C@H](CC(C)C)NC(=O)[C@H](Cc1ccccc1)NC(=O)[C@@H]1CCCN1C(=O)CNC(=O)[C@@H](N)Cc1ccc(O)cc1)C(=O)N[C@@H](CCCN=C(N)N)C(=O)N[C@H](CCCN=C(N)N)C(=O)N[C@@H](CCCCN)C(N)=O,5.490797477668897,3230.0,train,O=C(CCc1ccccc1)NCC(=O)N1CCC[C@H]1C(=O)NCCc1ccccc1,ChEMBL
chembl-endpoint-20260529T111633Z,CHEMBL236,δ-opioid,pKi,Ki,CHEMBL2369371,CCCC[C@H](NC(=O)[C@H](CC(C)C)NC(=O)[C@H](Cc1ccccc1)NC(=O)[C@@H]1CCCN1C(=O)CNC(=O)[C@@H](N)Cc1ccc(O)cc1)C(=O)N[C@@H](CCCN=C(N)N)C(N)=O,4.85078088734462,14100.0,train,O=C(CCc1ccccc1)NCC(=O)N1CCC[C@H]1C(=O)NCCc1ccccc1,ChEMBL
chembl-endpoint-20260529T111633Z,CHEMBL236,δ-opioid,pKi,Ki,CHEMBL2369389,CC[C@H](C)[C@H](NC(=O)[C@H](CCCN=C(N)N)NC(=O)[C@H](CCCN=C(N)N)NC(=O)[C@H](CC(C)C)NC(=O)[C@H](Cc1ccccc1)NC(=O)[C@@H]1CCCN1C(=O)CNC(=O)[C@@H](N)Cc1ccc(O)cc1)C(=O)N[C@@H](CCCN=C(N)N)C(=O)N1CCC[C@@H]1C(N)=O,4.8696662315049934,13500.0,train,O=C(CCc1ccccc1)NCC(=O)N1CCC[C@H]1C(=O)N[C@@H](Cc1ccccc1)C(=O)NCC(=O)NCC(=O)NCC(=O)NCC(=O)NCC(=O)N1CCCC1,ChEMBL
chembl-endpoint-20260529T111633Z,CHEMBL236,δ-opioid,pKi,Ki,CHEMBL2369390,CC[C@H](C)[C@H](NC(=O)[C@H](CCCN=C(N)N)NC(=O)[C@H](CCCN=C(N)N)NC(=O)[C@H](CC(C)C)NC(=O)[C@H](Cc1ccccc1)NC(=O)[C@@H]1CCCN1C(=O)CNC(=O)[C@@H](N)Cc1ccc(O)cc1)C(=O)N[C@@H](CCCN=C(N)N)C(N)=O,4.87942606879415,13200.0,train,O=C(CCc1ccccc1)NCC(=O)N1CCC[C@H]1C(=O)NCCc1ccccc1,ChEMBL
chembl-endpoint-20260529T111633Z,CHEMBL236,δ-opioid,pKi,Ki,CHEMBL2369391,CC(C)C[C@H](NC(=O)[C@H](Cc1ccccc1)NC(=O)[C@@H]1CCCN1C(=O)CNC(=O)[C@@H](N)Cc1ccc(O)cc1)C(=O)N[C@@H](CCCN=C(N)N)C(=O)N[C@@H](CCCN=C(N)N)C(N)=O,4.82102305270683,15100.0,train,O=C(CCc1ccccc1)NCC(=O)N1CCC[C@H]1C(=O)NCCc1ccccc1,ChEMBL
chembl-endpoint-20260529T111633Z,CHEMBL236,δ-opioid,pKi,Ki,CHEMBL2369393,CC[C@H](C)[C@H](NC(=O)[C@H](CCCN=C(N)N)NC(=O)[C@H](CCCN=C(N)N)NC(=O)[C@H](CC(C)C)NC(=O)[C@H](Cc1ccccc1)NC(=O)[C@@H]1CCCN1C(=O)CNC(=O)[C@@H](N)Cc1ccc(O)cc1)C(=O)N[C@@H](CCCN=C(N)N)C(=O)N1CCC[C@@H]1C(=O)N[C@@H](CCCCN)C(=O)O,4.823908740944319,15000.0,train,O=C(CCc1ccccc1)NCC(=O)N1CCC[C@H]1C(=O)N[C@@H](Cc1ccccc1)C(=O)NCC(=O)NCC(=O)NCC(=O)NCC(=O)NCC(=O)N1CCCC1,ChEMBL
chembl-endpoint-20260529T111633Z,CHEMBL236,δ-opioid,pKi,Ki,CHEMBL2369394,CC(C)C[C@H](NC(=O)[C@H](Cc1ccccc1)NC(=O)[C@@H]1CCCN1C(=O)CNC(=O)[C@@H](N)Cc1ccc(O)cc1)C(=O)N[C@@H](CCCN=C(N)N)C(N)=O,4.899629454882437,12600.0,train,O=C(CCc1ccccc1)NCC(=O)N1CCC[C@H]1C(=O)NCCc1ccccc1,ChEMBL
chembl-endpoint-20260529T111633Z,CHEMBL236,δ-opioid,pKi,Ki,CHEMBL2369395,CC[C@H](C)[C@H](NC(=O)[C@H](CCCN=C(N)N)NC(=O)[C@H](CCCN=C(N)N)NC(=O)[C@H](CC(C)C)NC(=O)[C@H](Cc1ccccc1)NC(=O)[C@@H]1CCCN1C(=O)CNC(=O)[C@@H](N)Cc1ccc(O)cc1)C(N)=O,4.790484985457369,16200.0,train,O=C(CCc1ccccc1)NCC(=O)N1CCC[C@H]1C(=O)NCCc1ccccc1,ChEMBL
chembl-endpoint-20260529T111633Z,CHEMBL236,δ-opioid,pKi,Ki,CHEMBL2369407,CC(C)C[C@H](NC(=O)[C@H](Cc1ccccc1)NC(=O)[C@@H]1CCCN1C(=O)CNC(=O)[C@@H](N)Cc1ccc(O)cc1)C(N)=O,4.730487055782084,18600.0,train,O=C(CCc1ccccc1)NCC(=O)N1CCC[C@H]1C(=O)NCCc1ccccc1,ChEMBL
chembl-endpoint-20260529T111633Z,CHEMBL236,δ-opioid,pKi,Ki,CHEMBL2369408,CC(C)C[C@H](NC(=O)[C@H](Cc1ccccc1)NC(=O)[C@@H]1CCCN1C(=O)CNC(=O)[C@@H](N)Cc1ccc(O)cc1)C(=O)N[C@@H](CCCN=C(N)N)C(=O)N[C@@H](CCCN=C(N)N)C(=O)N[C@@H](CCCN=C(N)N)C(=O)N[C@@H](CCCN=C(N)N)C(=O)N1CCC[C@@H]1C(=O)N[C@@H](CCCCN)C(N)=O,5.170053304058364,6760.0,train,O=C(CCc1ccccc1)NCC(=O)N1CCC[C@H]1C(=O)N[C@@H](Cc1ccccc1)C(=O)NCC(=O)NCC(=O)NCC(=O)NCC(=O)NCC(=O)N1CCCC1,ChEMBL
chembl-endpoint-20260529T111633Z,CHEMBL236,δ-opioid,pKi,Ki,CHEMBL252172,O=C1/C(=C/c2ccccc2)C[C@@]2(O)[C@H]3Cc4ccc(O)c5c4[C@@]2(CCN3CC2CC2)[C@H]1O5,8.0,10.0,train,O=C1/C(=C/c2ccccc2)CC2[C@H]3Cc4cccc5c4[C@@]2(CCN3CC2CC2)[C@H]1O5,ChEMBL
chembl-endpoint-20260529T111633Z,CHEMBL236,δ-opioid,pKi,Ki,CHEMBL265813,CC[C@H](C)[C@H](NC(=O)[C@H](CCCN=C(N)N)NC(=O)[C@H](CCCN=C(N)N)NC(=O)[C@H](CC(C)C)NC(=O)[C@H](Cc1ccccc1)NC(=O)CNC(=O)CNC(=O)[C@@H](N)Cc1ccc(O)cc1)C(=O)N[C@@H](CCCN=C(N)N)C(=O)N1CCC[C@@H]1C(=O)N[C@@H](CCCCN)C(=O)N[C@@H](CC(C)C)C(=O)N[C@@H](CCCCN)C(=O)O,8.080921907623926,8.3,train,O=C(CCc1ccccc1)NCC(=O)NCC(=O)N[C@@H](Cc1ccccc1)C(=O)NCC(=O)NCC(=O)NCC(=O)NCC(=O)NCC(=O)N1CCCC1,ChEMBL
chembl-endpoint-20260529T111633Z,CHEMBL236,δ-opioid,pKi,Ki,CHEMBL269483,CC[C@H](C)[C@H](NC(=O)[C@H](CCCN=C(N)N)NC(=O)[C@H](CCCN=C(N)N)NC(=O)[C@H](CC(C)C)NC(=O)[C@H](Cc1ccccc1)NC(=O)CNC(=O)CNC(=O)[C@@H](N)Cc1ccc(O)cc1)C(=O)N[C@@H](CCCN=C(N)N)C(=O)N1CCC[C@@H]1C(=O)O,7.619788758288394,24.0,train,O=C(CCc1ccccc1)NCC(=O)NCC(=O)N[C@@H](Cc1ccccc1)C(=O)NCC(=O)NCC(=O)NCC(=O)NCC(=O)NCC(=O)N1CCCC1,ChEMBL
chembl-endpoint-20260529T111633Z,CHEMBL236,δ-opioid,pKi,Ki,CHEMBL279638,CCNC(=O)c1ccc(C(=C2CC3CCC(C2)N3Cc2ccccc2Cl)c2ccc(OC)cc2)cc1,8.246416941107093,5.67,train,c1ccc(CN2C3CCC2CC(=C(c2ccccc2)c2ccccc2)C3)cc1,ChEMBL
chembl-endpoint-20260529T111633Z,CHEMBL236,δ-opioid,pKi,Ki,CHEMBL280778,O=C1N[C@@H]2CCCC[C@H]2N1C1CCN(CC2CCCCCCC2)CC1,5.18495382393537,6532.0,train,O=C1N[C@@H]2CCCC[C@H]2N1C1CCN(CC2CCCCCCC2)CC1,ChEMBL
chembl-endpoint-20260529T111633Z,CHEMBL236,δ-opioid,pKi,Ki,CHEMBL292332,CCNC(=O)c1ccc(C(=C2CC3CCC(C2)N3CCO)c2ccccc2)cc1,7.582196277360119,26.17,train,c1ccc(C(=C2CC3CCC(C2)N3)c2ccccc2)cc1,ChEMBL
chembl-endpoint-20260529T111633Z,CHEMBL236,δ-opioid,pKi,Ki,CHEMBL298574,N[C@@]1(C2=NC(=O)[C@@]3(CC[C@@]4(O)[C@H]5Cc6ccc(O)c7c6C4(CCN5CC4CC4)[C@H]3O7)N2)CC[C@@]2(O)[C@H]3Cc4ccc(O)c5c4C2(CCN3CC2CC2)[C@H]1O5,8.906578314837764,1.24,train,O=C1N=C(C2CCC3[C@H]4Cc5cccc6c5C3(CCN4CC3CC3)[C@H]2O6)N[C@]12CCC1[C@H]3Cc4cccc5c4C1(CCN3CC1CC1)[C@H]2O5,ChEMBL
chembl-endpoint-20260529T111633Z,CHEMBL236,δ-opioid,pKi,Ki,CHEMBL299772,NC1=NC([C@]2(N)CC[C@@]3(O)[C@H]4Cc5ccc(O)c6c5C3(CCN4CC3CC3)[C@H]2O6)=N[C@]12CC[C@@]1(O)[C@H]3Cc4ccc(O)c5c4C1(CCN3CC1CC1)[C@H]2O5,6.73754891026957,183.0,train,C1=NC(C2CCC3[C@H]4Cc5cccc6c5C3(CCN4CC3CC3)[C@H]2O6)=N[C@]12CCC1[C@H]3Cc4cccc5c4C1(CCN3CC1CC1)[C@H]2O5,ChEMBL
chembl-endpoint-20260529T111633Z,CHEMBL236,δ-opioid,pKi,Ki,CHEMBL302142,C=CCN1[C@@H]2CC[C@H]1C/C(=C(\c1ccccc1)c1ccc(C(=O)NCC)cc1)C2,8.112382699664265,7.72,train,c1ccc(C(=C2C[C@H]3CC[C@@H](C2)N3)c2ccccc2)cc1,ChEMBL
chembl-endpoint-20260529T111633Z,CHEMBL236,δ-opioid,pKi,Ki,CHEMBL303148,O=C(NC1CCCCC1)c1ccc(C(=C2CC3CCC(C2)N3CCc2ccccc2)c2ccccc2)cc1,6.0343280287798935,924.0,train,O=C(NC1CCCCC1)c1ccc(C(=C2CC3CCC(C2)N3CCc2ccccc2)c2ccccc2)cc1,ChEMBL
chembl-endpoint-20260529T111633Z,CHEMBL236,δ-opioid,pKi,Ki,CHEMBL303381,CCNC(=O)c1ccc(C(=C2CC3CCC(C2)N3CCc2ccccc2)c2ccc(O)cc2)cc1,8.10790539730952,7.8,train,c1ccc(CCN2C3CCC2CC(=C(c2ccccc2)c2ccccc2)C3)cc1,ChEMBL
chembl-endpoint-20260529T111633Z,CHEMBL236,δ-opioid,pKi,Ki,CHEMBL303875,C=CCN1C2CCC1CC(=C(c1ccc(C(=O)NCC)cc1)c1cccc(OC)c1)C2,8.838631997765026,1.45,train,c1ccc(C(=C2CC3CCC(C2)N3)c2ccccc2)cc1,ChEMBL
chembl-endpoint-20260529T111633Z,CHEMBL236,δ-opioid,pKi,Ki,CHEMBL304214,CCNC(=O)c1ccc(C(=C2CC3CCC(C2)N3Cc2ccccc2Cl)c2cccc(OC)c2)cc1,8.176525770829699,6.66,train,c1ccc(CN2C3CCC2CC(=C(c2ccccc2)c2ccccc2)C3)cc1,ChEMBL
chembl-endpoint-20260529T111633Z,CHEMBL236,δ-opioid,pKi,Ki,CHEMBL304466,O=C(Nc1ccccc1)c1ccc(C(=C2CC3CCC(C2)N3CCc2ccccc2)c2ccccc2)cc1,5.81901441921327,1517.0,train,O=C(Nc1ccccc1)c1ccc(C(=C2CC3CCC(C2)N3CCc2ccccc2)c2ccccc2)cc1,ChEMBL
chembl-endpoint-20260529T111633Z,CHEMBL236,δ-opioid,pKi,Ki,CHEMBL306463,CCNC(=O)c1ccc(C(=C2CC3CCC(C2)N3Cc2[nH]cnc2C)c2ccccc2)cc1,7.798602875679548,15.9,train,c1ccc(C(=C2CC3CCC(C2)N3Cc2cnc[nH]2)c2ccccc2)cc1,ChEMBL
chembl-endpoint-20260529T111633Z,CHEMBL236,δ-opioid,pKi,Ki,CHEMBL307525,CCNC(=O)c1ccc(/C(=C2/C[C@H]3CC[C@@H](C2)N3)c2ccccc2)cc1,8.26121944151563,5.48,train,c1ccc(C(=C2C[C@H]3CC[C@@H](C2)N3)c2ccccc2)cc1,ChEMBL
chembl-endpoint-20260529T111633Z,CHEMBL236,δ-opioid,pKi,Ki,CHEMBL307973,O=C(NC1CC1)c1ccc(C(=C2CC3CCC(C2)N3CCc2ccccc2)c2ccccc2)cc1,7.698970004336019,20.0,train,O=C(NC1CC1)c1ccc(C(=C2CC3CCC(C2)N3CCc2ccccc2)c2ccccc2)cc1,ChEMBL
chembl-endpoint-20260529T111633Z,CHEMBL236,δ-opioid,pKi,Ki,CHEMBL316961,N[C@@H](c1cccc(C(F)(F)F)c1)[C@@H]1CCN1C(c1ccccc1)c1ccccc1,5.2155253562374835,6088.0,train,c1ccc(C[C@@H]2CCN2C(c2ccccc2)c2ccccc2)cc1,ChEMBL
chembl-endpoint-20260529T111633Z,CHEMBL236,δ-opioid,pKi,Ki,CHEMBL317479,N[C@H](c1cccc(C(F)(F)F)c1)[C@H]1CCN1C(c1ccccc1)c1ccccc1,5.479909671887158,3312.0,train,c1ccc(C[C@H]2CCN2C(c2ccccc2)c2ccccc2)cc1,ChEMBL
chembl-endpoint-20260529T111633Z,CHEMBL236,δ-opioid,pKi,Ki,CHEMBL320582,N[C@H](c1cccc(Cl)c1)[C@@H]1CCN1C(c1ccc(Br)cc1)c1ccc(Br)cc1,5.3021606317816365,4987.0,train,c1ccc(C[C@@H]2CCN2C(c2ccccc2)c2ccccc2)cc1,ChEMBL
chembl-endpoint-20260529T111633Z,CHEMBL236,δ-opioid,pKi,Ki,CHEMBL321462,N[C@H](c1cccc(Cl)c1)[C@@H]1CCN1C(c1ccc(F)cc1)c1ccc(F)cc1,5.129011186239425,7430.0,train,c1ccc(C[C@@H]2CCN2C(c2ccccc2)c2ccccc2)cc1,ChEMBL
chembl-endpoint-20260529T111633Z,CHEMBL236,δ-opioid,pKi,Ki,CHEMBL323398,CCCCCCNC(=O)NCCc1ccc2[nH]c3c(c2c1)C[C@@]1(O)C2Cc4ccc(O)c5c4[C@@]1(CCN2CC1CC1)[C@H]3O5,8.647817481888637,2.25,train,c1cc2c3c(c1)O[C@H]1c4[nH]c5ccccc5c4CC4C(C2)N(CC2CC2)CC[C@@]341,ChEMBL
chembl-endpoint-20260529T111633Z,CHEMBL236,δ-opioid,pKi,Ki,CHEMBL323726,CC(C)CC(=N)NCCc1ccc2[nH]c3c(c2c1)C[C@@]1(O)C2Cc4ccc(O)c5c4[C@@]1(CCN2CC1CC1)[C@H]3O5,7.696803942579511,20.1,train,c1cc2c3c(c1)O[C@H]1c4[nH]c5ccccc5c4CC4C(C2)N(CC2CC2)CC[C@@]341,ChEMBL
chembl-endpoint-20260529T111633Z,CHEMBL236,δ-opioid,pKi,Ki,CHEMBL323987,CCC(=N)NCCc1ccc2[nH]c3c(c2c1)C[C@@]1(O)C2Cc4ccc(O)c5c4[C@@]1(CCN2CC1CC1)[C@H]3O5,7.662341108973858,21.76,train,c1cc2c3c(c1)O[C@H]1c4[nH]c5ccccc5c4CC4C(C2)N(CC2CC2)CC[C@@]341,ChEMBL
chembl-endpoint-20260529T111633Z,CHEMBL236,δ-opioid,pKi,Ki,CHEMBL324635,N[C@@H](c1cccc(Cl)c1)[C@@H]1CCN1C(c1ccccc1)c1ccccc1,5.078625704581525,8344.0,train,c1ccc(C[C@@H]2CCN2C(c2ccccc2)c2ccccc2)cc1,ChEMBL
chembl-endpoint-20260529T111633Z,CHEMBL236,δ-opioid,pKi,Ki,CHEMBL324644,CCCCC(=O)NCCc1ccc2[nH]c3c(c2c1)C[C@@]1(O)C2Cc4ccc(O)c5c4[C@@]1(CCN2CC1CC1)[C@H]3O5,8.115204636051018,7.67,train,c1cc2c3c(c1)O[C@H]1c4[nH]c5ccccc5c4CC4C(C2)N(CC2CC2)CC[C@@]341,ChEMBL
chembl-endpoint-20260529T111633Z,CHEMBL236,δ-opioid,pKi,Ki,CHEMBL324681,CN1CC[C@]2(c3cccc(O)c3)Cc3ccccc3C[C@]2(C)C1,6.653647025549361,222.0,train,c1ccc([C@]23CCNCC2Cc2ccccc2C3)cc1,ChEMBL
chembl-endpoint-20260529T111633Z,CHEMBL236,δ-opioid,pKi,Ki,CHEMBL324897,N[C@H](c1cccc(Cl)c1)[C@@H]1CCN1C(c1cccc(F)c1)c1cccc(F)c1,5.319936572518052,4787.0,train,c1ccc(C[C@@H]2CCN2C(c2ccccc2)c2ccccc2)cc1,ChEMBL
chembl-endpoint-20260529T111633Z,CHEMBL236,δ-opioid,pKi,Ki,CHEMBL326875,CCCCC(=N)NCCc1ccc2[nH]c3c(c2c1)C[C@@]1(O)C2Cc4ccc(O)c5c4[C@@]1(CCN2CC1CC1)[C@H]3O5,7.417709317281006,38.22,train,c1cc2c3c(c1)O[C@H]1c4[nH]c5ccccc5c4CC4C(C2)N(CC2CC2)CC[C@@]341,ChEMBL
chembl-endpoint-20260529T111633Z,CHEMBL236,δ-opioid,pKi,Ki,CHEMBL327118,N[C@H](c1cccc(Cl)c1)[C@@H]1CCN1C(c1cccc(Cl)c1)c1cccc(Cl)c1,5.567190994966832,2709.0,train,c1ccc(C[C@@H]2CCN2C(c2ccccc2)c2ccccc2)cc1,ChEMBL
chembl-endpoint-20260529T111633Z,CHEMBL236,δ-opioid,pKi,Ki,CHEMBL3350127,CN1CC[C@]23c4c5ccc(O)c4O[C@H]2[C@@H](NC(=O)CCC(=O)N[C@H]2CC[C@@]4(O)[C@H]6Cc7ccc(O)c8c7[C@@]4(CCN6C)[C@H]2O8)CC[C@@]3(O)[C@H]1C5,7.0,100.0,train,O=C(CCC(=O)N[C@H]1CCC2[C@H]3Cc4cccc5c4[C@@]2(CCN3)[C@H]1O5)N[C@H]1CCC2[C@H]3Cc4cccc5c4[C@@]2(CCN3)[C@H]1O5,ChEMBL
chembl-endpoint-20260529T111633Z,CHEMBL236,δ-opioid,pKi,Ki,CHEMBL3350128,CN1CC[C@]23c4c5ccc(O)c4O[C@H]2[C@@H](NC(=O)CNC(=O)CNC(=O)CNC(=O)CCC(=O)NCC(=O)NCC(=O)NCC(=O)N[C@H]2CC[C@@]4(O)[C@H]6Cc7ccc(O)c8c7[C@@]4(CCN6C)[C@H]2O8)CC[C@@]3(O)[C@H]1C5,7.585026652029182,26.0,train,O=C(CCC(=O)NCC(=O)NCC(=O)NCC(=O)N[C@H]1CCC2[C@H]3Cc4cccc5c4[C@@]2(CCN3)[C@H]1O5)NCC(=O)NCC(=O)NCC(=O)N[C@H]1CCC2[C@H]3Cc4cccc5c4[C@@]2(CCN3)[C@H]1O5,ChEMBL
chembl-endpoint-20260529T111633Z,CHEMBL236,δ-opioid,pKi,Ki,CHEMBL3350129,O=C(CCC(=O)N[C@@H]1CC[C@@]2(O)[C@H]3Cc4ccc(O)c5c4[C@@]2(CCN3CC2CC2)[C@H]1O5)N[C@@H]1CC[C@@]2(O)[C@H]3Cc4ccc(O)c5c4[C@@]2(CCN3CC2CC2)[C@H]1O5,7.920818753952375,12.0,train,O=C(CCC(=O)N[C@@H]1CCC2[C@H]3Cc4cccc5c4[C@@]2(CCN3CC2CC2)[C@H]1O5)N[C@@H]1CCC2[C@H]3Cc4cccc5c4[C@@]2(CCN3CC2CC2)[C@H]1O5,ChEMBL
chembl-endpoint-20260529T111633Z,CHEMBL236,δ-opioid,pKi,Ki,CHEMBL3350130,O=C(CCC(=O)NCC(=O)NCC(=O)N[C@@H]1CC[C@@]2(O)[C@H]3Cc4ccc(O)c5c4[C@@]2(CCN3CC2CC2)[C@H]1O5)NCC(=O)NCC(=O)N[C@@H]1CC[C@@]2(O)[C@H]3Cc4ccc(O)c5c4[C@@]2(CCN3CC2CC2)[C@H]1O5,8.309803919971486,4.9,train,O=C(CCC(=O)NCC(=O)NCC(=O)N[C@@H]1CCC2[C@H]3Cc4cccc5c4[C@@]2(CCN3CC2CC2)[C@H]1O5)NCC(=O)NCC(=O)N[C@@H]1CCC2[C@H]3Cc4cccc5c4[C@@]2(CCN3CC2CC2)[C@H]1O5,ChEMBL
chembl-endpoint-20260529T111633Z,CHEMBL236,δ-opioid,pKi,Ki,CHEMBL3350132,CN1CC[C@]23c4c5ccc(O)c4O[C@H]2[C@@H](NC(=O)CNC(=O)CNC(=O)CCC(=O)NCC(=O)NCC(=O)N[C@H]2CC[C@@]4(O)[C@H]6Cc7ccc(O)c8c7[C@@]4(CCN6C)[C@H]2O8)CC[C@@]3(O)[C@H]1C5,7.301029995663981,50.0,train,O=C(CCC(=O)NCC(=O)NCC(=O)N[C@H]1CCC2[C@H]3Cc4cccc5c4[C@@]2(CCN3)[C@H]1O5)NCC(=O)NCC(=O)N[C@H]1CCC2[C@H]3Cc4cccc5c4[C@@]2(CCN3)[C@H]1O5,ChEMBL
chembl-endpoint-20260529T111633Z,CHEMBL236,δ-opioid,pKi,Ki,CHEMBL3350133,CN1CC[C@]23c4c5ccc(O)c4O[C@H]2[C@@H](NC(=O)CNC(=O)CCC(=O)NCC(=O)N[C@H]2CC[C@@]4(O)[C@H]6Cc7ccc(O)c8c7[C@@]4(CCN6C)[C@H]2O8)CC[C@@]3(O)[C@H]1C5,6.958607314841775,110.0,train,O=C(CCC(=O)NCC(=O)N[C@H]1CCC2[C@H]3Cc4cccc5c4[C@@]2(CCN3)[C@H]1O5)NCC(=O)N[C@H]1CCC2[C@H]3Cc4cccc5c4[C@@]2(CCN3)[C@H]1O5,ChEMBL
chembl-endpoint-20260529T111633Z,CHEMBL236,δ-opioid,pKi,Ki,CHEMBL3350134,CN1CC[C@]23c4c5ccc(O)c4O[C@@H]2[C@H](NC(=O)CCC(=O)N[C@@H]2CC[C@]4(O)[C@H]6Cc7ccc(O)c8c7[C@@]4(CCN6C)[C@@H]2O8)CC[C@]3(O)[C@H]1C5,6.698970004336019,200.0,train,O=C(CCC(=O)N[C@@H]1CCC2[C@H]3Cc4cccc5c4[C@@]2(CCN3)[C@@H]1O5)N[C@@H]1CCC2[C@H]3Cc4cccc5c4[C@@]2(CCN3)[C@@H]1O5,ChEMBL
chembl-endpoint-20260529T111633Z,CHEMBL236,δ-opioid,pKi,Ki,CHEMBL3350136,CN1CC[C@]23c4c5ccc(O)c4O[C@@H]2[C@H](NC(=O)CNC(=O)CNC(=O)CCC(=O)NCC(=O)NCC(=O)N[C@@H]2CC[C@]4(O)[C@H]6Cc7ccc(O)c8c7[C@@]4(CCN6C)[C@@H]2O8)CC[C@]3(O)[C@H]1C5,7.568636235841013,27.0,train,O=C(CCC(=O)NCC(=O)NCC(=O)N[C@@H]1CCC2[C@H]3Cc4cccc5c4[C@@]2(CCN3)[C@@H]1O5)NCC(=O)NCC(=O)N[C@@H]1CCC2[C@H]3Cc4cccc5c4[C@@]2(CCN3)[C@@H]1O5,ChEMBL
chembl-endpoint-20260529T111633Z,CHEMBL236,δ-opioid,pKi,Ki,CHEMBL3350137,O=C(CCC(=O)NCC(=O)NCC(=O)NCC(=O)N[C@@H]1CC[C@@]2(O)[C@H]3Cc4ccc(O)c5c4[C@@]2(CCN3CC2CC2)[C@H]1O5)NCC(=O)NCC(=O)NCC(=O)N[C@@H]1CC[C@@]2(O)[C@H]3Cc4ccc(O)c5c4[C@@]2(CCN3CC2CC2)[C@H]1O5,8.193820026016112,6.4,train,O=C(CCC(=O)NCC(=O)NCC(=O)NCC(=O)N[C@@H]1CCC2[C@H]3Cc4cccc5c4[C@@]2(CCN3CC2CC2)[C@H]1O5)NCC(=O)NCC(=O)NCC(=O)N[C@@H]1CCC2[C@H]3Cc4cccc5c4[C@@]2(CCN3CC2CC2)[C@H]1O5,ChEMBL
chembl-endpoint-20260529T111633Z,CHEMBL236,δ-opioid,pKi,Ki,CHEMBL3350138,O=C(CCC(=O)NCC(=O)N[C@@H]1CC[C@@]2(O)[C@H]3Cc4ccc(O)c5c4[C@@]2(CCN3CC2CC2)[C@H]1O5)NCC(=O)N[C@@H]1CC[C@@]2(O)[C@H]3Cc4ccc(O)c5c4[C@@]2(CCN3CC2CC2)[C@H]1O5,8.10790539730952,7.8,train,O=C(CCC(=O)NCC(=O)N[C@@H]1CCC2[C@H]3Cc4cccc5c4[C@@]2(CCN3CC2CC2)[C@H]1O5)NCC(=O)N[C@@H]1CCC2[C@H]3Cc4cccc5c4[C@@]2(CCN3CC2CC2)[C@H]1O5,ChEMBL
chembl-endpoint-20260529T111633Z,CHEMBL236,δ-opioid,pKi,Ki,CHEMBL3350140,CN1CC[C@]23c4c5ccc(O)c4O[C@@H]2[C@H](NC(=O)CNC(=O)CNC(=O)CNC(=O)CCC(=O)NCC(=O)NCC(=O)NCC(=O)N[C@@H]2CC[C@]4(O)[C@H]6Cc7ccc(O)c8c7[C@@]4(CCN6C)[C@@H]2O8)CC[C@]3(O)[C@H]1C5,7.376750709602099,42.0,train,O=C(CCC(=O)NCC(=O)NCC(=O)NCC(=O)N[C@@H]1CCC2[C@H]3Cc4cccc5c4[C@@]2(CCN3)[C@@H]1O5)NCC(=O)NCC(=O)NCC(=O)N[C@@H]1CCC2[C@H]3Cc4cccc5c4[C@@]2(CCN3)[C@@H]1O5,ChEMBL
chembl-endpoint-20260529T111633Z,CHEMBL236,δ-opioid,pKi,Ki,CHEMBL349636,C[C@@H]1CO[C@@]23CCC4(C[C@H]12)C1Cc2ccc(O)c5c2C4(CCN1CC1CC1)[C@H]3O5,8.920818753952375,1.2,train,c1cc2c3c(c1)O[C@@H]1C34CCN(CC3CC3)C(C2)C42CC[C@@]13OCC[C@H]3C2,ChEMBL
chembl-endpoint-20260529T111633Z,CHEMBL236,δ-opioid,pKi,Ki,CHEMBL353979,COC12CCC3(CC1C(C)(C)O)C1Cc4ccc(O)c5c4C3(CCN1CC1CC1)C2O5,9.522878745280337,0.3,train,c1cc2c3c(c1)OC1C4CCC5(CC4)C(C2)N(CC2CC2)CCC315,ChEMBL
chembl-endpoint-20260529T111633Z,CHEMBL236,δ-opioid,pKi,Ki,CHEMBL413729,CC[C@H](C)[C@H](NC(=O)[C@H](CCCN=C(N)N)NC(=O)[C@H](CCCN=C(N)N)NC(=O)[C@H](CC(C)C)NC(=O)[C@H](Cc1ccccc1)NC(=O)[C@@H]1CCCN1C(=O)CNC(=O)[C@@H](N)Cc1ccc(O)cc1)C(=O)N[C@@H](CCCN=C(N)N)C(=O)N1CCC[C@@H]1C(=O)N[C@@H](CCCCN)C(N)=O,5.050609993355087,8900.0,train,O=C(CCc1ccccc1)NCC(=O)N1CCC[C@H]1C(=O)N[C@@H](Cc1ccccc1)C(=O)NCC(=O)NCC(=O)NCC(=O)NCC(=O)NCC(=O)N1CCCC1,ChEMBL
chembl-endpoint-20260529T111633Z,CHEMBL236,δ-opioid,pKi,Ki,CHEMBL419179,N[C@@H](c1cc(F)cc(F)c1)[C@@H]1CCN1C(c1ccccc1)c1ccccc1,5.020770406977845,9533.0,train,c1ccc(C[C@@H]2CCN2C(c2ccccc2)c2ccccc2)cc1,ChEMBL
chembl-endpoint-20260529T111633Z,CHEMBL236,δ-opioid,pKi,Ki,CHEMBL419621,CCNC(=O)c1ccc(C(=C2CC3CCC(C2)N3CCc2ccccc2)c2cccc(O)c2)cc1,8.3829996588791,4.14,train,c1ccc(CCN2C3CCC2CC(=C(c2ccccc2)c2ccccc2)C3)cc1,ChEMBL
chembl-endpoint-20260529T111633Z,CHEMBL236,δ-opioid,pKi,Ki,CHEMBL431060,COc1ccc(CNC(=O)c2ccc3[nH]c4c(c3c2)C[C@@]2(O)C3Cc5ccc(O)c6c5[C@@]2(CCN3CC2CC2)[C@H]4O6)cc1,8.130181792020672,7.41,train,O=C(NCc1ccccc1)c1ccc2[nH]c3c(c2c1)CC1C2Cc4cccc5c4[C@@]1(CCN2CC1CC1)[C@H]3O5,ChEMBL
chembl-endpoint-20260529T111633Z,CHEMBL236,δ-opioid,pKi,Ki,CHEMBL431445,N[C@@H](c1cccc(F)c1)[C@@H]1CCN1C(c1ccccc1)c1ccccc1,5.534171184642563,2923.0,train,c1ccc(C[C@@H]2CCN2C(c2ccccc2)c2ccccc2)cc1,ChEMBL
chembl-endpoint-20260529T111633Z,CHEMBL236,δ-opioid,pKi,Ki,CHEMBL432403,CCCCCCC/N=C(\N)Cc1ccc2[nH]c3c(c2c1)C[C@@]1(O)C2Cc4ccc(O)c5c4[C@@]1(CCN2CC1CC1)[C@H]3O5,8.134896025358872,7.33,train,c1cc2c3c(c1)O[C@H]1c4[nH]c5ccccc5c4CC4C(C2)N(CC2CC2)CC[C@@]341,ChEMBL
chembl-endpoint-20260529T111633Z,CHEMBL236,δ-opioid,pKi,Ki,CHEMBL433500,CCNC(=O)c1ccc(C(=C2CC3CCC(C2)N3Cc2ccccc2Cl)c2cccc(O)c2)cc1,8.679853713888946,2.09,train,c1ccc(CN2C3CCC2CC(=C(c2ccccc2)c2ccccc2)C3)cc1,ChEMBL
chembl-endpoint-20260529T111633Z,CHEMBL236,δ-opioid,pKi,Ki,CHEMBL434018,C=CCN1C2CCC1CC(=C(c1ccc(C(=O)NCC)cc1)c1cccc(O)c1)C2,9.415668775632469,0.384,train,c1ccc(C(=C2CC3CCC(C2)N3)c2ccccc2)cc1,ChEMBL
chembl-endpoint-20260529T111633Z,CHEMBL236,δ-opioid,pKi,Ki,CHEMBL448155,COc1ccc([C@H](N)[C@@H]2CCN2C(c2ccccc2)c2ccccc2)cc1,5.5347659050119855,2919.0,train,c1ccc(C[C@@H]2CCN2C(c2ccccc2)c2ccccc2)cc1,ChEMBL
chembl-endpoint-20260529T111633Z,CHEMBL236,δ-opioid,pKi,Ki,CHEMBL477154,Cn1c2c(c3ccccc31)C[C@@]1(O)[C@H]3Cc4ccc(O)c5c4[C@@]1(CCN3CC1CC1)[C@H]2O5,10.698970004336019,0.02,train,c1cc2c3c(c1)O[C@H]1c4[nH]c5ccccc5c4CC4[C@@H](C2)N(CC2CC2)CC[C@@]341,ChEMBL
chembl-endpoint-20260529T111633Z,CHEMBL236,δ-opioid,pKi,Ki,CHEMBL511142,CO[C@@]12CC[C@@]3(C[C@@H]1[C@](C)(O)C(C)(C)C)[C@H]1Cc4ccc(O)c5c4[C@@]3(CCN1CC1CC1)[C@H]2O5,8.795880017344075,1.6,train,c1cc2c3c(c1)O[C@H]1C4CCC5(CC4)[C@@H](C2)N(CC2CC2)CC[C@]315,ChEMBL
chembl-endpoint-20260529T111633Z,CHEMBL236,δ-opioid,pKi,Ki,CHEMBL514693,COc1ccc2c3c1O[C@H]1c4[nH]c5ccccc5c4C[C@@]4(O)[C@@H](C2)N(CC2CC2)CC[C@]314,7.3979400086720375,40.0,train,c1cc2c3c(c1)O[C@H]1c4[nH]c5ccccc5c4CC4[C@@H](C2)N(CC2CC2)CC[C@@]341,ChEMBL
chembl-endpoint-20260529T111633Z,CHEMBL236,δ-opioid,pKi,Ki,CHEMBL554230,COCCC1CC2CN3CCc4c([nH]c5ccccc45)C(C(=O)OC)(C2)C13.Cl,5.455931955649724,3500.0,train,c1ccc2c3c([nH]c2c1)C1CC2CCC1N(CC3)C2,ChEMBL
chembl-endpoint-20260529T111633Z,CHEMBL236,δ-opioid,pKi,Ki,CHEMBL567175,Oc1ccc2c3c1O[C@H]1c4[nH]c5ccccc5c4C[C@@]4(O)[C@@H](C2)N(CC2CC2)CC[C@]314,10.522878745280337,0.03,train,c1cc2c3c(c1)O[C@H]1c4[nH]c5ccccc5c4CC4[C@@H](C2)N(CC2CC2)CC[C@@]341,ChEMBL
chembl-endpoint-20260529T111633Z,CHEMBL236,δ-opioid,pKi,Ki,CHEMBL573214,Oc1ccc2c3c1O[C@H]1c4[nH]c5c(c4C[C@@]4(O)[C@@H](C2)N(CC2CC2)CC[C@]314)C[C@@]1(O)[C@H]2Cc3ccc(O)c4c3[C@@]1(CCN2CC1CC1)[C@H]5O4,7.366531544420414,43.0,train,c1cc2c3c(c1)O[C@H]1c4[nH]c5c(c4CC4[C@@H](C2)N(CC2CC2)CC[C@@]341)CC1[C@H]2Cc3cccc4c3[C@@]1(CCN2CC1CC1)[C@H]5O4,ChEMBL
chembl-endpoint-20260529T111633Z,CHEMBL236,δ-opioid,pKi,Ki,CHEMBL607048,COCC[C@H]1CC2CN3CCc4c([nH]c5ccccc45)[C@](C(=O)OC)(C2)[C@H]13,5.455931955649724,3500.0,train,c1ccc2c3c([nH]c2c1)C1CC2CC[C@@H]1N(CC3)C2,ChEMBL
chembl-endpoint-20260529T111633Z,CHEMBL236,δ-opioid,pKi,Ki,CHEMBL610001,Cn1c2c(c3c1[C@@H]1Oc4c(O)ccc5c4[C@@]14CCN(CC1CC1)[C@H](C5)[C@]4(O)C3)C[C@@]1(O)[C@H]3Cc4ccc(O)c5c4[C@@]1(CCN3CC1CC1)[C@H]2O5,7.236572006437063,58.0,train,c1cc2c3c(c1)O[C@H]1c4[nH]c5c(c4CC4[C@@H](C2)N(CC2CC2)CC[C@@]341)CC1[C@H]2Cc3cccc4c3[C@@]1(CCN2CC1CC1)[C@H]5O4,ChEMBL
chembl-endpoint-20260529T111633Z,CHEMBL236,δ-opioid,pKi,Ki,CHEMBL610002,Oc1ccc2c3c1O[C@H]1C4=C(C[C@@]5(O)[C@@H](C2)N(CC2CC2)CC[C@]315)C(c1ccccc1)C1=C(O4)[C@@H]2Oc3c(O)ccc4c3[C@@]23CCN(CC2CC2)[C@H](C4)[C@]3(O)C1,8.0,10.0,train,c1ccc(C2C3=C(OC4=C2CC2[C@H]5Cc6cccc7c6[C@@]2(CCN5CC2CC2)[C@H]4O7)[C@@H]2Oc4cccc5c4[C@@]24CCN(CC2CC2)[C@H](C5)C4C3)cc1,ChEMBL
chembl-endpoint-20260529T111633Z,CHEMBL236,δ-opioid,pKi,Ki,CHEMBL610005,Oc1ccc2c3c1O[C@H]1c4sc5c(c4C[C@@]4(O)[C@@H](C2)N(CC2CC2)CC[C@]314)C[C@@]1(O)[C@H]2Cc3ccc(O)c4c3[C@@]1(CCN2CC1CC1)[C@H]5O4,7.113509274827518,77.0,train,c1cc2c3c(c1)O[C@H]1c4sc5c(c4CC4[C@@H](C2)N(CC2CC2)CC[C@@]341)CC1[C@H]2Cc3cccc4c3[C@@]1(CCN2CC1CC1)[C@H]5O4,ChEMBL
chembl-endpoint-20260529T111633Z,CHEMBL236,δ-opioid,pKi,Ki,CHEMBL610009,Oc1ccc2c3c1O[C@H]1c4[nH]c5c(Br)cccc5c4C[C@@]4(O)[C@@H](C2)N(CC2CC2)CC[C@]314,9.853871964321762,0.14,train,c1cc2c3c(c1)O[C@H]1c4[nH]c5ccccc5c4CC4[C@@H](C2)N(CC2CC2)CC[C@@]341,ChEMBL
chembl-endpoint-20260529T111633Z,CHEMBL236,δ-opioid,pKi,Ki,CHEMBL610015,Oc1ccc2c3c1O[C@H]1c4[nH]c5ccc(F)cc5c4C[C@@]4(O)[C@@H](C2)N(CC2CC2)CC[C@]314,9.045757490560675,0.9,train,c1cc2c3c(c1)O[C@H]1c4[nH]c5ccccc5c4CC4[C@@H](C2)N(CC2CC2)CC[C@@]341,ChEMBL
chembl-endpoint-20260529T111633Z,CHEMBL236,δ-opioid,pKi,Ki,CHEMBL610268,CCCCC(=N)NCc1ccc2[nH]c3c(c2c1)C[C@@]1(O)[C@H]2Cc4ccc(O)c5c4[C@@]1(CCN2CC1CC1)C3O5,8.259637310505756,5.5,train,c1cc2c3c(c1)OC1c4[nH]c5ccccc5c4CC4[C@@H](C2)N(CC2CC2)CC[C@]314,ChEMBL
chembl-endpoint-20260529T111633Z,CHEMBL236,δ-opioid,pKi,Ki,CHEMBL610290,Oc1ccc2c3c1O[C@H]1C4(CC[C@@]5(O)[C@@H](C2)N(CC2CC2)CC[C@]315)Oc1ccccc1O4,7.823908740944319,15.0,train,c1ccc2c(c1)OC1(CCC3[C@H]4Cc5cccc6c5[C@@]3(CCN4CC3CC3)[C@H]1O6)O2,ChEMBL
chembl-endpoint-20260529T111633Z,CHEMBL236,δ-opioid,pKi,Ki,CHEMBL610526,COc1cccc2c3c([nH]c12)[C@@H]1Oc2c(O)ccc4c2[C@@]12CCN(CC1CC1)[C@H](C4)[C@]2(O)C3,8.619788758288394,2.4,train,c1cc2c3c(c1)O[C@H]1c4[nH]c5ccccc5c4CC4[C@@H](C2)N(CC2CC2)CC[C@@]341,ChEMBL
chembl-endpoint-20260529T111633Z,CHEMBL236,δ-opioid,pKi,Ki,CHEMBL610550,Oc1ccc2c3c1O[C@H]1[C@@H](Nc4ccccc4)CC[C@@]4(O)[C@@H](C2)N(CC2CC2)CC[C@]314,8.823908740944319,1.5,train,c1ccc(N[C@H]2CCC3[C@H]4Cc5cccc6c5[C@@]3(CCN4CC3CC3)[C@H]2O6)cc1,ChEMBL
chembl-endpoint-20260529T111633Z,CHEMBL236,δ-opioid,pKi,Ki,CHEMBL63232,CCNC(=O)c1ccc(C(=C2CC3CCC(C2)N3Cc2ccccc2Cl)c2ccc(O)cc2)cc1,9.031517051446064,0.93,train,c1ccc(CN2C3CCC2CC(=C(c2ccccc2)c2ccccc2)C3)cc1,ChEMBL
chembl-endpoint-20260529T111633Z,CHEMBL236,δ-opioid,pKi,Ki,CHEMBL63309,CNC(=O)c1ccc(C(=C2CC3CCC(C2)N3CCc2ccccc2)c2ccccc2)cc1,7.886056647693163,13.0,train,c1ccc(CCN2C3CCC2CC(=C(c2ccccc2)c2ccccc2)C3)cc1,ChEMBL
chembl-endpoint-20260529T111633Z,CHEMBL236,δ-opioid,pKi,Ki,CHEMBL63912,CCNC(=O)c1ccc(C(=C2CC3CCC(C2)N3)c2ccc(O)cc2)cc1,8.346787486224656,4.5,train,c1ccc(C(=C2CC3CCC(C2)N3)c2ccccc2)cc1,ChEMBL
chembl-endpoint-20260529T111633Z,CHEMBL236,δ-opioid,pKi,Ki,CHEMBL64933,CCNC(=O)c1ccc(C(=C2CC3CCC(C2)N3)c2cccc(OC)c2)cc1,7.8807441107220635,13.16,train,c1ccc(C(=C2CC3CCC(C2)N3)c2ccccc2)cc1,ChEMBL
chembl-endpoint-20260529T111633Z,CHEMBL236,δ-opioid,pKi,Ki,CHEMBL65259,CCNC(=O)c1ccc(C(=C2CC3CCC(C2)N3CC=C(C)C)c2cccc(O)c2)cc1,8.694648630553376,2.02,train,c1ccc(C(=C2CC3CCC(C2)N3)c2ccccc2)cc1,ChEMBL
chembl-endpoint-20260529T111633Z,CHEMBL236,δ-opioid,pKi,Ki,CHEMBL66741,CCNC(=O)c1ccc(C(=C2CC3CCC(C2)N3Cc2cccs2)c2cccc(OC)c2)cc1,9.292429823902063,0.51,train,c1ccc(C(=C2CC3CCC(C2)N3Cc2cccs2)c2ccccc2)cc1,ChEMBL
chembl-endpoint-20260529T111633Z,CHEMBL236,δ-opioid,pKi,Ki,CHEMBL66955,NC(=O)c1ccc(C(=C2CC3CCC(C2)N3CCc2ccccc2)c2ccccc2)cc1,7.444905551421681,35.9,train,c1ccc(CCN2C3CCC2CC(=C(c2ccccc2)c2ccccc2)C3)cc1,ChEMBL
chembl-endpoint-20260529T111633Z,CHEMBL236,δ-opioid,pKi,Ki,CHEMBL67088,CCNC(=O)c1ccc(C(=C2CC3CCC(C2)N3CCOc2ccccc2)c2ccccc2)cc1,7.1979107421182675,63.4,train,c1ccc(OCCN2C3CCC2CC(=C(c2ccccc2)c2ccccc2)C3)cc1,ChEMBL
chembl-endpoint-20260529T111633Z,CHEMBL236,δ-opioid,pKi,Ki,CHEMBL67123,CCNC(=O)c1ccc(C(=C2CC3CCC(C2)N3CCc2ccccc2)c2ccc(OC)cc2)cc1,7.947306058075032,11.29,train,c1ccc(CCN2C3CCC2CC(=C(c2ccccc2)c2ccccc2)C3)cc1,ChEMBL
chembl-endpoint-20260529T111633Z,CHEMBL236,δ-opioid,pKi,Ki,CHEMBL67144,COCCNC(=O)c1ccc(C(=C2CC3CCC(C2)N3CCc2ccccc2)c2ccccc2)cc1,6.987162775294828,103.0,train,c1ccc(CCN2C3CCC2CC(=C(c2ccccc2)c2ccccc2)C3)cc1,ChEMBL
chembl-endpoint-20260529T111633Z,CHEMBL236,δ-opioid,pKi,Ki,CHEMBL67240,CCNC(=O)c1ccc(C(=C2CC3CCC(C2)N3CC=C(C)C)c2cccc(OC)c2)cc1,9.142667503568731,0.72,train,c1ccc(C(=C2CC3CCC(C2)N3)c2ccccc2)cc1,ChEMBL
chembl-endpoint-20260529T111633Z,CHEMBL236,δ-opioid,pKi,Ki,CHEMBL67289,CCNC(=O)c1ccc(C(=C2CC3CCC(C2)N3CCc2ccccc2)c2cccc(OC)c2)cc1,7.703554205793604,19.79,train,c1ccc(CCN2C3CCC2CC(=C(c2ccccc2)c2ccccc2)C3)cc1,ChEMBL
chembl-endpoint-20260529T111633Z,CHEMBL236,δ-opioid,pKi,Ki,CHEMBL67326,CCNC(=O)c1ccc(C(=C2CC3CCC(C2)N3Cc2cccs2)c2ccc(OC)cc2)cc1,8.87942606879415,1.32,train,c1ccc(C(=C2CC3CCC(C2)N3Cc2cccs2)c2ccccc2)cc1,ChEMBL
chembl-endpoint-20260529T111633Z,CHEMBL236,δ-opioid,pKi,Ki,CHEMBL67615,CCCNC(=O)c1ccc(C(=C2CC3CCC(C2)N3CCc2ccccc2)c2ccccc2)cc1,7.657577319177793,22.0,train,c1ccc(CCN2C3CCC2CC(=C(c2ccccc2)c2ccccc2)C3)cc1,ChEMBL
chembl-endpoint-20260529T111633Z,CHEMBL236,δ-opioid,pKi,Ki,CHEMBL67735,O=C(NCCF)c1ccc(C(=C2CC3CCC(C2)N3CCc2ccccc2)c2ccccc2)cc1,7.494850021680094,32.0,train,c1ccc(CCN2C3CCC2CC(=C(c2ccccc2)c2ccccc2)C3)cc1,ChEMBL
chembl-endpoint-20260529T111633Z,CHEMBL236,δ-opioid,pKi,Ki,CHEMBL67781,CC(C)(C)NC(=O)c1ccc(C(=C2CC3CCC(C2)N3CCc2ccccc2)c2ccccc2)cc1,6.453457336521869,352.0,train,c1ccc(CCN2C3CCC2CC(=C(c2ccccc2)c2ccccc2)C3)cc1,ChEMBL
chembl-endpoint-20260529T111633Z,CHEMBL236,δ-opioid,pKi,Ki,CHEMBL67790,CCNC(=O)c1ccc(C(=C2CC3CCC(C2)N3Cc2cccs2)c2ccc(O)cc2)cc1,9.602059991327963,0.25,train,c1ccc(C(=C2CC3CCC(C2)N3Cc2cccs2)c2ccccc2)cc1,ChEMBL
chembl-endpoint-20260529T111633Z,CHEMBL236,δ-opioid,pKi,Ki,CHEMBL67893,CCNC(=O)c1ccc(/C(=C2/C[C@H]3CC[C@@H](C2)N3C)c2ccccc2)cc1,8.1944991418416,6.39,train,c1ccc(C(=C2C[C@H]3CC[C@@H](C2)N3)c2ccccc2)cc1,ChEMBL
chembl-endpoint-20260529T111633Z,CHEMBL236,δ-opioid,pKi,Ki,CHEMBL67894,CCNC(=O)c1ccc(C(=C2CC3CCC(C2)N3CCCc2ccccc2)c2ccccc2)cc1,7.910094888560602,12.3,train,c1ccc(CCCN2C3CCC2CC(=C(c2ccccc2)c2ccccc2)C3)cc1,ChEMBL
chembl-endpoint-20260529T111633Z,CHEMBL236,δ-opioid,pKi,Ki,CHEMBL68341,CCNC(=O)c1ccc(/C(=C2\C[C@H]3CC[C@@H](C2)N3C)c2ccccc2)cc1,6.534617148551582,292.0,train,c1ccc(C(=C2C[C@H]3CC[C@@H](C2)N3)c2ccccc2)cc1,ChEMBL
chembl-endpoint-20260529T111633Z,CHEMBL236,δ-opioid,pKi,Ki,CHEMBL68342,C=CCN1[C@@H]2CC[C@H]1C/C(=C(/c1ccccc1)c1ccc(C(=O)NCC)cc1)C2,8.649751981665837,2.24,train,c1ccc(C(=C2C[C@H]3CC[C@@H](C2)N3)c2ccccc2)cc1,ChEMBL
chembl-endpoint-20260529T111633Z,CHEMBL236,δ-opioid,pKi,Ki,CHEMBL68358,CCCCNC(=O)c1ccc(C(=C2CC3CCC(C2)N3CCc2ccccc2)c2ccccc2)cc1,7.30715308072277,49.3,train,c1ccc(CCN2C3CCC2CC(=C(c2ccccc2)c2ccccc2)C3)cc1,ChEMBL
chembl-endpoint-20260529T111633Z,CHEMBL236,δ-opioid,pKi,Ki,CHEMBL68412,CCNC(=O)c1ccc(C(=C2CC3CCC(C2)N3Cc2cccs2)c2cccc(O)c2)cc1,9.818156412055227,0.152,train,c1ccc(C(=C2CC3CCC(C2)N3Cc2cccs2)c2ccccc2)cc1,ChEMBL
chembl-endpoint-20260529T111633Z,CHEMBL236,δ-opioid,pKi,Ki,CHEMBL80,C=CCN1CC[C@]23c4c5ccc(O)c4O[C@H]2C(=O)CC[C@@]3(O)[C@H]1C5,7.431798275933005,37.0,train,O=C1CCC2[C@H]3Cc4cccc5c4[C@@]2(CCN3)[C@H]1O5,ChEMBL
chembl-endpoint-20260529T111633Z,CHEMBL236,δ-opioid,pKi,Ki,CHEMBL91683,CC(=N)NCCc1ccc2[nH]c3c(c2c1)C[C@@]1(O)C2Cc4ccc(O)c5c4[C@@]1(CCN2CC1CC1)[C@H]3O5,7.669992299127241,21.38,train,c1cc2c3c(c1)O[C@H]1c4[nH]c5ccccc5c4CC4C(C2)N(CC2CC2)CC[C@@]341,ChEMBL
chembl-endpoint-20260529T111633Z,CHEMBL238,DAT,pIC50,IC50,CHEMBL100010,COC(=O)C1=C(c2ccccc2)CC2CCC1C2,5.418391633967943,3816.0,external,C1=C(c2ccccc2)CC2CCC1C2,ChEMBL
chembl-endpoint-20260529T111633Z,CHEMBL238,DAT,pIC50,IC50,CHEMBL101986,COC(=O)c1ccccc1-c1ccc(Cl)cc1,6.170696227168975,675.0,external,c1ccc(-c2ccccc2)cc1,ChEMBL
chembl-endpoint-20260529T111633Z,CHEMBL238,DAT,pIC50,IC50,CHEMBL103138,COC(=O)c1ccccc1-c1ccc(F)cc1,4.795880017344075,16000.0,external,c1ccc(-c2ccccc2)cc1,ChEMBL
chembl-endpoint-20260529T111633Z,CHEMBL238,DAT,pIC50,IC50,CHEMBL103919,COC(=O)[C@@H]1C2CCC(C2)CC1c1ccc(Cl)c(Cl)c1,7.376750709602099,42.0,external,c1ccc(C2CC3CCC(C3)C2)cc1,ChEMBL
chembl-endpoint-20260529T111633Z,CHEMBL238,DAT,pIC50,IC50,CHEMBL103936,COC(=O)c1ccccc1-c1ccc2ccccc2c1,6.838631997765025,145.0,external,c1ccc(-c2ccc3ccccc3c2)cc1,ChEMBL
chembl-endpoint-20260529T111633Z,CHEMBL238,DAT,pIC50,IC50,CHEMBL123252,CN(CCCc1ccccc1)CCCN(C)CCOC(c1ccccc1)c1ccccc1,6.6252516539898965,237.0,external,c1ccc(CCCNCCCNCCOC(c2ccccc2)c2ccccc2)cc1,ChEMBL
chembl-endpoint-20260529T111633Z,CHEMBL238,DAT,pIC50,IC50,CHEMBL1790051,COC(=O)[C@@H]1C2CC[C@H](C[C@@H]1c1ccccc1)N2C.Cl,6.428291168191312,373.0,external,c1ccc([C@@H]2CC3CC[C@H](C2)N3)cc1,ChEMBL
chembl-endpoint-20260529T111633Z,CHEMBL238,DAT,pIC50,IC50,CHEMBL2111614,COC(=O)[C@H]1C2CCC(C2)C[C@@H]1c1ccc(Cl)c(Cl)c1,7.886056647693163,13.0,external,c1ccc(C2CC3CCC(C3)C2)cc1,ChEMBL
chembl-endpoint-20260529T111633Z,CHEMBL238,DAT,pIC50,IC50,CHEMBL300226,COC(=O)C1C2CC[C@H](C[C@@H]1c1ccc(I)cc1)N2C,8.96657624451305,1.08,external,c1ccc([C@@H]2CC3CC[C@H](C2)N3)cc1,ChEMBL
chembl-endpoint-20260529T111633Z,CHEMBL238,DAT,pIC50,IC50,CHEMBL318592,COC(=O)C1C2CCC(C2)CC1c1ccccc1,6.104025267640935,787.0,external,c1ccc(C2CC3CCC(C3)C2)cc1,ChEMBL
chembl-endpoint-20260529T111633Z,CHEMBL238,DAT,pIC50,IC50,CHEMBL319523,COC(=O)C1C2CCC(C2)CC1c1ccc(F)cc1,6.474955192963154,335.0,external,c1ccc(C2CC3CCC(C3)C2)cc1,ChEMBL
chembl-endpoint-20260529T111633Z,CHEMBL238,DAT,pIC50,IC50,CHEMBL322923,COC(=O)C1=C(c2ccc(Cl)c(Cl)c2)CC2CCC1C2,8.148741651280925,7.1,external,C1=C(c2ccccc2)CC2CCC1C2,ChEMBL
chembl-endpoint-20260529T111633Z,CHEMBL238,DAT,pIC50,IC50,CHEMBL327963,COC(=O)C1=C(c2ccc(F)cc2)CC2CCC1C2,6.4089353929735005,390.0,external,C1=C(c2ccccc2)CC2CCC1C2,ChEMBL
chembl-endpoint-20260529T111633Z,CHEMBL238,DAT,pIC50,IC50,CHEMBL388545,COC(=O)[C@@H]1C2CCC(C2)C[C@@H]1c1ccc(Cl)c(Cl)c1,7.853871964321762,14.0,external,c1ccc(C2CC3CCC(C3)C2)cc1,ChEMBL
chembl-endpoint-20260529T111633Z,CHEMBL238,DAT,pIC50,IC50,CHEMBL417035,Fc1ccc(CCNCC2CCCN(CCOC(c3ccccc3)c3ccccc3)C2)cc1,6.438898616350944,364.0,external,c1ccc(CCNCC2CCCN(CCOC(c3ccccc3)c3ccccc3)C2)cc1,ChEMBL
chembl-endpoint-20260529T111633Z,CHEMBL238,DAT,pIC50,IC50,CHEMBL417049,CN(CCOC(c1ccccc1)c1ccccc1)C1CCN(CCCc2ccccc2)CC1,6.481486060122113,330.0,external,c1ccc(CCCN2CCC(NCCOC(c3ccccc3)c3ccccc3)CC2)cc1,ChEMBL
chembl-endpoint-20260529T111633Z,CHEMBL238,DAT,pIC50,IC50,CHEMBL432727,CN1C2CCC1C(C(=O)NCCCCCCNC(=O)C1C(c3ccc(Cl)cc3)CC3CCC1N3C)C(c1ccc(Cl)cc1)C2,5.853561864714226,1401.0,external,O=C(NCCCCCCNC(=O)C1C2CCC(CC1c1ccccc1)N2)C1C2CCC(CC1c1ccccc1)N2,ChEMBL
chembl-endpoint-20260529T111633Z,CHEMBL238,DAT,pIC50,IC50,CHEMBL610897,COC(=O)C1C2CC[C@H](C[C@@H]1c1ccc(Cl)cc1)N2C,8.494850021680094,3.2,external,c1ccc([C@@H]2CC3CC[C@H](C2)N3)cc1,ChEMBL
chembl-endpoint-20260529T111633Z,CHEMBL238,DAT,pIC50,IC50,CHEMBL67078,c1ccc(CCCNCC2CCCN(CCOC(c3ccccc3)c3ccccc3)C2)cc1,6.978810700930062,105.0,external,c1ccc(CCCNCC2CCCN(CCOC(c3ccccc3)c3ccccc3)C2)cc1,ChEMBL
chembl-endpoint-20260529T111633Z,CHEMBL238,DAT,pIC50,IC50,CHEMBL69380,CN(CCc1ccc(F)cc1)CC1CCCN(CCOC(c2ccccc2)c2ccccc2)C1,5.8996294548824375,1260.0,external,c1ccc(CCNCC2CCCN(CCOC(c3ccccc3)c3ccccc3)C2)cc1,ChEMBL
chembl-endpoint-20260529T111633Z,CHEMBL238,DAT,pIC50,IC50,CHEMBL121027,CN(CCOC(c1ccccc1)c1ccccc1)CCN(C)CCc1ccc(F)cc1,6.924453038607469,119.0,scaffold_test,c1ccc(CCNCCNCCOC(c2ccccc2)c2ccccc2)cc1,ChEMBL
chembl-endpoint-20260529T111633Z,CHEMBL238,DAT,pIC50,IC50,CHEMBL2079586,COC(=O)[C@H]1[C@@H](c2ccc(F)cc2)C[C@H]2CC[C@H]1N2C,7.889410289700751,12.9,scaffold_test,c1ccc(C2C[C@H]3CC[C@H](C2)N3)cc1,ChEMBL
chembl-endpoint-20260529T111633Z,CHEMBL238,DAT,pIC50,IC50,CHEMBL303266,CN1C2CCC1C(C(=O)NCCCNC(=O)C1C(c3ccc(Cl)cc3)CC3CCC1N3C)C(c1ccc(Cl)cc1)C2,7.282329496997738,52.2,scaffold_test,O=C(NCCCNC(=O)C1C2CCC(CC1c1ccccc1)N2)C1C2CCC(CC1c1ccccc1)N2,ChEMBL
chembl-endpoint-20260529T111633Z,CHEMBL238,DAT,pIC50,IC50,CHEMBL307314,CN1C2CCC1C(C(=O)NCCCCCCCCNC(=O)C1C(c3ccc(Cl)cc3)CC3CCC1N3C)C(c1ccc(Cl)cc1)C2,6.059981844992337,871.0,scaffold_test,O=C(NCCCCCCCCNC(=O)C1C2CCC(CC1c1ccccc1)N2)C1C2CCC(CC1c1ccccc1)N2,ChEMBL
chembl-endpoint-20260529T111633Z,CHEMBL238,DAT,pIC50,IC50,CHEMBL339481,CCC(O[C@H]1CC2CCC(C1C(=O)OC)N2C)c1ccccc1,5.8297382846050425,1480.0,scaffold_test,c1ccc(COC2CC3CCC(C2)N3)cc1,ChEMBL
chembl-endpoint-20260529T111633Z,CHEMBL238,DAT,pIC50,IC50,CHEMBL415522,OC1(c2ccc3c(c2)OCCO3)c2ccccc2C2=NCCN21,5.8996294548824375,1260.0,scaffold_test,c1ccc2c(c1)C1=NCCN1C2c1ccc2c(c1)OCCO2,ChEMBL
chembl-endpoint-20260529T111633Z,CHEMBL238,DAT,pIC50,IC50,CHEMBL607430,COC(=O)C1C2CC[C@H](C[C@@H]1OC(c1ccc(F)cc1)c1ccc(F)cc1)N2C,4.6595558851598815,21900.0,scaffold_test,c1ccc(C(O[C@@H]2CC3CC[C@H](C2)N3)c2ccccc2)cc1,ChEMBL
chembl-endpoint-20260529T111633Z,CHEMBL238,DAT,pIC50,IC50,CHEMBL607431,COC(=O)[C@@H]1[C@H]2CCC(C[C@H]1OC(c1ccc(F)cc1)c1ccc(F)cc1)N2C,5.471083299722345,3380.0,scaffold_test,c1ccc(C(O[C@@H]2CC3CC[C@H](C2)N3)c2ccccc2)cc1,ChEMBL
chembl-endpoint-20260529T111633Z,CHEMBL238,DAT,pIC50,IC50,CHEMBL66112,Fc1ccc(CCN2CCCC(CNCCOC(c3ccccc3)c3ccccc3)C2)cc1,6.301029995663981,500.0,scaffold_test,c1ccc(CCN2CCCC(CNCCOC(c3ccccc3)c3ccccc3)C2)cc1,ChEMBL
chembl-endpoint-20260529T111633Z,CHEMBL238,DAT,pIC50,IC50,CHEMBL67024,Fc1ccc(CCNC2CCN(CCOC(c3ccccc3)c3ccccc3)CC2)cc1,6.494850021680094,320.0,scaffold_test,c1ccc(CCNC2CCN(CCOC(c3ccccc3)c3ccccc3)CC2)cc1,ChEMBL
chembl-endpoint-20260529T111633Z,CHEMBL238,DAT,pIC50,IC50,CHEMBL102144,COC(=O)c1ccccc1-c1ccc(-c2ccc(Br)cc2)cc1,6.0,1000.0,train,c1ccc(-c2ccc(-c3ccccc3)cc2)cc1,ChEMBL
chembl-endpoint-20260529T111633Z,CHEMBL238,DAT,pIC50,IC50,CHEMBL103152,COC(=O)C1=C(c2ccc3ccccc3c2)CC2CCC1C2,7.958607314841775,11.0,train,C1=C(c2ccc3ccccc3c2)CC2CCC1C2,ChEMBL
chembl-endpoint-20260529T111633Z,CHEMBL238,DAT,pIC50,IC50,CHEMBL109776,O=C(CC1CCN(Cc2ccc(F)cc2)CC1)NC(c1ccccc1)c1ccccc1,5.493089274448482,3213.0,train,O=C(CC1CCN(Cc2ccccc2)CC1)NC(c1ccccc1)c1ccccc1,ChEMBL
chembl-endpoint-20260529T111633Z,CHEMBL238,DAT,pIC50,IC50,CHEMBL110530,Fc1ccc(CN2CCC(CCNC(c3ccccc3)c3ccccc3)CC2)cc1,7.522878745280337,30.0,train,c1ccc(CN2CCC(CCNC(c3ccccc3)c3ccccc3)CC2)cc1,ChEMBL
chembl-endpoint-20260529T111633Z,CHEMBL238,DAT,pIC50,IC50,CHEMBL1201203,CN1[C@@H]2CC[C@H]1C[C@@H](OC(c1ccccc1)c1ccccc1)C2,6.505845405981558,312.0,train,c1ccc(C(O[C@H]2C[C@H]3CC[C@@H](C2)N3)c2ccccc2)cc1,ChEMBL
chembl-endpoint-20260529T111633Z,CHEMBL238,DAT,pIC50,IC50,CHEMBL120633,COC(=O)[C@@H]1C2CCC(C[C@@H]1C(=O)Oc1ccccc1)N2C.Cc1ccc(C(=O)C2CN(C)CCC2(O)c2ccc(C)cc2)cc1,6.327902142064283,470.0,train,O=C(Oc1ccccc1)C1CC2CCC(C1)N2.O=C(c1ccccc1)C1CNCCC1c1ccccc1,ChEMBL
chembl-endpoint-20260529T111633Z,CHEMBL238,DAT,pIC50,IC50,CHEMBL120901,COC(=O)[C@@H]1C2CCC(C[C@@H]1C(=O)Oc1ccccc1)N2C,6.455931955649724,350.0,train,O=C(Oc1ccccc1)C1CC2CCC(C1)N2,ChEMBL
chembl-endpoint-20260529T111633Z,CHEMBL238,DAT,pIC50,IC50,CHEMBL121460,CN(CCOC(c1ccc(F)cc1)c1ccc(F)cc1)CCN(C)CCOC(c1ccc(F)cc1)c1ccc(F)cc1,6.080921907623926,830.0,train,c1ccc(C(OCCNCCNCCOC(c2ccccc2)c2ccccc2)c2ccccc2)cc1,ChEMBL
chembl-endpoint-20260529T111633Z,CHEMBL238,DAT,pIC50,IC50,CHEMBL121611,Fc1ccc(C(OCCNCCCNCCc2ccccc2)c2ccc(F)cc2)cc1,7.167491087293763,68.0,train,c1ccc(CCNCCCNCCOC(c2ccccc2)c2ccccc2)cc1,ChEMBL
chembl-endpoint-20260529T111633Z,CHEMBL238,DAT,pIC50,IC50,CHEMBL122452,CN(CCCN(C)CCc1ccccc1)CCOC(c1ccccc1)c1ccccc1,6.45717457304082,349.0,train,c1ccc(CCNCCCNCCOC(c2ccccc2)c2ccccc2)cc1,ChEMBL
chembl-endpoint-20260529T111633Z,CHEMBL238,DAT,pIC50,IC50,CHEMBL123830,O=C(Cc1ccc(F)cc1)NCCNCCOC(c1ccc(F)cc1)c1ccc(F)cc1,7.327902142064283,47.0,train,O=C(Cc1ccccc1)NCCNCCOC(c1ccccc1)c1ccccc1,ChEMBL
chembl-endpoint-20260529T111633Z,CHEMBL238,DAT,pIC50,IC50,CHEMBL124278,COC(=O)C1C2CCC(C[C@@H]1OC(c1ccc(Br)cc1)c1ccc(Br)cc1)N2C,7.142667503568732,72.0,train,c1ccc(C(OC2CC3CCC(C2)N3)c2ccccc2)cc1,ChEMBL
chembl-endpoint-20260529T111633Z,CHEMBL238,DAT,pIC50,IC50,CHEMBL125140,COC(=O)C1C2CCC(C[C@@H]1OC(c1ccccc1)c1ccc(C)cc1)N2C,7.305394801066432,49.5,train,c1ccc(C(OC2CC3CCC(C2)N3)c2ccccc2)cc1,ChEMBL
chembl-endpoint-20260529T111633Z,CHEMBL238,DAT,pIC50,IC50,CHEMBL125871,COC(=O)C1C2CCC(C[C@@H]1OC(c1ccc(F)cc1)c1ccc(F)cc1)N2CCCc1ccc(I)cc1,6.924453038607469,119.0,train,c1ccc(CCCN2C3CCC2CC(OC(c2ccccc2)c2ccccc2)C3)cc1,ChEMBL
chembl-endpoint-20260529T111633Z,CHEMBL238,DAT,pIC50,IC50,CHEMBL125954,COC(=O)C1C2CCC(C[C@@H]1OC(c1ccc(F)cc1)c1ccc(F)cc1)N2CCCc1ccccc1,7.657577319177793,22.0,train,c1ccc(CCCN2C3CCC2CC(OC(c2ccccc2)c2ccccc2)C3)cc1,ChEMBL
chembl-endpoint-20260529T111633Z,CHEMBL238,DAT,pIC50,IC50,CHEMBL126100,COC(=O)C1C2CCC(C[C@@H]1OC(c1ccc(F)cc1)c1ccc(F)cc1)N2,7.692503962086787,20.3,train,c1ccc(C(OC2CC3CCC(C2)N3)c2ccccc2)cc1,ChEMBL
chembl-endpoint-20260529T111633Z,CHEMBL238,DAT,pIC50,IC50,CHEMBL129832,COc1ccc(C2(O)c3ccccc3C3=NCCN32)cc1,6.958607314841775,110.0,train,c1ccc(C2c3ccccc3C3=NCCN32)cc1,ChEMBL
chembl-endpoint-20260529T111633Z,CHEMBL238,DAT,pIC50,IC50,CHEMBL130477,OC1(c2ccc(Cl)cc2)c2ccccc2C2=NCCCN21,8.431798275933005,3.7,train,c1ccc(C2c3ccccc3C3=NCCCN32)cc1,ChEMBL
chembl-endpoint-20260529T111633Z,CHEMBL238,DAT,pIC50,IC50,CHEMBL130593,OC1(c2ccc(Cl)cc2)c2c(ccc3ccccc23)C2=NCCN21,6.661543506395395,218.0,train,c1ccc(C2c3c(ccc4ccccc34)C3=NCCN32)cc1,ChEMBL
chembl-endpoint-20260529T111633Z,CHEMBL238,DAT,pIC50,IC50,CHEMBL130668,Oc1ccc(C2(O)c3ccccc3C3=NCCCN32)cc1,7.229147988357855,59.0,train,c1ccc(C2c3ccccc3C3=NCCCN32)cc1,ChEMBL
chembl-endpoint-20260529T111633Z,CHEMBL238,DAT,pIC50,IC50,CHEMBL130877,OC1(c2ccc(Cl)cc2)c2cc3ccccc3cc2C2=NCCN21,7.442492798094342,36.1,train,c1ccc(C2c3cc4ccccc4cc3C3=NCCN32)cc1,ChEMBL
chembl-endpoint-20260529T111633Z,CHEMBL238,DAT,pIC50,IC50,CHEMBL132082,COc1ccc2c(c1)C(O)(c1ccc(Cl)cc1)N1CCN=C21,7.876148359032914,13.3,train,c1ccc(C2c3ccccc3C3=NCCN32)cc1,ChEMBL
chembl-endpoint-20260529T111633Z,CHEMBL238,DAT,pIC50,IC50,CHEMBL132676,OC1(c2ccc3ccccc3c2)c2ccccc2C2=NCCN21,8.387216143280265,4.1,train,c1ccc2c(c1)C1=NCCN1C2c1ccc2ccccc2c1,ChEMBL
chembl-endpoint-20260529T111633Z,CHEMBL238,DAT,pIC50,IC50,CHEMBL132683,COC(=O)C1C(c2ccc(O)c(O)c2)CC2CCC1N2C,6.391473966422806,406.0,train,c1ccc(C2CC3CCC(C2)N3)cc1,ChEMBL
chembl-endpoint-20260529T111633Z,CHEMBL238,DAT,pIC50,IC50,CHEMBL132713,OC1(c2cccc3ccccc23)c2ccccc2C2=NCCN21,5.734946211495985,1841.0,train,c1ccc2c(c1)C1=NCCN1C2c1cccc2ccccc12,ChEMBL
chembl-endpoint-20260529T111633Z,CHEMBL238,DAT,pIC50,IC50,CHEMBL132954,COc1cccc2c1C(O)(c1ccc(Cl)cc1)N1CCN=C21,7.1732774798310075,67.1,train,c1ccc(C2c3ccccc3C3=NCCN32)cc1,ChEMBL
chembl-endpoint-20260529T111633Z,CHEMBL238,DAT,pIC50,IC50,CHEMBL132955,OC1(c2ccc(Cl)cc2)c2cc(Cl)c(Cl)cc2C2=NCCN21,8.221848749616356,6.0,train,c1ccc(C2c3ccccc3C3=NCCN32)cc1,ChEMBL
chembl-endpoint-20260529T111633Z,CHEMBL238,DAT,pIC50,IC50,CHEMBL132962,CC1(c2ccc(Cl)cc2)c2ccccc2C2=NCCCN21,6.903089986991944,125.0,train,c1ccc(C2c3ccccc3C3=NCCCN32)cc1,ChEMBL
chembl-endpoint-20260529T111633Z,CHEMBL238,DAT,pIC50,IC50,CHEMBL133043,COc1ccc(C2(O)c3ccccc3C3=NCCCN32)cc1,7.517126416391246,30.4,train,c1ccc(C2c3ccccc3C3=NCCCN32)cc1,ChEMBL
chembl-endpoint-20260529T111633Z,CHEMBL238,DAT,pIC50,IC50,CHEMBL133646,OC1(c2ccc(Cl)cc2)c2ccc3ccccc3c2C2=NCCN21,7.97469413473523,10.6,train,c1ccc(C2c3ccc4ccccc4c3C3=NCCN32)cc1,ChEMBL
chembl-endpoint-20260529T111633Z,CHEMBL238,DAT,pIC50,IC50,CHEMBL133902,OC1(c2ccccc2)c2ccccc2C2=NCCN21,6.136677139879544,730.0,train,c1ccc(C2c3ccccc3C3=NCCN32)cc1,ChEMBL
chembl-endpoint-20260529T111633Z,CHEMBL238,DAT,pIC50,IC50,CHEMBL137020,Fc1ccc(C(OCCC2CCN(Cc3cc4ccccc4s3)CC2)c2ccc(F)cc2)cc1,7.924453038607469,11.9,train,c1ccc(C(OCCC2CCN(Cc3cc4ccccc4s3)CC2)c2ccccc2)cc1,ChEMBL
chembl-endpoint-20260529T111633Z,CHEMBL238,DAT,pIC50,IC50,CHEMBL14391,COC(=O)C1C(c2ccc(I)cc2)CC2CCC1N2C,8.899629454882437,1.26,train,c1ccc(C2CC3CCC(C2)N3)cc1,ChEMBL
chembl-endpoint-20260529T111633Z,CHEMBL238,DAT,pIC50,IC50,CHEMBL173594,C/C=C/c1ccc([C@H]2CC3CCC([C@H]2C(=O)OC)N3C)cc1,7.552841968657781,28.0,train,c1ccc(C2CC3CCC(C2)N3)cc1,ChEMBL
chembl-endpoint-20260529T111633Z,CHEMBL238,DAT,pIC50,IC50,CHEMBL20648,Fc1ccc(CN2CCC(CCOC(c3ccccc3)c3ccccc3)CC2)cc1,7.424812155072339,37.6,train,c1ccc(CN2CCC(CCOC(c3ccccc3)c3ccccc3)CC2)cc1,ChEMBL
chembl-endpoint-20260529T111633Z,CHEMBL238,DAT,pIC50,IC50,CHEMBL2111613,COC(=O)[C@H]1C2CCC(C2)C[C@@H]1c1ccc2ccccc2c1,7.769551078621726,17.0,train,c1ccc2cc(C3CC4CCC(C4)C3)ccc2c1,ChEMBL
chembl-endpoint-20260529T111633Z,CHEMBL238,DAT,pIC50,IC50,CHEMBL2112412,COC(=O)[C@@H]1C2CCC(C2)C[C@@H]1c1ccc2ccccc2c1,7.568636235841013,27.0,train,c1ccc2cc(C3CC4CCC(C4)C3)ccc2c1,ChEMBL
chembl-endpoint-20260529T111633Z,CHEMBL238,DAT,pIC50,IC50,CHEMBL2112594,O=C(CCc1ccccc1)NCCNCCOC(c1ccc(F)cc1)c1ccc(F)cc1,7.045757490560675,90.0,train,O=C(CCc1ccccc1)NCCNCCOC(c1ccccc1)c1ccccc1,ChEMBL
chembl-endpoint-20260529T111633Z,CHEMBL238,DAT,pIC50,IC50,CHEMBL2112595,O=C(CCc1ccc(Br)cc1)N/C=C/NCCOC(c1ccc(F)cc1)c1ccc(F)cc1,5.860120913598763,1380.0,train,O=C(CCc1ccccc1)N/C=C/NCCOC(c1ccccc1)c1ccccc1,ChEMBL
chembl-endpoint-20260529T111633Z,CHEMBL238,DAT,pIC50,IC50,CHEMBL2115570,CN1C2CCC1[C@H](C=CCl)[C@@H](c1ccc(Cl)cc1)C2,7.721246399047171,19.0,train,c1ccc(C2CC3CCC(C2)N3)cc1,ChEMBL
chembl-endpoint-20260529T111633Z,CHEMBL238,DAT,pIC50,IC50,CHEMBL26320,c1ccc(CCCN2CCN(CCOC(c3ccccc3)c3ccccc3)CC2)cc1,7.7447274948966935,18.0,train,c1ccc(CCCN2CCN(CCOC(c3ccccc3)c3ccccc3)CC2)cc1,ChEMBL
chembl-endpoint-20260529T111633Z,CHEMBL238,DAT,pIC50,IC50,CHEMBL27336,CC[C@@H]1C2CCC(C[C@@H]1c1ccc(Cl)cc1)N2C,8.585026652029182,2.6,train,c1ccc(C2CC3CCC(C2)N3)cc1,ChEMBL
chembl-endpoint-20260529T111633Z,CHEMBL238,DAT,pIC50,IC50,CHEMBL27586,CN1C2CCC1[C@@H]([C@@H](O)C(F)(F)F)[C@@H](c1ccc(Cl)cc1)C2,7.978810700930062,10.5,train,c1ccc(C2CC3CCC(C2)N3)cc1,ChEMBL
chembl-endpoint-20260529T111633Z,CHEMBL238,DAT,pIC50,IC50,CHEMBL281288,C=C[C@@H]1C2CCC(C[C@@H]1c1ccc(Cl)cc1)N2C,8.55284196865778,2.8,train,c1ccc(C2CC3CCC(C2)N3)cc1,ChEMBL
chembl-endpoint-20260529T111633Z,CHEMBL238,DAT,pIC50,IC50,CHEMBL281594,Fc1ccc(C(OCCN2CCN(CCCc3ccccc3)CC2)c2ccc(F)cc2)cc1,8.366531544420413,4.3,train,c1ccc(CCCN2CCN(CCOC(c3ccccc3)c3ccccc3)CC2)cc1,ChEMBL
chembl-endpoint-20260529T111633Z,CHEMBL238,DAT,pIC50,IC50,CHEMBL28376,CN1C2CCC1[C@H](C(=O)C(F)(F)F)[C@@H](c1ccc(Cl)cc1)C2,6.423658649794207,377.0,train,c1ccc(C2CC3CCC(C2)N3)cc1,ChEMBL
chembl-endpoint-20260529T111633Z,CHEMBL238,DAT,pIC50,IC50,CHEMBL28394,CN1C2CCC1[C@@H](/C=C/Cl)[C@@H](c1ccc(Cl)cc1)C2,9.00436480540245,0.99,train,c1ccc(C2CC3CCC(C2)N3)cc1,ChEMBL
chembl-endpoint-20260529T111633Z,CHEMBL238,DAT,pIC50,IC50,CHEMBL285342,CN1C2CCC1[C@H](C(O)C(F)(F)F)[C@@H](c1ccc(Cl)cc1)C2,6.279840696594043,525.0,train,c1ccc(C2CC3CCC(C2)N3)cc1,ChEMBL
chembl-endpoint-20260529T111633Z,CHEMBL238,DAT,pIC50,IC50,CHEMBL306208,COC(=O)C1C(c2ccc(Cl)cc2)CC2CCC1N2C,8.853871964321762,1.4,train,c1ccc(C2CC3CCC(C2)N3)cc1,ChEMBL
chembl-endpoint-20260529T111633Z,CHEMBL238,DAT,pIC50,IC50,CHEMBL310650,COC(=O)[C@@H]1C2CCC(C[C@@H]1OC(c1ccc(F)cc1)c1ccc(F)cc1)N2C,7.962573502059376,10.9,train,c1ccc(C(OC2CC3CCC(C2)N3)c2ccccc2)cc1,ChEMBL
chembl-endpoint-20260529T111633Z,CHEMBL238,DAT,pIC50,IC50,CHEMBL313664,COC(=O)C1C2CCC(CC1c1ccc(I)cc1)O2,8.154901959985743,7.0,train,c1ccc(C2CC3CCC(C2)O3)cc1,ChEMBL
chembl-endpoint-20260529T111633Z,CHEMBL238,DAT,pIC50,IC50,CHEMBL314402,COC(=O)C1C2CCC(CC1c1ccccc1)O2,5.721246399047171,1900.0,train,c1ccc(C2CC3CCC(C2)O3)cc1,ChEMBL
chembl-endpoint-20260529T111633Z,CHEMBL238,DAT,pIC50,IC50,CHEMBL316342,COC(=O)C1C2CCC(CC1c1ccc(Cl)c(Cl)c1)O2,8.630784142589857,2.34,train,c1ccc(C2CC3CCC(C2)O3)cc1,ChEMBL
chembl-endpoint-20260529T111633Z,CHEMBL238,DAT,pIC50,IC50,CHEMBL317714,COC(=O)c1ccccc1OC(=O)c1ccccc1,6.261219441515631,548.0,train,O=C(Oc1ccccc1)c1ccccc1,ChEMBL
chembl-endpoint-20260529T111633Z,CHEMBL238,DAT,pIC50,IC50,CHEMBL317757,CN1C2CCC1CC(OC(c1ccc(F)cc1)c1ccc(F)cc1)C2,7.350665141287858,44.6,train,c1ccc(C(OC2CC3CCC(C2)N3)c2ccccc2)cc1,ChEMBL
chembl-endpoint-20260529T111633Z,CHEMBL238,DAT,pIC50,IC50,CHEMBL318138,COC(=O)[C@H]1C(c2ccc3ccccc3c2)CC2CCC1N2C,9.244125144327509,0.57,train,c1ccc2cc(C3CC4CCC(C3)N4)ccc2c1,ChEMBL
chembl-endpoint-20260529T111633Z,CHEMBL238,DAT,pIC50,IC50,CHEMBL322605,COC(=O)[C@@H]1C2CCC(C2)CC1c1ccc2ccccc2c1,7.6020599913279625,25.0,train,c1ccc2cc(C3CC4CCC(C4)C3)ccc2c1,ChEMBL
chembl-endpoint-20260529T111633Z,CHEMBL238,DAT,pIC50,IC50,CHEMBL327314,COC(=O)[C@H]1C2CCC(C[C@@H]1OC(c1ccc(F)cc1)c1ccc(F)cc1)N2C,5.756961951313706,1750.0,train,c1ccc(C(OC2CC3CCC(C2)N3)c2ccccc2)cc1,ChEMBL
chembl-endpoint-20260529T111633Z,CHEMBL238,DAT,pIC50,IC50,CHEMBL327868,COC(=O)[C@H]1C2CCC(C[C@@H]1OC(c1ccc(F)cc1)c1ccc(F)cc1)O2,4.692503962086787,20300.0,train,c1ccc(C(OC2CC3CCC(C2)O3)c2ccccc2)cc1,ChEMBL
chembl-endpoint-20260529T111633Z,CHEMBL238,DAT,pIC50,IC50,CHEMBL329454,COC(=O)C1C2CCC(CC1c1ccc(F)cc1)O2,6.262807357295263,546.0,train,c1ccc(C2CC3CCC(C2)O3)cc1,ChEMBL
chembl-endpoint-20260529T111633Z,CHEMBL238,DAT,pIC50,IC50,CHEMBL332506,COC(=O)C1C2CCC(C[C@@H]1OC1c3ccccc3-c3ccccc31)N2C,5.219682687859849,6030.0,train,c1ccc2c(c1)-c1ccccc1C2OC1CC2CCC(C1)N2,ChEMBL
chembl-endpoint-20260529T111633Z,CHEMBL238,DAT,pIC50,IC50,CHEMBL333667,O=C(Cc1ccccc1)NCCNCCOC(c1ccc(F)cc1)c1ccc(F)cc1,7.096910013008056,80.0,train,O=C(Cc1ccccc1)NCCNCCOC(c1ccccc1)c1ccccc1,ChEMBL
chembl-endpoint-20260529T111633Z,CHEMBL238,DAT,pIC50,IC50,CHEMBL334576,Cc1cc(C)c2c(c1)C1=NCCN1C2(O)c1ccc(Cl)cc1,7.1732774798310075,67.1,train,c1ccc(C2c3ccccc3C3=NCCN32)cc1,ChEMBL
chembl-endpoint-20260529T111633Z,CHEMBL238,DAT,pIC50,IC50,CHEMBL334577,OC1(c2ccc(Cl)cc2)c2ccc3ccccc3c2C2=NCCCN21,8.67778070526608,2.1,train,c1ccc(C2c3ccc4ccccc4c3C3=NCCCN32)cc1,ChEMBL
chembl-endpoint-20260529T111633Z,CHEMBL238,DAT,pIC50,IC50,CHEMBL334596,OC1(c2ccc(Cl)cc2)c2cccc(-c3ccccc3)c2C2=NCCN21,6.4089353929735005,390.0,train,c1ccc(-c2cccc3c2C2=NCCN2C3c2ccccc2)cc1,ChEMBL
chembl-endpoint-20260529T111633Z,CHEMBL238,DAT,pIC50,IC50,CHEMBL335423,COC(=O)C1C(c2ccc(OC)c(OC)c2)CC2CCC1N2C,5.804653941651581,1568.0,train,c1ccc(C2CC3CCC(C2)N3)cc1,ChEMBL
chembl-endpoint-20260529T111633Z,CHEMBL238,DAT,pIC50,IC50,CHEMBL336100,OC1(c2ccc(Cl)cc2)c2cccc(F)c2C2=NCCN21,7.910094888560602,12.3,train,c1ccc(C2c3ccccc3C3=NCCN32)cc1,ChEMBL
chembl-endpoint-20260529T111633Z,CHEMBL238,DAT,pIC50,IC50,CHEMBL336613,Clc1ccc(C2c3ccccc3C3=NCCN32)cc1,7.527243550682788,29.7,train,c1ccc(C2c3ccccc3C3=NCCN32)cc1,ChEMBL
chembl-endpoint-20260529T111633Z,CHEMBL238,DAT,pIC50,IC50,CHEMBL336940,COc1cccc2c1C1=NCCN1C2(O)c1ccc(Cl)cc1,8.323306390375134,4.75,train,c1ccc(C2c3ccccc3C3=NCCN32)cc1,ChEMBL
chembl-endpoint-20260529T111633Z,CHEMBL238,DAT,pIC50,IC50,CHEMBL337020,OC1(c2ccc(Cl)cc2)c2ccccc2C2=N[C@H]3CCCC[C@@H]3N21,8.568636235841012,2.7,train,c1ccc(C2c3ccccc3C3=N[C@H]4CCCC[C@@H]4N32)cc1,ChEMBL
chembl-endpoint-20260529T111633Z,CHEMBL238,DAT,pIC50,IC50,CHEMBL340281,OC1(c2ccc3ccccc3c2)c2ccc3ccccc3c2C2=NCCN21,8.481486060122112,3.3,train,c1ccc2cc(C3c4ccc5ccccc5c4C4=NCCN43)ccc2c1,ChEMBL
chembl-endpoint-20260529T111633Z,CHEMBL238,DAT,pIC50,IC50,CHEMBL34032,Fc1ccc(C(OCCC2CCN(Cc3ccccc3)CC2)c2ccc(F)cc2)cc1,7.455931955649724,35.0,train,c1ccc(CN2CCC(CCOC(c3ccccc3)c3ccccc3)CC2)cc1,ChEMBL
chembl-endpoint-20260529T111633Z,CHEMBL238,DAT,pIC50,IC50,CHEMBL340521,COC(=O)C1C2CCC(C[C@@H]1OC(c1ccccc1)c1ccc(Br)cc1)N2C,7.619788758288394,24.0,train,c1ccc(C(OC2CC3CCC(C2)N3)c2ccccc2)cc1,ChEMBL
chembl-endpoint-20260529T111633Z,CHEMBL238,DAT,pIC50,IC50,CHEMBL370805,COC(=O)[C@H]1[C@@H](OC(=O)c2ccccc2)C[C@@H]2CC[C@H]1N2C,6.392544976785332,405.0,train,O=C(O[C@@H]1C[C@H]2CC[C@@H](C1)N2)c1ccccc1,ChEMBL
chembl-endpoint-20260529T111633Z,CHEMBL238,DAT,pIC50,IC50,CHEMBL407803,CN1C2CCC1C(C(=O)NCCCCNC(=O)C1C(c3ccc(Cl)cc3)CC3CCC1N3C)C(c1ccc(Cl)cc1)C2,5.778064400171995,1667.0,train,O=C(NCCCCNC(=O)C1C2CCC(CC1c1ccccc1)N2)C1C2CCC(CC1c1ccccc1)N2,ChEMBL
chembl-endpoint-20260529T111633Z,CHEMBL238,DAT,pIC50,IC50,CHEMBL415523,OC1(c2ccc(Cl)cc2)c2c(ccc3c2OCO3)C2=NCCN21,6.444905551421681,359.0,train,c1ccc(C2c3c(ccc4c3OCO4)C3=NCCN32)cc1,ChEMBL
chembl-endpoint-20260529T111633Z,CHEMBL238,DAT,pIC50,IC50,CHEMBL416409,Fc1ccc(C(OCCC2CCN(Cc3ccc4ccccc4c3)CC2)c2ccc(F)cc2)cc1,8.142667503568731,7.2,train,c1ccc(C(OCCC2CCN(Cc3ccc4ccccc4c3)CC2)c2ccccc2)cc1,ChEMBL
chembl-endpoint-20260529T111633Z,CHEMBL238,DAT,pIC50,IC50,CHEMBL420900,O=C(Cc1ccccc1)NCCCNCCOC(c1ccc(F)cc1)c1ccc(F)cc1,7.136677139879544,73.0,train,O=C(Cc1ccccc1)NCCCNCCOC(c1ccccc1)c1ccccc1,ChEMBL
chembl-endpoint-20260529T111633Z,CHEMBL238,DAT,pIC50,IC50,CHEMBL421867,c1ccc(CCCNC2CCN(CCOC(c3ccccc3)c3ccccc3)CC2)cc1,6.4089353929735005,390.0,train,c1ccc(CCCNC2CCN(CCOC(c3ccccc3)c3ccccc3)CC2)cc1,ChEMBL
chembl-endpoint-20260529T111633Z,CHEMBL238,DAT,pIC50,IC50,CHEMBL424627,OC1(c2ccc(Cl)cc2)c2ccccc2C2=N[C@@H]3CCCC[C@@H]3N21,8.075720713938118,8.4,train,c1ccc(C2c3ccccc3C3=N[C@@H]4CCCC[C@@H]4N32)cc1,ChEMBL
chembl-endpoint-20260529T111633Z,CHEMBL238,DAT,pIC50,IC50,CHEMBL435341,C/C=C\c1ccc([C@H]2CC3CCC([C@H]2C(=O)OC)N3C)cc1,7.494850021680094,32.0,train,c1ccc(C2CC3CCC(C2)N3)cc1,ChEMBL
chembl-endpoint-20260529T111633Z,CHEMBL238,DAT,pIC50,IC50,CHEMBL435787,OC1(c2ccc3c(c2)OCO3)c2ccccc2C2=NCCN21,6.94692155651658,113.0,train,c1ccc2c(c1)C1=NCCN1C2c1ccc2c(c1)OCO2,ChEMBL
chembl-endpoint-20260529T111633Z,CHEMBL238,DAT,pIC50,IC50,CHEMBL443797,CN(CCCc1ccccc1)C1CCN(CCOC(c2ccccc2)c2ccccc2)CC1,6.6777807052660805,210.0,train,c1ccc(CCCNC2CCN(CCOC(c3ccccc3)c3ccccc3)CC2)cc1,ChEMBL
chembl-endpoint-20260529T111633Z,CHEMBL238,DAT,pIC50,IC50,CHEMBL444592,Fc1ccc(C(NCCC2CCN(Cc3ccccc3)CC2)c2ccc(F)cc2)cc1,7.481486060122112,33.0,train,c1ccc(CN2CCC(CCNC(c3ccccc3)c3ccccc3)CC2)cc1,ChEMBL
chembl-endpoint-20260529T111633Z,CHEMBL238,DAT,pIC50,IC50,CHEMBL544370,Cl.OC1(c2ccc3c(c2)OCO3)c2ccccc2C2=NCCCN21,8.962573502059376,1.09,train,c1ccc2c(c1)C1=NCCCN1C2c1ccc2c(c1)OCO2,ChEMBL
chembl-endpoint-20260529T111633Z,CHEMBL238,DAT,pIC50,IC50,CHEMBL59,NCCc1ccc(O)c(O)c1,6.337242168318426,460.0,train,c1ccccc1,ChEMBL
chembl-endpoint-20260529T111633Z,CHEMBL238,DAT,pIC50,IC50,CHEMBL607377,COC(=O)C1C2CC[C@H](C[C@H]1OC(c1ccc(F)cc1)c1ccc(F)cc1)N2C,5.050609993355087,8900.0,train,c1ccc(C(O[C@H]2CC3CC[C@H](C2)N3)c2ccccc2)cc1,ChEMBL
chembl-endpoint-20260529T111633Z,CHEMBL238,DAT,pIC50,IC50,CHEMBL63703,c1ccc(CN2CCC(NCCOC(c3ccccc3)c3ccccc3)CC2)cc1,6.568636235841013,270.0,train,c1ccc(CN2CCC(NCCOC(c3ccccc3)c3ccccc3)CC2)cc1,ChEMBL
chembl-endpoint-20260529T111633Z,CHEMBL238,DAT,pIC50,IC50,CHEMBL67203,c1ccc(CCCN2CCCC(CNCCOC(c3ccccc3)c3ccccc3)C2)cc1,6.823908740944319,150.0,train,c1ccc(CCCN2CCCC(CNCCOC(c3ccccc3)c3ccccc3)C2)cc1,ChEMBL
chembl-endpoint-20260529T111633Z,CHEMBL238,DAT,pIC50,IC50,CHEMBL781,OC1(c2ccc(Cl)cc2)c2ccccc2C2=NCCN21,7.370590400897281,42.6,train,c1ccc(C2c3ccccc3C3=NCCN32)cc1,ChEMBL
chembl-endpoint-20260529T111633Z,CHEMBL238,DAT,pIC50,IC50,CHEMBL84680,COC(=O)C1=C(c2ccc3ccccc3c2)CC2CCC1N2C,8.537602002101044,2.9,train,C1=C(c2ccc3ccccc3c2)CC2CCC1N2,ChEMBL
chembl-endpoint-20260529T111633Z,CHEMBL238,DAT,pIC50,IC50,CHEMBL87031,COC(=O)C1C(c2ccc(Cl)c(Cl)c2)CC2CCC1N2C,8.958607314841775,1.1,train,c1ccc(C2CC3CCC(C2)N3)cc1,ChEMBL
chembl-endpoint-20260529T111633Z,CHEMBL238,DAT,pIC50,IC50,CHEMBL87567,COC(=O)C1C(c2ccc3ccccc3c2)CC2CCC1N2C,9.309803919971486,0.49,train,c1ccc2cc(C3CC4CCC(C3)N4)ccc2c1,ChEMBL
chembl-endpoint-20260529T111633Z,CHEMBL238,DAT,pIC50,IC50,CHEMBL88163,COC(=O)[C@@H]1C2CCC(C[C@H]1OC(c1ccc(F)cc1)c1ccc(F)cc1)O2,6.2839966563652006,520.0,train,c1ccc(C(OC2CC3CCC(C2)O3)c2ccccc2)cc1,ChEMBL
chembl-endpoint-20260529T111633Z,CHEMBL238,DAT,pIC50,IC50,CHEMBL88792,COC(=O)C1C2CCC(CC1c1ccc(Br)cc1)O2,8.045757490560675,9.0,train,c1ccc(C2CC3CCC(C2)O3)cc1,ChEMBL
chembl-endpoint-20260529T111633Z,CHEMBL238,DAT,pIC50,IC50,CHEMBL88915,COC(=O)C1=C(c2ccc(Cl)c(Cl)c2)CC2CCC1N2C,8.920818753952375,1.2,train,C1=C(c2ccccc2)CC2CCC1N2,ChEMBL
chembl-endpoint-20260529T111633Z,CHEMBL238,DAT,pIC50,IC50,CHEMBL89284,COC(=O)[C@H]1C2CCC(C[C@H]1OC(c1ccc(F)cc1)c1ccc(F)cc1)N2C,5.050609993355087,8900.0,train,c1ccc(C(OC2CC3CCC(C2)N3)c2ccccc2)cc1,ChEMBL
chembl-endpoint-20260529T111633Z,CHEMBL238,DAT,pIC50,IC50,CHEMBL89324,COC(=O)[C@H]1C2CCC(C[C@H]1OC(c1ccc(F)cc1)c1ccc(F)cc1)O2,4.651695136951839,22300.0,train,c1ccc(C(OC2CC3CCC(C2)O3)c2ccccc2)cc1,ChEMBL
chembl-endpoint-20260529T111633Z,CHEMBL238,DAT,pIC50,IC50,CHEMBL89469,COC(=O)C1=C(c2ccc(F)cc2)CC2CCC1N2C,6.38933983691012,408.0,train,C1=C(c2ccccc2)CC2CCC1N2,ChEMBL
chembl-endpoint-20260529T111633Z,CHEMBL238,DAT,pIC50,IC50,CHEMBL90903,COC(=O)C1C2CCC(CC1c1ccc(Cl)cc1)O2,7.54515513999149,28.5,train,c1ccc(C2CC3CCC(C2)O3)cc1,ChEMBL
chembl-endpoint-20260529T111633Z,CHEMBL238,DAT,pKi,Ki,CHEMBL1175,CNCC[C@H](Oc1cccc2ccccc12)c1cccs1,6.619788758288394,240.0,external,c1csc(COc2cccc3ccccc23)c1,ChEMBL
chembl-endpoint-20260529T111633Z,CHEMBL238,DAT,pKi,Ki,CHEMBL119605,CNCC[C@H](Oc1cccc2c(O)c(OC)ccc12)c1cccs1,5.550675906901273,2814.0,external,c1csc(COc2cccc3ccccc23)c1,ChEMBL
chembl-endpoint-20260529T111633Z,CHEMBL238,DAT,pKi,Ki,CHEMBL137718,Fc1ccc(C(OCCC2CCN(C/C=C/c3ccccc3)CC2)c2ccc(F)cc2)cc1,9.346787486224656,0.45,external,C(=C\c1ccccc1)/CN1CCC(CCOC(c2ccccc2)c2ccccc2)CC1,ChEMBL
chembl-endpoint-20260529T111633Z,CHEMBL238,DAT,pKi,Ki,CHEMBL150045,c1ccc(C(c2ccccc2)c2ccncc2)cc1,7.102372908709558,79.0,external,c1ccc(C(c2ccccc2)c2ccncc2)cc1,ChEMBL
chembl-endpoint-20260529T111633Z,CHEMBL238,DAT,pKi,Ki,CHEMBL2112594,O=C(CCc1ccccc1)NCCNCCOC(c1ccc(F)cc1)c1ccc(F)cc1,7.292429823902063,51.0,external,O=C(CCc1ccccc1)NCCNCCOC(c1ccccc1)c1ccccc1,ChEMBL
chembl-endpoint-20260529T111633Z,CHEMBL238,DAT,pKi,Ki,CHEMBL2112595,O=C(CCc1ccc(Br)cc1)N/C=C/NCCOC(c1ccc(F)cc1)c1ccc(F)cc1,6.292429823902063,510.0,external,O=C(CCc1ccccc1)N/C=C/NCCOC(c1ccccc1)c1ccccc1,ChEMBL
chembl-endpoint-20260529T111633Z,CHEMBL238,DAT,pKi,Ki,CHEMBL294733,COC(=O)C1C(c2cccc(-c3ccccc3)c2)CC2CCC1N2C,8.054039296422431,8.83,external,c1ccc(-c2cccc(C3CC4CCC(C3)N4)c2)cc1,ChEMBL
chembl-endpoint-20260529T111633Z,CHEMBL238,DAT,pKi,Ki,CHEMBL303266,CN1C2CCC1C(C(=O)NCCCNC(=O)C1C(c3ccc(Cl)cc3)CC3CCC1N3C)C(c1ccc(Cl)cc1)C2,7.186419011431808,65.1,external,O=C(NCCCNC(=O)C1C2CCC(CC1c1ccccc1)N2)C1C2CCC(CC1c1ccccc1)N2,ChEMBL
chembl-endpoint-20260529T111633Z,CHEMBL238,DAT,pKi,Ki,CHEMBL324967,CNCC[C@H](Oc1cccc2c(O)cccc12)c1cccs1,6.618884919290149,240.5,external,c1csc(COc2cccc3ccccc23)c1,ChEMBL
chembl-endpoint-20260529T111633Z,CHEMBL238,DAT,pKi,Ki,CHEMBL325669,CNCC[C@H](Oc1cccc2c(OC)c(O)ccc12)c1cccs1,6.452225294612178,353.0,external,c1csc(COc2cccc3ccccc23)c1,ChEMBL
chembl-endpoint-20260529T111633Z,CHEMBL238,DAT,pKi,Ki,CHEMBL326713,CNCC[C@H](Oc1cccc2c(O)c(O)ccc12)c1cccs1,5.138167002342055,7275.0,external,c1csc(COc2cccc3ccccc23)c1,ChEMBL
chembl-endpoint-20260529T111633Z,CHEMBL238,DAT,pKi,Ki,CHEMBL332097,CNCC[C@H](Oc1ccc(O)c2ccccc12)c1cccs1,6.886056647693163,130.0,external,c1csc(COc2cccc3ccccc23)c1,ChEMBL
chembl-endpoint-20260529T111633Z,CHEMBL238,DAT,pKi,Ki,CHEMBL332098,CNCC[C@H](Oc1cccc2cc(O)ccc12)c1cccs1,6.786482243003695,163.5,external,c1csc(COc2cccc3ccccc23)c1,ChEMBL
chembl-endpoint-20260529T111633Z,CHEMBL238,DAT,pKi,Ki,CHEMBL343534,Fc1ccc(C(OCCC2CCN(C/C=C/c3cccs3)CC2)c2ccc(F)cc2)cc1,8.886056647693163,1.3,external,C(=C\c1cccs1)/CN1CCC(CCOC(c2ccccc2)c2ccccc2)CC1,ChEMBL
chembl-endpoint-20260529T111633Z,CHEMBL238,DAT,pKi,Ki,CHEMBL416409,Fc1ccc(C(OCCC2CCN(Cc3ccc4ccccc4c3)CC2)c2ccc(F)cc2)cc1,9.148741651280925,0.71,external,c1ccc(C(OCCC2CCN(Cc3ccc4ccccc4c3)CC2)c2ccccc2)cc1,ChEMBL
chembl-endpoint-20260529T111633Z,CHEMBL238,DAT,pKi,Ki,CHEMBL549,CN(C)CCCC1(c2ccc(F)cc2)OCc2cc(C#N)ccc21,4.781464494783472,16540.0,external,c1ccc(C2OCc3ccccc32)cc1,ChEMBL
chembl-endpoint-20260529T111633Z,CHEMBL238,DAT,pKi,Ki,CHEMBL120269,Cc1ccc(C2OC(=O)OC3(c4ccc(C)cc4)CCN(C)CC23)cc1,5.086716098239582,8190.0,scaffold_test,O=C1OC(c2ccccc2)C2CNCCC2(c2ccccc2)O1,ChEMBL
chembl-endpoint-20260529T111633Z,CHEMBL238,DAT,pKi,Ki,CHEMBL121611,Fc1ccc(C(OCCNCCCNCCc2ccccc2)c2ccc(F)cc2)cc1,7.552841968657781,28.0,scaffold_test,c1ccc(CCNCCCNCCOC(c2ccccc2)c2ccccc2)cc1,ChEMBL
chembl-endpoint-20260529T111633Z,CHEMBL238,DAT,pKi,Ki,CHEMBL122452,CN(CCCN(C)CCc1ccccc1)CCOC(c1ccccc1)c1ccccc1,6.492144128304169,322.0,scaffold_test,c1ccc(CCNCCCNCCOC(c2ccccc2)c2ccccc2)cc1,ChEMBL
chembl-endpoint-20260529T111633Z,CHEMBL238,DAT,pKi,Ki,CHEMBL123252,CN(CCCc1ccccc1)CCCN(C)CCOC(c1ccccc1)c1ccccc1,6.913640169325252,122.0,scaffold_test,c1ccc(CCCNCCCNCCOC(c2ccccc2)c2ccccc2)cc1,ChEMBL
chembl-endpoint-20260529T111633Z,CHEMBL238,DAT,pKi,Ki,CHEMBL136249,Fc1ccc(C(OCCC2CCN(CC#Cc3ccccc3)CC2)c2ccc(F)cc2)cc1,8.275724130399212,5.3,scaffold_test,C(#Cc1ccccc1)CN1CCC(CCOC(c2ccccc2)c2ccccc2)CC1,ChEMBL
chembl-endpoint-20260529T111633Z,CHEMBL238,DAT,pKi,Ki,CHEMBL26320,c1ccc(CCCN2CCN(CCOC(c3ccccc3)c3ccccc3)CC2)cc1,7.136677139879544,73.0,scaffold_test,c1ccc(CCCN2CCN(CCOC(c3ccccc3)c3ccccc3)CC2)cc1,ChEMBL
chembl-endpoint-20260529T111633Z,CHEMBL238,DAT,pKi,Ki,CHEMBL281594,Fc1ccc(C(OCCN2CCN(CCCc3ccccc3)CC2)c2ccc(F)cc2)cc1,8.431798275933005,3.7,scaffold_test,c1ccc(CCCN2CCN(CCOC(c3ccccc3)c3ccccc3)CC2)cc1,ChEMBL
chembl-endpoint-20260529T111633Z,CHEMBL238,DAT,pKi,Ki,CHEMBL35411,Fc1ccc(C(OCCC2CCN(Cc3cccc4ccccc34)CC2)c2ccc(F)cc2)cc1,7.795880017344075,16.0,scaffold_test,c1ccc(C(OCCC2CCN(Cc3cccc4ccccc34)CC2)c2ccccc2)cc1,ChEMBL
chembl-endpoint-20260529T111633Z,CHEMBL238,DAT,pKi,Ki,CHEMBL407803,CN1C2CCC1C(C(=O)NCCCCNC(=O)C1C(c3ccc(Cl)cc3)CC3CCC1N3C)C(c1ccc(Cl)cc1)C2,7.663540266151471,21.7,scaffold_test,O=C(NCCCCNC(=O)C1C2CCC(CC1c1ccccc1)N2)C1C2CCC(CC1c1ccccc1)N2,ChEMBL
chembl-endpoint-20260529T111633Z,CHEMBL238,DAT,pKi,Ki,CHEMBL59,NCCc1ccc(O)c(O)c1,5.1938200260161125,6400.0,scaffold_test,c1ccccc1,ChEMBL
chembl-endpoint-20260529T111633Z,CHEMBL238,DAT,pKi,Ki,CHEMBL67024,Fc1ccc(CCNC2CCN(CCOC(c3ccccc3)c3ccccc3)CC2)cc1,6.958607314841775,110.0,scaffold_test,c1ccc(CCNC2CCN(CCOC(c3ccccc3)c3ccccc3)CC2)cc1,ChEMBL
chembl-endpoint-20260529T111633Z,CHEMBL238,DAT,pKi,Ki,CHEMBL814,COCCCC/C(=N\OCCN)c1ccc(C(F)(F)F)cc1,8.835647144215564,1.46,scaffold_test,c1ccccc1,ChEMBL
chembl-endpoint-20260529T111633Z,CHEMBL238,DAT,pKi,Ki,CHEMBL104673,CN(C)Cc1ccccc1Sc1ccc(C(F)(F)F)cc1N,5.690795820329592,2038.0,train,c1ccc(Sc2ccccc2)cc1,ChEMBL
chembl-endpoint-20260529T111633Z,CHEMBL238,DAT,pKi,Ki,CHEMBL106939,CN(C)Cc1ccccc1Sc1ccc(C#N)cc1N,5.846795099915716,1423.0,train,c1ccc(Sc2ccccc2)cc1,ChEMBL
chembl-endpoint-20260529T111633Z,CHEMBL238,DAT,pKi,Ki,CHEMBL107077,COc1ccc(Sc2ccccc2CN(C)C)c(N)c1,5.576590272266906,2651.0,train,c1ccc(Sc2ccccc2)cc1,ChEMBL
chembl-endpoint-20260529T111633Z,CHEMBL238,DAT,pKi,Ki,CHEMBL118794,CN1CCC(O)(c2ccc(Cl)cc2Cl)C([C@@H](O)c2ccc(Cl)cc2Cl)C1,5.361510743045363,4350.0,train,c1ccc(CC2CNCCC2c2ccccc2)cc1,ChEMBL
chembl-endpoint-20260529T111633Z,CHEMBL238,DAT,pKi,Ki,CHEMBL1202031,CN(C)[C@@H]1C[C@@H](c2ccc(Cl)c(Cl)c2)c2ccc(I)cc21.O=C(O)C(=O)O,6.508638306165727,310.0,train,c1ccc([C@@H]2CCc3ccccc32)cc1,ChEMBL
chembl-endpoint-20260529T111633Z,CHEMBL238,DAT,pKi,Ki,CHEMBL120490,CN1CCC(O)(c2ccc(Cl)c(Cl)c2)C(C(=O)c2ccc(Cl)c(Cl)c2)C1,7.962573502059376,10.9,train,O=C(c1ccccc1)C1CNCCC1c1ccccc1,ChEMBL
chembl-endpoint-20260529T111633Z,CHEMBL238,DAT,pKi,Ki,CHEMBL120951,CN1CCC(O)(c2ccc(F)cc2)C(C(=O)c2ccc(F)cc2)C1,5.2441251443275085,5700.0,train,O=C(c1ccccc1)C1CNCCC1c1ccccc1,ChEMBL
chembl-endpoint-20260529T111633Z,CHEMBL238,DAT,pKi,Ki,CHEMBL121027,CN(CCOC(c1ccccc1)c1ccccc1)CCN(C)CCc1ccc(F)cc1,7.522878745280337,30.0,train,c1ccc(CCNCCNCCOC(c2ccccc2)c2ccccc2)cc1,ChEMBL
chembl-endpoint-20260529T111633Z,CHEMBL238,DAT,pKi,Ki,CHEMBL121460,CN(CCOC(c1ccc(F)cc1)c1ccc(F)cc1)CCN(C)CCOC(c1ccc(F)cc1)c1ccc(F)cc1,7.585026652029182,26.0,train,c1ccc(C(OCCNCCNCCOC(c2ccccc2)c2ccccc2)c2ccccc2)cc1,ChEMBL
chembl-endpoint-20260529T111633Z,CHEMBL238,DAT,pKi,Ki,CHEMBL122859,O=C1CN(CCc2ccccc2)CCN1CCOC(c1ccc(F)cc1)c1ccc(F)cc1,5.844663962534939,1430.0,train,O=C1CN(CCc2ccccc2)CCN1CCOC(c1ccccc1)c1ccccc1,ChEMBL
chembl-endpoint-20260529T111633Z,CHEMBL238,DAT,pKi,Ki,CHEMBL123830,O=C(Cc1ccc(F)cc1)NCCNCCOC(c1ccc(F)cc1)c1ccc(F)cc1,7.267606240177032,54.0,train,O=C(Cc1ccccc1)NCCNCCOC(c1ccccc1)c1ccccc1,ChEMBL
chembl-endpoint-20260529T111633Z,CHEMBL238,DAT,pKi,Ki,CHEMBL124222,O=C1CN(CCOC(c2ccccc2)c2ccccc2)CCN1CCCc1ccccc1,5.086186147616283,8200.0,train,O=C1CN(CCOC(c2ccccc2)c2ccccc2)CCN1CCCc1ccccc1,ChEMBL
chembl-endpoint-20260529T111633Z,CHEMBL238,DAT,pKi,Ki,CHEMBL130477,OC1(c2ccc(Cl)cc2)c2ccccc2C2=NCCCN21,8.769551078621726,1.7,train,c1ccc(C2c3ccccc3C3=NCCCN32)cc1,ChEMBL
chembl-endpoint-20260529T111633Z,CHEMBL238,DAT,pKi,Ki,CHEMBL130668,Oc1ccc(C2(O)c3ccccc3C3=NCCCN32)cc1,7.059981844992337,87.1,train,c1ccc(C2c3ccccc3C3=NCCCN32)cc1,ChEMBL
chembl-endpoint-20260529T111633Z,CHEMBL238,DAT,pKi,Ki,CHEMBL132082,COc1ccc2c(c1)C(O)(c1ccc(Cl)cc1)N1CCN=C21,8.221848749616356,6.0,train,c1ccc(C2c3ccccc3C3=NCCN32)cc1,ChEMBL
chembl-endpoint-20260529T111633Z,CHEMBL238,DAT,pKi,Ki,CHEMBL132676,OC1(c2ccc3ccccc3c2)c2ccccc2C2=NCCN21,7.346787486224656,45.0,train,c1ccc2c(c1)C1=NCCN1C2c1ccc2ccccc2c1,ChEMBL
chembl-endpoint-20260529T111633Z,CHEMBL238,DAT,pKi,Ki,CHEMBL132683,COC(=O)C1C(c2ccc(O)c(O)c2)CC2CCC1N2C,6.013228265733755,970.0,train,c1ccc(C2CC3CCC(C2)N3)cc1,ChEMBL
chembl-endpoint-20260529T111633Z,CHEMBL238,DAT,pKi,Ki,CHEMBL132954,COc1cccc2c1C(O)(c1ccc(Cl)cc1)N1CCN=C21,7.987162775294828,10.3,train,c1ccc(C2c3ccccc3C3=NCCN32)cc1,ChEMBL
chembl-endpoint-20260529T111633Z,CHEMBL238,DAT,pKi,Ki,CHEMBL132955,OC1(c2ccc(Cl)cc2)c2cc(Cl)c(Cl)cc2C2=NCCN21,8.978810700930062,1.05,train,c1ccc(C2c3ccccc3C3=NCCN32)cc1,ChEMBL
chembl-endpoint-20260529T111633Z,CHEMBL238,DAT,pKi,Ki,CHEMBL133043,COc1ccc(C2(O)c3ccccc3C3=NCCCN32)cc1,7.441291429466834,36.2,train,c1ccc(C2c3ccccc3C3=NCCCN32)cc1,ChEMBL
chembl-endpoint-20260529T111633Z,CHEMBL238,DAT,pKi,Ki,CHEMBL133646,OC1(c2ccc(Cl)cc2)c2ccc3ccccc3c2C2=NCCN21,7.565431095965801,27.2,train,c1ccc(C2c3ccc4ccccc4c3C3=NCCN32)cc1,ChEMBL
chembl-endpoint-20260529T111633Z,CHEMBL238,DAT,pKi,Ki,CHEMBL133902,OC1(c2ccccc2)c2ccccc2C2=NCCN21,5.97061622231479,1070.0,train,c1ccc(C2c3ccccc3C3=NCCN32)cc1,ChEMBL
chembl-endpoint-20260529T111633Z,CHEMBL238,DAT,pKi,Ki,CHEMBL136057,Fc1ccc(C(OCCC2CCN(C/C=C/c3ccco3)CC2)c2ccc(F)cc2)cc1,9.00436480540245,0.99,train,C(=C\c1ccco1)/CN1CCC(CCOC(c2ccccc2)c2ccccc2)CC1,ChEMBL
chembl-endpoint-20260529T111633Z,CHEMBL238,DAT,pKi,Ki,CHEMBL136154,Fc1ccc(C(OCCC2CCN(Cc3cc4ccccc4o3)CC2)c2ccc(F)cc2)cc1,8.995678626217357,1.01,train,c1ccc(C(OCCC2CCN(Cc3cc4ccccc4o3)CC2)c2ccccc2)cc1,ChEMBL
chembl-endpoint-20260529T111633Z,CHEMBL238,DAT,pKi,Ki,CHEMBL137020,Fc1ccc(C(OCCC2CCN(Cc3cc4ccccc4s3)CC2)c2ccc(F)cc2)cc1,8.79317412396815,1.61,train,c1ccc(C(OCCC2CCN(Cc3cc4ccccc4s3)CC2)c2ccccc2)cc1,ChEMBL
chembl-endpoint-20260529T111633Z,CHEMBL238,DAT,pKi,Ki,CHEMBL14144,CN1C2CCC1C(C(=O)Oc1ccccc1)C(c1ccc(Cl)cc1)C2,8.279840696594043,5.25,train,O=C(Oc1ccccc1)C1C2CCC(CC1c1ccccc1)N2,ChEMBL
chembl-endpoint-20260529T111633Z,CHEMBL238,DAT,pKi,Ki,CHEMBL14257,COC(=O)C1C2CCC(CC1c1ccc(C=C(Br)Br)cc1)N2,8.2518119729938,5.6,train,c1ccc(C2CC3CCC(C2)N3)cc1,ChEMBL
chembl-endpoint-20260529T111633Z,CHEMBL238,DAT,pKi,Ki,CHEMBL14305,COC(=O)C1C(c2ccc(/C=C\Br)cc2)CC2CCC1N2C,8.508638306165727,3.1,train,c1ccc(C2CC3CCC(C2)N3)cc1,ChEMBL
chembl-endpoint-20260529T111633Z,CHEMBL238,DAT,pKi,Ki,CHEMBL14370,CCOc1ccccc1OC(c1ccccc1)C1CNCCO1,7.221848749616356,60.0,train,c1ccc(OC(c2ccccc2)C2CNCCO2)cc1,ChEMBL
chembl-endpoint-20260529T111633Z,CHEMBL238,DAT,pKi,Ki,CHEMBL14531,COC(=O)C1C2CCC(CC1c1ccc(/C=C\Br)cc1)N2,8.4089353929735,3.9,train,c1ccc(C2CC3CCC(C2)N3)cc1,ChEMBL
chembl-endpoint-20260529T111633Z,CHEMBL238,DAT,pKi,Ki,CHEMBL145810,CCCN(C)[C@H]1C[C@@H](c2ccc(Cl)c(Cl)c2)c2ccccc21,5.920818753952375,1200.0,train,c1ccc([C@@H]2CCc3ccccc32)cc1,ChEMBL
chembl-endpoint-20260529T111633Z,CHEMBL238,DAT,pKi,Ki,CHEMBL145940,CC(C)(C)N[C@H]1C[C@@H](c2ccc(Cl)c(Cl)c2)c2ccccc21,6.187086643357144,650.0,train,c1ccc([C@@H]2CCc3ccccc32)cc1,ChEMBL
chembl-endpoint-20260529T111633Z,CHEMBL238,DAT,pKi,Ki,CHEMBL145994,Clc1ccc([C@@H]2C[C@@H](NCc3ccccc3)c3ccccc32)cc1Cl,7.096910013008056,80.0,train,c1ccc(CN[C@@H]2C[C@@H](c3ccccc3)c3ccccc32)cc1,ChEMBL
chembl-endpoint-20260529T111633Z,CHEMBL238,DAT,pKi,Ki,CHEMBL146042,CCCN[C@@H]1C[C@@H](c2ccc(Cl)c(Cl)c2)c2ccccc21,6.657577319177793,220.0,train,c1ccc([C@@H]2CCc3ccccc32)cc1,ChEMBL
chembl-endpoint-20260529T111633Z,CHEMBL238,DAT,pKi,Ki,CHEMBL14613,COC(=O)C1C2CCC(CC1c1ccc(I)cc1)N2,9.161150909262744,0.69,train,c1ccc(C2CC3CCC(C2)N3)cc1,ChEMBL
chembl-endpoint-20260529T111633Z,CHEMBL238,DAT,pKi,Ki,CHEMBL146332,CN[C@H]1C[C@@H](c2ccc(Cl)c(Cl)c2)c2ccccc21,6.5376020021010435,290.0,train,c1ccc([C@@H]2CCc3ccccc32)cc1,ChEMBL
chembl-endpoint-20260529T111633Z,CHEMBL238,DAT,pKi,Ki,CHEMBL146615,CCCN[C@H]1C[C@@H](c2ccc(Cl)c(Cl)c2)c2ccccc21,6.552841968657781,280.0,train,c1ccc([C@@H]2CCc3ccccc32)cc1,ChEMBL
chembl-endpoint-20260529T111633Z,CHEMBL238,DAT,pKi,Ki,CHEMBL147040,CCN(C)[C@@H]1C[C@@H](c2ccc(Cl)c(Cl)c2)c2ccccc21,7.4089353929735005,39.0,train,c1ccc([C@@H]2CCc3ccccc32)cc1,ChEMBL
chembl-endpoint-20260529T111633Z,CHEMBL238,DAT,pKi,Ki,CHEMBL147544,Clc1ccc([C@@H]2C[C@H](NCc3ccccc3)c3ccccc32)cc1Cl,5.958607314841775,1100.0,train,c1ccc(CN[C@H]2C[C@@H](c3ccccc3)c3ccccc32)cc1,ChEMBL
chembl-endpoint-20260529T111633Z,CHEMBL238,DAT,pKi,Ki,CHEMBL147950,CN(C)[C@H]1C[C@@H](c2ccc(Cl)c(Cl)c2)c2ccccc21,7.200659450546418,63.0,train,c1ccc([C@@H]2CCc3ccccc32)cc1,ChEMBL
chembl-endpoint-20260529T111633Z,CHEMBL238,DAT,pKi,Ki,CHEMBL147983,CCN[C@@H]1C[C@@H](c2ccc(Cl)c(Cl)c2)c2ccccc21,8.09151498112135,8.1,train,c1ccc([C@@H]2CCc3ccccc32)cc1,ChEMBL
chembl-endpoint-20260529T111633Z,CHEMBL238,DAT,pKi,Ki,CHEMBL148104,CN([C@@H]1C[C@@H](c2ccc(Cl)c(Cl)c2)c2ccccc21)C(C)(C)C,6.050609993355087,890.0,train,c1ccc([C@@H]2CCc3ccccc32)cc1,ChEMBL
chembl-endpoint-20260529T111633Z,CHEMBL238,DAT,pKi,Ki,CHEMBL14924,COC(=O)C1C(c2ccc(C=C(Br)Br)cc2)CC2CCC1N2C,8.171984935776024,6.73,train,c1ccc(C2CC3CCC(C2)N3)cc1,ChEMBL
chembl-endpoint-20260529T111633Z,CHEMBL238,DAT,pKi,Ki,CHEMBL149246,c1ccc(C(c2ccccc2)c2cccnc2)cc1,6.107905397309519,780.0,train,c1ccc(C(c2ccccc2)c2cccnc2)cc1,ChEMBL
chembl-endpoint-20260529T111633Z,CHEMBL238,DAT,pKi,Ki,CHEMBL173427,COC(=O)[C@@H]1C2CCC(C[C@@H]1c1ccc(/C=C/I)cc1)N2,8.72584215073632,1.88,train,c1ccc(C2CC3CCC(C2)N3)cc1,ChEMBL
chembl-endpoint-20260529T111633Z,CHEMBL238,DAT,pKi,Ki,CHEMBL174088,COC(=O)[C@@H]1C2CCC(C[C@@H]1c1ccc(/C=C\I)cc1)N2,8.459670525209127,3.47,train,c1ccc(C2CC3CCC(C2)N3)cc1,ChEMBL
chembl-endpoint-20260529T111633Z,CHEMBL238,DAT,pKi,Ki,CHEMBL1744173,CCN(C)[C@H]1C[C@@H](c2ccc(Cl)c(Cl)c2)c2ccccc21.O=C(O)/C=C\C(=O)O,6.180456064458132,660.0,train,c1ccc([C@@H]2CCc3ccccc32)cc1,ChEMBL
chembl-endpoint-20260529T111633Z,CHEMBL238,DAT,pKi,Ki,CHEMBL1788140,CN(C)[C@@H]1C[C@@H](c2ccc(Cl)c(Cl)c2)c2ccccc21.O=C(O)/C=C\C(=O)O,7.721246399047171,19.0,train,c1ccc([C@@H]2CCc3ccccc32)cc1,ChEMBL
chembl-endpoint-20260529T111633Z,CHEMBL238,DAT,pKi,Ki,CHEMBL1790051,COC(=O)[C@@H]1C2CC[C@H](C[C@@H]1c1ccccc1)N2C.Cl,7.481486060122112,33.0,train,c1ccc([C@@H]2CC3CC[C@H](C2)N3)cc1,ChEMBL
chembl-endpoint-20260529T111633Z,CHEMBL238,DAT,pKi,Ki,CHEMBL2029053,CNCC[C@H](Oc1ccc(O[C@@H]2O[C@H](C(=O)O)[C@@H](O)[C@H](O)[C@H]2O)c2ccccc12)c1cccs1,5.454816631784594,3509.0,train,c1csc(COc2ccc(O[C@H]3CCCCO3)c3ccccc23)c1,ChEMBL
chembl-endpoint-20260529T111633Z,CHEMBL238,DAT,pKi,Ki,CHEMBL275212,COC(=O)C1C(c2ccc(/C=C\I)cc2)CC2CCC1N2C,7.657577319177793,22.0,train,c1ccc(C2CC3CCC(C2)N3)cc1,ChEMBL
chembl-endpoint-20260529T111633Z,CHEMBL238,DAT,pKi,Ki,CHEMBL27979,C[C@H]1CC[C@H](C)N1CCCOc1ccc(-c2ccc(C(=O)N3CCOCC3)cc2)cc1,5.309999839831227,4897.79,train,O=C(c1ccc(-c2ccc(OCCCN3CCCC3)cc2)cc1)N1CCOCC1,ChEMBL
chembl-endpoint-20260529T111633Z,CHEMBL238,DAT,pKi,Ki,CHEMBL28394,CN1C2CCC1[C@@H](/C=C/Cl)[C@@H](c1ccc(Cl)cc1)C2,9.05551732784983,0.88,train,c1ccc(C2CC3CCC(C2)N3)cc1,ChEMBL
chembl-endpoint-20260529T111633Z,CHEMBL238,DAT,pKi,Ki,CHEMBL294105,COC(=O)[C@H]1C2CC[C@@H]3C[C@@H]1/C(=C/c1ccccc1)CN23,5.804100347590766,1570.0,train,C(=C1/CN2C3CC[C@@H]2C[C@H]1C3)/c1ccccc1,ChEMBL
chembl-endpoint-20260529T111633Z,CHEMBL238,DAT,pKi,Ki,CHEMBL295467,CNCCC(Oc1ccccc1OC)c1ccccc1,7.522878745280337,30.0,train,c1ccc(COc2ccccc2)cc1,ChEMBL
chembl-endpoint-20260529T111633Z,CHEMBL238,DAT,pKi,Ki,CHEMBL303232,COC(=O)C1C(c2cccc(-c3ccsc3)c2)CC2CCC1N2C,7.525783735923745,29.8,train,c1cc(-c2ccsc2)cc(C2CC3CCC(C2)N3)c1,ChEMBL
chembl-endpoint-20260529T111633Z,CHEMBL238,DAT,pKi,Ki,CHEMBL303494,COC(=O)C1C(c2cccc(-c3ccco3)c2)CC2CCC1N2C,7.267606240177032,54.0,train,c1cc(-c2ccco2)cc(C2CC3CCC(C2)N3)c1,ChEMBL
chembl-endpoint-20260529T111633Z,CHEMBL238,DAT,pKi,Ki,CHEMBL304656,COC(=O)[C@H]1C2CC[C@@H]3C[C@@H]1/C(=C/c1ccc(Cl)c(Cl)c1)CN23,5.478861916295964,3320.0,train,C(=C1/CN2C3CC[C@@H]2C[C@H]1C3)/c1ccccc1,ChEMBL
chembl-endpoint-20260529T111633Z,CHEMBL238,DAT,pKi,Ki,CHEMBL306208,COC(=O)C1C(c2ccc(Cl)cc2)CC2CCC1N2C,8.958607314841775,1.1,train,c1ccc(C2CC3CCC(C2)N3)cc1,ChEMBL
chembl-endpoint-20260529T111633Z,CHEMBL238,DAT,pKi,Ki,CHEMBL307314,CN1C2CCC1C(C(=O)NCCCCCCCCNC(=O)C1C(c3ccc(Cl)cc3)CC3CCC1N3C)C(c1ccc(Cl)cc1)C2,8.173925197299173,6.7,train,O=C(NCCCCCCCCNC(=O)C1C2CCC(CC1c1ccccc1)N2)C1C2CCC(CC1c1ccccc1)N2,ChEMBL
chembl-endpoint-20260529T111633Z,CHEMBL238,DAT,pKi,Ki,CHEMBL311347,COC(=O)[C@@H]1C2CC[C@H](C[C@@H]1c1ccc(I)cc1)N2C,9.318758762624412,0.48,train,c1ccc([C@@H]2CC3CC[C@H](C2)N3)cc1,ChEMBL
chembl-endpoint-20260529T111633Z,CHEMBL238,DAT,pKi,Ki,CHEMBL331334,CN1CCC(O)(c2ccc(Cl)cc2Cl)C(C(=O)c2ccc(Cl)cc2Cl)C1,5.437707135543525,3650.0,train,O=C(c1ccccc1)C1CNCCC1c1ccccc1,ChEMBL
chembl-endpoint-20260529T111633Z,CHEMBL238,DAT,pKi,Ki,CHEMBL333280,CN1CCC(O)(c2ccc(Cl)c(Cl)c2)C([C@@H](O)c2ccc(Cl)c(Cl)c2)C1,5.382999658879101,4140.0,train,c1ccc(CC2CNCCC2c2ccccc2)cc1,ChEMBL
chembl-endpoint-20260529T111633Z,CHEMBL238,DAT,pKi,Ki,CHEMBL333476,Cc1ccc([C@H](O)C2CN(C)CCC2(O)c2ccc(C)cc2)cc1,4.972650392225243,10650.0,train,c1ccc(CC2CNCCC2c2ccccc2)cc1,ChEMBL
chembl-endpoint-20260529T111633Z,CHEMBL238,DAT,pKi,Ki,CHEMBL333667,O=C(Cc1ccccc1)NCCNCCOC(c1ccc(F)cc1)c1ccc(F)cc1,7.267606240177032,54.0,train,O=C(Cc1ccccc1)NCCNCCOC(c1ccccc1)c1ccccc1,ChEMBL
chembl-endpoint-20260529T111633Z,CHEMBL238,DAT,pKi,Ki,CHEMBL334577,OC1(c2ccc(Cl)cc2)c2ccc3ccccc3c2C2=NCCCN21,8.69680394257951,2.01,train,c1ccc(C2c3ccc4ccccc4c3C3=NCCCN32)cc1,ChEMBL
chembl-endpoint-20260529T111633Z,CHEMBL238,DAT,pKi,Ki,CHEMBL335423,COC(=O)C1C(c2ccc(OC)c(OC)c2)CC2CCC1N2C,5.813608784304507,1536.0,train,c1ccc(C2CC3CCC(C2)N3)cc1,ChEMBL
chembl-endpoint-20260529T111633Z,CHEMBL238,DAT,pKi,Ki,CHEMBL336100,OC1(c2ccc(Cl)cc2)c2cccc(F)c2C2=NCCN21,7.636388020107856,23.1,train,c1ccc(C2c3ccccc3C3=NCCN32)cc1,ChEMBL
chembl-endpoint-20260529T111633Z,CHEMBL238,DAT,pKi,Ki,CHEMBL336613,Clc1ccc(C2c3ccccc3C3=NCCN32)cc1,7.638272163982407,23.0,train,c1ccc(C2c3ccccc3C3=NCCN32)cc1,ChEMBL
chembl-endpoint-20260529T111633Z,CHEMBL238,DAT,pKi,Ki,CHEMBL336940,COc1cccc2c1C1=NCCN1C2(O)c1ccc(Cl)cc1,8.537602002101044,2.9,train,c1ccc(C2c3ccccc3C3=NCCN32)cc1,ChEMBL
chembl-endpoint-20260529T111633Z,CHEMBL238,DAT,pKi,Ki,CHEMBL337020,OC1(c2ccc(Cl)cc2)c2ccccc2C2=N[C@H]3CCCC[C@@H]3N21,6.818156412055227,152.0,train,c1ccc(C2c3ccccc3C3=N[C@H]4CCCC[C@@H]4N32)cc1,ChEMBL
chembl-endpoint-20260529T111633Z,CHEMBL238,DAT,pKi,Ki,CHEMBL340281,OC1(c2ccc3ccccc3c2)c2ccc3ccccc3c2C2=NCCN21,8.54821356447571,2.83,train,c1ccc2cc(C3c4ccc5ccccc5c4C4=NCCN43)ccc2c1,ChEMBL
chembl-endpoint-20260529T111633Z,CHEMBL238,DAT,pKi,Ki,CHEMBL341898,CN[C@@H]1C[C@@H](c2ccc(Cl)c(Cl)c2)c2ccccc21,7.568636235841013,27.0,train,c1ccc([C@@H]2CCc3ccccc32)cc1,ChEMBL
chembl-endpoint-20260529T111633Z,CHEMBL238,DAT,pKi,Ki,CHEMBL342055,c1ccc(CC(c2ccccc2)c2ccncc2)cc1,7.00436480540245,99.0,train,c1ccc(CC(c2ccccc2)c2ccncc2)cc1,ChEMBL
chembl-endpoint-20260529T111633Z,CHEMBL238,DAT,pKi,Ki,CHEMBL343211,CN(Cc1ccccc1)[C@@H]1C[C@@H](c2ccc(Cl)c(Cl)c2)c2ccccc21,6.920818753952375,120.0,train,c1ccc(CN[C@@H]2C[C@@H](c3ccccc3)c3ccccc32)cc1,ChEMBL
chembl-endpoint-20260529T111633Z,CHEMBL238,DAT,pKi,Ki,CHEMBL344110,CC(C)N(C)[C@H]1C[C@@H](c2ccc(Cl)c(Cl)c2)c2ccccc21,6.167491087293763,680.0,train,c1ccc([C@@H]2CCc3ccccc32)cc1,ChEMBL
chembl-endpoint-20260529T111633Z,CHEMBL238,DAT,pKi,Ki,CHEMBL344116,CCCN(C)[C@@H]1C[C@@H](c2ccc(Cl)c(Cl)c2)c2ccccc21,6.6020599913279625,250.0,train,c1ccc([C@@H]2CCc3ccccc32)cc1,ChEMBL
chembl-endpoint-20260529T111633Z,CHEMBL238,DAT,pKi,Ki,CHEMBL344513,CC(C)(C)N[C@@H]1C[C@@H](c2ccc(Cl)c(Cl)c2)c2ccccc21,6.886056647693163,130.0,train,c1ccc([C@@H]2CCc3ccccc32)cc1,ChEMBL
chembl-endpoint-20260529T111633Z,CHEMBL238,DAT,pKi,Ki,CHEMBL347772,c1ccc(C(c2ccccc2)c2ccccn2)cc1,6.129596094720973,742.0,train,c1ccc(C(c2ccccc2)c2ccccn2)cc1,ChEMBL
chembl-endpoint-20260529T111633Z,CHEMBL238,DAT,pKi,Ki,CHEMBL353333,COC(=O)[C@@H]1C2CCC(C[C@@H]1c1ccc(I)cc1)N2,9.920818753952375,0.12,train,c1ccc(C2CC3CCC(C2)N3)cc1,ChEMBL
chembl-endpoint-20260529T111633Z,CHEMBL238,DAT,pKi,Ki,CHEMBL356531,CN([C@H]1C[C@@H](c2ccc(Cl)c(Cl)c2)c2ccccc21)C(C)(C)C,5.552841968657781,2800.0,train,c1ccc([C@@H]2CCc3ccccc32)cc1,ChEMBL
chembl-endpoint-20260529T111633Z,CHEMBL238,DAT,pKi,Ki,CHEMBL356552,CCN[C@H]1C[C@@H](c2ccc(Cl)c(Cl)c2)c2ccccc21,6.853871964321762,140.0,train,c1ccc([C@@H]2CCc3ccccc32)cc1,ChEMBL
chembl-endpoint-20260529T111633Z,CHEMBL238,DAT,pKi,Ki,CHEMBL356750,CN(C)[C@@H]1C[C@@H](c2ccc(Cl)c(Cl)c2)c2ccccc21,8.060480747381382,8.7,train,c1ccc([C@@H]2CCc3ccccc32)cc1,ChEMBL
chembl-endpoint-20260529T111633Z,CHEMBL238,DAT,pKi,Ki,CHEMBL356981,CC(C)N(C)[C@@H]1C[C@@H](c2ccc(Cl)c(Cl)c2)c2ccccc21,6.7447274948966935,180.0,train,c1ccc([C@@H]2CCc3ccccc32)cc1,ChEMBL
chembl-endpoint-20260529T111633Z,CHEMBL238,DAT,pKi,Ki,CHEMBL359025,CC(C)N[C@@H]1C[C@@H](c2ccc(Cl)c(Cl)c2)c2ccccc21,7.494850021680094,32.0,train,c1ccc([C@@H]2CCc3ccccc32)cc1,ChEMBL
chembl-endpoint-20260529T111633Z,CHEMBL238,DAT,pKi,Ki,CHEMBL370805,COC(=O)[C@H]1[C@@H](OC(=O)c2ccccc2)C[C@@H]2CC[C@H]1N2C,7.494850021680094,32.0,train,O=C(O[C@@H]1C[C@H]2CC[C@@H](C1)N2)c1ccccc1,ChEMBL
chembl-endpoint-20260529T111633Z,CHEMBL238,DAT,pKi,Ki,CHEMBL417035,Fc1ccc(CCNCC2CCCN(CCOC(c3ccccc3)c3ccccc3)C2)cc1,7.060480747381382,87.0,train,c1ccc(CCNCC2CCCN(CCOC(c3ccccc3)c3ccccc3)C2)cc1,ChEMBL
chembl-endpoint-20260529T111633Z,CHEMBL238,DAT,pKi,Ki,CHEMBL417049,CN(CCOC(c1ccccc1)c1ccccc1)C1CCN(CCCc2ccccc2)CC1,7.522878745280337,30.0,train,c1ccc(CCCN2CCC(NCCOC(c3ccccc3)c3ccccc3)CC2)cc1,ChEMBL
chembl-endpoint-20260529T111633Z,CHEMBL238,DAT,pKi,Ki,CHEMBL420900,O=C(Cc1ccccc1)NCCCNCCOC(c1ccc(F)cc1)c1ccc(F)cc1,7.214670164989233,61.0,train,O=C(Cc1ccccc1)NCCCNCCOC(c1ccccc1)c1ccccc1,ChEMBL
chembl-endpoint-20260529T111633Z,CHEMBL238,DAT,pKi,Ki,CHEMBL421867,c1ccc(CCCNC2CCN(CCOC(c3ccccc3)c3ccccc3)CC2)cc1,6.795880017344075,160.0,train,c1ccc(CCCNC2CCN(CCOC(c3ccccc3)c3ccccc3)CC2)cc1,ChEMBL
chembl-endpoint-20260529T111633Z,CHEMBL238,DAT,pKi,Ki,CHEMBL424496,CC(C)N[C@H]1C[C@@H](c2ccc(Cl)c(Cl)c2)c2ccccc21,6.346787486224656,450.0,train,c1ccc([C@@H]2CCc3ccccc32)cc1,ChEMBL
chembl-endpoint-20260529T111633Z,CHEMBL238,DAT,pKi,Ki,CHEMBL428706,COC(=O)C1C2CCC(CC1c1ccc(/C=C\I)cc1)N2,8.455931955649724,3.5,train,c1ccc(C2CC3CCC(C2)N3)cc1,ChEMBL
chembl-endpoint-20260529T111633Z,CHEMBL238,DAT,pKi,Ki,CHEMBL432394,CN(C)Cc1ccccc1Sc1ccc(Cl)cc1N,6.939302159646388,115.0,train,c1ccc(Sc2ccccc2)cc1,ChEMBL
chembl-endpoint-20260529T111633Z,CHEMBL238,DAT,pKi,Ki,CHEMBL432727,CN1C2CCC1C(C(=O)NCCCCCCNC(=O)C1C(c3ccc(Cl)cc3)CC3CCC1N3C)C(c1ccc(Cl)cc1)C2,7.735182176990463,18.4,train,O=C(NCCCCCCNC(=O)C1C2CCC(CC1c1ccccc1)N2)C1C2CCC(CC1c1ccccc1)N2,ChEMBL
chembl-endpoint-20260529T111633Z,CHEMBL238,DAT,pKi,Ki,CHEMBL443797,CN(CCCc1ccccc1)C1CCN(CCOC(c2ccccc2)c2ccccc2)CC1,6.468521082957745,340.0,train,c1ccc(CCCNC2CCN(CCOC(c3ccccc3)c3ccccc3)CC2)cc1,ChEMBL
chembl-endpoint-20260529T111633Z,CHEMBL238,DAT,pKi,Ki,CHEMBL538405,Fc1ccc(C(OCCC2CCN(Cc3cc4ccccc4[nH]3)CC2)c2ccc(F)cc2)cc1,9.136677139879543,0.73,train,c1ccc(C(OCCC2CCN(Cc3cc4ccccc4[nH]3)CC2)c2ccccc2)cc1,ChEMBL
chembl-endpoint-20260529T111633Z,CHEMBL238,DAT,pKi,Ki,CHEMBL542436,Br.Cc1ccc2c(c1O)C[C@@H](C1CCCCC1)O[C@H]2CN,5.728158393463501,1870.0,train,c1ccc2c(c1)CO[C@H](C1CCCCC1)C2,ChEMBL
chembl-endpoint-20260529T111633Z,CHEMBL238,DAT,pKi,Ki,CHEMBL544370,Cl.OC1(c2ccc3c(c2)OCO3)c2ccccc2C2=NCCCN21,8.593459819566045,2.55,train,c1ccc2c(c1)C1=NCCCN1C2c1ccc2c(c1)OCO2,ChEMBL
chembl-endpoint-20260529T111633Z,CHEMBL238,DAT,pKi,Ki,CHEMBL612232,COC(=O)[C@H]1C2CC[C@@H]3C[C@@H]1/C(=C/c1ccc(OC)cc1)CN23,5.443697499232712,3600.0,train,C(=C1/CN2C3CC[C@@H]2C[C@H]1C3)/c1ccccc1,ChEMBL
chembl-endpoint-20260529T111633Z,CHEMBL238,DAT,pKi,Ki,CHEMBL63703,c1ccc(CN2CCC(NCCOC(c3ccccc3)c3ccccc3)CC2)cc1,7.080921907623926,83.0,train,c1ccc(CN2CCC(NCCOC(c3ccccc3)c3ccccc3)CC2)cc1,ChEMBL
chembl-endpoint-20260529T111633Z,CHEMBL238,DAT,pKi,Ki,CHEMBL66068,COC(=O)C1C2CCC(CC1c1cccc(I)c1)N2,6.3585258894959,438.0,train,c1ccc(C2CC3CCC(C2)N3)cc1,ChEMBL
chembl-endpoint-20260529T111633Z,CHEMBL238,DAT,pKi,Ki,CHEMBL66112,Fc1ccc(CCN2CCCC(CNCCOC(c3ccccc3)c3ccccc3)C2)cc1,7.0,100.0,train,c1ccc(CCN2CCCC(CNCCOC(c3ccccc3)c3ccccc3)C2)cc1,ChEMBL
chembl-endpoint-20260529T111633Z,CHEMBL238,DAT,pKi,Ki,CHEMBL67078,c1ccc(CCCNCC2CCCN(CCOC(c3ccccc3)c3ccccc3)C2)cc1,7.154901959985743,70.0,train,c1ccc(CCCNCC2CCCN(CCOC(c3ccccc3)c3ccccc3)C2)cc1,ChEMBL
chembl-endpoint-20260529T111633Z,CHEMBL238,DAT,pKi,Ki,CHEMBL67203,c1ccc(CCCN2CCCC(CNCCOC(c3ccccc3)c3ccccc3)C2)cc1,7.7447274948966935,18.0,train,c1ccc(CCCN2CCCC(CNCCOC(c3ccccc3)c3ccccc3)C2)cc1,ChEMBL
chembl-endpoint-20260529T111633Z,CHEMBL238,DAT,pKi,Ki,CHEMBL67387,COC(=O)C1C(c2cccc(I)c2)CC2CCC1N2C,6.739928612014925,182.0,train,c1ccc(C2CC3CCC(C2)N3)cc1,ChEMBL
chembl-endpoint-20260529T111633Z,CHEMBL238,DAT,pKi,Ki,CHEMBL69380,CN(CCc1ccc(F)cc1)CC1CCCN(CCOC(c2ccccc2)c2ccccc2)C1,7.045757490560675,90.0,train,c1ccc(CCNCC2CCCN(CCOC(c3ccccc3)c3ccccc3)C2)cc1,ChEMBL
chembl-endpoint-20260529T111633Z,CHEMBL238,DAT,pKi,Ki,CHEMBL72,CNCCCN1c2ccccc2CCc2ccccc21,9.309803919971486,0.49,train,c1ccc2c(c1)CCc1ccccc1N2,ChEMBL
chembl-endpoint-20260529T111633Z,CHEMBL238,DAT,pKi,Ki,CHEMBL77867,Fc1ccc(C(OCCC2CCN(CCCc3ccccc3)CC2)c2ccc(F)cc2)cc1,8.958607314841775,1.1,train,c1ccc(CCCN2CCC(CCOC(c3ccccc3)c3ccccc3)CC2)cc1,ChEMBL
chembl-endpoint-20260529T111633Z,CHEMBL238,DAT,pKi,Ki,CHEMBL781,OC1(c2ccc(Cl)cc2)c2ccccc2C2=NCCN21,7.346787486224656,45.0,train,c1ccc(C2c3ccccc3C3=NCCN32)cc1,ChEMBL
chembl-endpoint-20260529T111633Z,CHEMBL253,CB2,pIC50,IC50,CHEMBL178372,CCCCCOc1c(OC)ccc2cc(C(=O)NCc3ccc4c(c3)OCO4)c(=O)[nH]c12,7.599980364934842,25.12,external,O=C(NCc1ccc2c(c1)OCO2)c1cc2ccccc2[nH]c1=O,ChEMBL
chembl-endpoint-20260529T111633Z,CHEMBL253,CB2,pIC50,IC50,CHEMBL201102,COc1c(NC(C)=O)c2cc(-c3ccc(Cl)cc3)c(-c3ccc(Cl)cc3Cl)nc2n(C)c1=O,5.958607314841775,1100.0,external,O=c1ccc2cc(-c3ccccc3)c(-c3ccccc3)nc2[nH]1,ChEMBL
chembl-endpoint-20260529T111633Z,CHEMBL253,CB2,pIC50,IC50,CHEMBL201388,CC(=O)Nc1c(C(C)=O)c(=O)n(CC(C)C)c2nc(-c3ccc(Cl)cc3Cl)c(-c3ccc(Cl)cc3)cc12,5.207608310501746,6200.0,external,O=c1ccc2cc(-c3ccccc3)c(-c3ccccc3)nc2[nH]1,ChEMBL
chembl-endpoint-20260529T111633Z,CHEMBL253,CB2,pIC50,IC50,CHEMBL201552,COCC(=O)Nc1c(C(C)=O)c(=O)n(C)c2nc(-c3ccc(Cl)cc3Cl)c(-c3ccc(Cl)cc3)cc12,5.494850021680094,3200.0,external,O=c1ccc2cc(-c3ccccc3)c(-c3ccccc3)nc2[nH]1,ChEMBL
chembl-endpoint-20260529T111633Z,CHEMBL253,CB2,pIC50,IC50,CHEMBL202013,CC(=O)Nc1c(C)c(=O)n(C)c2nc(-c3ccc(Cl)cc3Cl)c(-c3ccc(Cl)cc3)cc12,5.823908740944319,1500.0,external,O=c1ccc2cc(-c3ccccc3)c(-c3ccccc3)nc2[nH]1,ChEMBL
chembl-endpoint-20260529T111633Z,CHEMBL253,CB2,pIC50,IC50,CHEMBL202064,CC(=O)Nc1c(C(C)=O)c(=O)n(CC2CCCO2)c2nc(-c3ccc(Cl)cc3Cl)c(-c3ccc(Cl)cc3)cc12,5.853871964321762,1400.0,external,O=c1ccc2cc(-c3ccccc3)c(-c3ccccc3)nc2n1CC1CCCO1,ChEMBL
chembl-endpoint-20260529T111633Z,CHEMBL253,CB2,pIC50,IC50,CHEMBL202201,CC(=O)c1c(NC(=O)CO)c2cc(-c3ccc(Cl)cc3)c(-c3ccc(Cl)cc3Cl)nc2n(C)c1=O,5.443697499232712,3600.0,external,O=c1ccc2cc(-c3ccccc3)c(-c3ccccc3)nc2[nH]1,ChEMBL
chembl-endpoint-20260529T111633Z,CHEMBL253,CB2,pIC50,IC50,CHEMBL202202,CC(=O)c1c(C)c2cc(-c3ccc(Cl)cc3)c(-c3ccc(Cl)cc3Cl)nc2n(C)c1=O,5.853871964321762,1400.0,external,O=c1ccc2cc(-c3ccccc3)c(-c3ccccc3)nc2[nH]1,ChEMBL
chembl-endpoint-20260529T111633Z,CHEMBL253,CB2,pIC50,IC50,CHEMBL202659,CC(=O)Nc1c(N(C)C)c(=O)n(C)c2nc(-c3ccc(Cl)cc3Cl)c(-c3ccc(Cl)cc3)cc12,5.6020599913279625,2500.0,external,O=c1ccc2cc(-c3ccccc3)c(-c3ccccc3)nc2[nH]1,ChEMBL
chembl-endpoint-20260529T111633Z,CHEMBL253,CB2,pIC50,IC50,CHEMBL203811,CC(=O)c1c(N)c2cc(-c3ccc(Cl)cc3)c(-c3ccc(Cl)cc3Cl)nc2n(C)c1=O,5.958607314841775,1100.0,external,O=c1ccc2cc(-c3ccccc3)c(-c3ccccc3)nc2[nH]1,ChEMBL
chembl-endpoint-20260529T111633Z,CHEMBL253,CB2,pIC50,IC50,CHEMBL204232,CC(=O)Nc1c(C(C)=O)c(=O)n(C)c2nc(-c3ccc(Cl)cc3Cl)c(-c3ccc(Cl)cc3)cc12,5.3872161432802645,4100.0,external,O=c1ccc2cc(-c3ccccc3)c(-c3ccccc3)nc2[nH]1,ChEMBL
chembl-endpoint-20260529T111633Z,CHEMBL253,CB2,pIC50,IC50,CHEMBL204391,CC(=O)Nc1cc(=O)n(C)c2nc(-c3ccc(Cl)cc3Cl)c(-c3ccc(Cl)cc3)cc12,6.42021640338319,380.0,external,O=c1ccc2cc(-c3ccccc3)c(-c3ccccc3)nc2[nH]1,ChEMBL
chembl-endpoint-20260529T111633Z,CHEMBL253,CB2,pIC50,IC50,CHEMBL206492,CCCCCOc1c(OC)ccc2cc(C(=O)Nc3ccccc3N)c(O)nc12,7.899974269892137,12.59,external,O=C(Nc1ccccc1)c1cnc2ccccc2c1,ChEMBL
chembl-endpoint-20260529T111633Z,CHEMBL253,CB2,pIC50,IC50,CHEMBL2096840,C[C@@H](NC(=O)C(C)(C)Oc1ccc(Cl)cc1)[C@H](Cc1ccc(Cl)cc1)c1ccc(Cl)cc1,6.221848749616356,600.0,external,O=C(COc1ccccc1)NC[C@H](Cc1ccccc1)c1ccccc1,ChEMBL
chembl-endpoint-20260529T111633Z,CHEMBL253,CB2,pIC50,IC50,CHEMBL2096841,C[C@@H](NC(=O)C(C)(C)Oc1ccc(Cl)cc1)[C@H](Cc1ccc(Cl)cc1)c1ccccc1,5.769551078621726,1700.0,external,O=C(COc1ccccc1)NC[C@H](Cc1ccccc1)c1ccccc1,ChEMBL
chembl-endpoint-20260529T111633Z,CHEMBL253,CB2,pIC50,IC50,CHEMBL230073,C[C@H](NC(=O)c1cc(Cl)cc(Cl)c1)[C@@H](Cc1ccc(Cl)cc1)c1cccc(C#N)c1,6.743041847439068,180.7,external,O=C(NC[C@@H](Cc1ccccc1)c1ccccc1)c1ccccc1,ChEMBL
chembl-endpoint-20260529T111633Z,CHEMBL253,CB2,pIC50,IC50,CHEMBL230189,C[C@H](NC(=O)c1c(Cl)cccc1Cl)[C@@H](Cc1ccc(Cl)cc1)c1cccc(C#N)c1,6.024568191490737,945.0,external,O=C(NC[C@@H](Cc1ccccc1)c1ccccc1)c1ccccc1,ChEMBL
chembl-endpoint-20260529T111633Z,CHEMBL253,CB2,pIC50,IC50,CHEMBL231642,C[C@H](NC(=O)c1ccccc1)[C@@H](Cc1ccc(Cl)cc1)c1cccc(C#N)c1,5.719649306953994,1907.0,external,O=C(NC[C@@H](Cc1ccccc1)c1ccccc1)c1ccccc1,ChEMBL
chembl-endpoint-20260529T111633Z,CHEMBL253,CB2,pIC50,IC50,CHEMBL236374,Cc1c(C(C)(C)C)s/c(=N\S(=O)(=O)c2cccc3ccccc23)n1CC1CC1,7.795880017344075,16.0,external,O=S(=O)(/N=c1\sccn1CC1CC1)c1cccc2ccccc12,ChEMBL
chembl-endpoint-20260529T111633Z,CHEMBL253,CB2,pIC50,IC50,CHEMBL246686,CC(C)(C)C(=O)N1CCN(c2nc(-c3ccccc3Cl)c(-c3ccc(Cl)cc3)cc2C#N)CC1,5.958607314841775,1100.0,external,c1ccc(-c2ccc(N3CCNCC3)nc2-c2ccccc2)cc1,ChEMBL
chembl-endpoint-20260529T111633Z,CHEMBL253,CB2,pIC50,IC50,CHEMBL247139,N#Cc1cc(-c2ccc(Cl)cc2)c(-c2ccc(Cl)cc2Cl)nc1Nc1ccc(F)cc1,5.552841968657781,2800.0,external,c1ccc(Nc2ccc(-c3ccccc3)c(-c3ccccc3)n2)cc1,ChEMBL
chembl-endpoint-20260529T111633Z,CHEMBL253,CB2,pIC50,IC50,CHEMBL265787,CC(=O)Nc1c(C#N)c(=O)n(C)c2nc(-c3ccc(Cl)cc3Cl)c(-c3ccc(Cl)cc3)cc12,6.142667503568732,720.0,external,O=c1ccc2cc(-c3ccccc3)c(-c3ccccc3)nc2[nH]1,ChEMBL
chembl-endpoint-20260529T111633Z,CHEMBL253,CB2,pIC50,IC50,CHEMBL271783,Cc1c(C(=O)NCC2CCCCC2)nn(-c2ccc(Cl)cc2)c1-n1cccc1,6.301029995663981,500.0,external,O=C(NCC1CCCCC1)c1cc(-n2cccc2)n(-c2ccccc2)n1,ChEMBL
chembl-endpoint-20260529T111633Z,CHEMBL253,CB2,pIC50,IC50,CHEMBL370388,CC(=O)c1c(N(C)C)c2cc(-c3ccc(Cl)cc3)c(-c3ccc(Cl)cc3Cl)nc2n(C)c1=O,5.853871964321762,1400.0,external,O=c1ccc2cc(-c3ccccc3)c(-c3ccccc3)nc2[nH]1,ChEMBL
chembl-endpoint-20260529T111633Z,CHEMBL253,CB2,pIC50,IC50,CHEMBL371252,COCCn1c(=O)c(C(C)=O)c(NC(C)=O)c2cc(-c3ccc(Cl)cc3)c(-c3ccc(Cl)cc3Cl)nc21,5.7447274948966935,1800.0,external,O=c1ccc2cc(-c3ccccc3)c(-c3ccccc3)nc2[nH]1,ChEMBL
chembl-endpoint-20260529T111633Z,CHEMBL253,CB2,pIC50,IC50,CHEMBL380483,CC(=O)Nc1c(C(C)=O)c(=O)n(CCO)c2nc(-c3ccc(Cl)cc3Cl)c(-c3ccc(Cl)cc3)cc12,5.823908740944319,1500.0,external,O=c1ccc2cc(-c3ccccc3)c(-c3ccccc3)nc2[nH]1,ChEMBL
chembl-endpoint-20260529T111633Z,CHEMBL253,CB2,pIC50,IC50,CHEMBL381677,CC(=O)Nc1c(C(C)C)c(=O)n(C)c2nc(-c3ccc(Cl)cc3Cl)c(-c3ccc(Cl)cc3)cc12,5.267606240177032,5400.0,external,O=c1ccc2cc(-c3ccccc3)c(-c3ccccc3)nc2[nH]1,ChEMBL
chembl-endpoint-20260529T111633Z,CHEMBL253,CB2,pIC50,IC50,CHEMBL393620,Cc1c(C(C)(C)C)s/c(=N\S(=O)(=O)c2ccc3ccccc3c2)n1CC1CC1,6.309803919971486,490.0,external,O=S(=O)(/N=c1\sccn1CC1CC1)c1ccc2ccccc2c1,ChEMBL
chembl-endpoint-20260529T111633Z,CHEMBL253,CB2,pIC50,IC50,CHEMBL397329,CC(C)(C)N1CCN(c2nc(-c3ccccc3Cl)c(-c3ccc(Cl)cc3)cc2C#N)CC1,5.585026652029182,2600.0,external,c1ccc(-c2ccc(N3CCNCC3)nc2-c2ccccc2)cc1,ChEMBL
chembl-endpoint-20260529T111633Z,CHEMBL253,CB2,pIC50,IC50,CHEMBL201989,CCCCCOc1c(OC)ccc2cc(C(=O)NCCc3ccc([N+](=O)[O-])cc3)c(O)nc12,7.0,100.0,scaffold_test,O=C(NCCc1ccccc1)c1cnc2ccccc2c1,ChEMBL
chembl-endpoint-20260529T111633Z,CHEMBL253,CB2,pIC50,IC50,CHEMBL203560,CCCCCOc1c(OC)ccc2cc(C(=O)NCCc3ccc(O)c(O)c3)c(O)nc12,6.399996913372259,398.11,scaffold_test,O=C(NCCc1ccccc1)c1cnc2ccccc2c1,ChEMBL
chembl-endpoint-20260529T111633Z,CHEMBL253,CB2,pIC50,IC50,CHEMBL203924,CCCCCOc1c(OC)ccc2cc(C(=O)NCCc3ccc(Cl)cc3)c(=O)[nH]c12,8.299988937677888,5.012,scaffold_test,O=C(NCCc1ccccc1)c1cc2ccccc2[nH]c1=O,ChEMBL
chembl-endpoint-20260529T111633Z,CHEMBL253,CB2,pIC50,IC50,CHEMBL204387,CCCCCOc1c(OC)ccc2cc(C(=O)NCCc3ccc(O)cc3)c(O)nc12,8.0,10.0,scaffold_test,O=C(NCCc1ccccc1)c1cnc2ccccc2c1,ChEMBL
chembl-endpoint-20260529T111633Z,CHEMBL253,CB2,pIC50,IC50,CHEMBL204433,CCCCCOc1c(OC)ccc2cc(C(=O)NCCCc3ccccc3)c(=O)[nH]c12,9.100015437450608,0.7943,scaffold_test,O=C(NCCCc1ccccc1)c1cc2ccccc2[nH]c1=O,ChEMBL
chembl-endpoint-20260529T111633Z,CHEMBL253,CB2,pIC50,IC50,CHEMBL2113258,C[C@H](NC(=O)C(C)(C)Oc1ccncc1)[C@H](Cc1ccc(Cl)cc1)c1ccccc1,5.920818753952375,1200.0,scaffold_test,O=C(COc1ccncc1)NC[C@H](Cc1ccccc1)c1ccccc1,ChEMBL
chembl-endpoint-20260529T111633Z,CHEMBL253,CB2,pIC50,IC50,CHEMBL247105,Cn1cc(-c2nc(-c3ccccc3Cl)c(-c3ccc(Cl)cc3)cc2C#N)cn1,5.481486060122113,3300.0,scaffold_test,c1ccc(-c2ccc(-c3cn[nH]c3)nc2-c2ccccc2)cc1,ChEMBL
chembl-endpoint-20260529T111633Z,CHEMBL253,CB2,pIC50,IC50,CHEMBL247511,N#Cc1cc(-c2ccc(Cl)cc2)c(-c2ccc(Cl)cc2Cl)nc1-n1ccnc1,6.508638306165727,310.0,scaffold_test,c1ccc(-c2ccc(-n3ccnc3)nc2-c2ccccc2)cc1,ChEMBL
chembl-endpoint-20260529T111633Z,CHEMBL253,CB2,pIC50,IC50,CHEMBL247832,Cc1c(C(C)(C)C)s/c(=N\C(=O)c2cccc(C(F)(F)F)c2)n1C,6.657577319177793,220.0,scaffold_test,O=C(/N=c1/[nH]ccs1)c1ccccc1,ChEMBL
chembl-endpoint-20260529T111633Z,CHEMBL253,CB2,pIC50,IC50,CHEMBL248013,CCn1c(C)c(C(C)(C)C)s/c1=N\C(=O)c1cccc(C(F)(F)F)c1,7.130768280269024,74.0,scaffold_test,O=C(/N=c1/[nH]ccs1)c1ccccc1,ChEMBL
chembl-endpoint-20260529T111633Z,CHEMBL253,CB2,pIC50,IC50,CHEMBL248014,COCCn1c(C)c(C(C)(C)C)s/c1=N\C(=O)c1cccc(C(F)(F)F)c1,8.0,10.0,scaffold_test,O=C(/N=c1/[nH]ccs1)c1ccccc1,ChEMBL
chembl-endpoint-20260529T111633Z,CHEMBL253,CB2,pIC50,IC50,CHEMBL248015,CCOCCn1c(C)c(C(C)(C)C)s/c1=N\C(=O)c1cccc(C(F)(F)F)c1,8.638272163982407,2.3,scaffold_test,O=C(/N=c1/[nH]ccs1)c1ccccc1,ChEMBL
chembl-endpoint-20260529T111633Z,CHEMBL253,CB2,pIC50,IC50,CHEMBL263915,Cc1c(-c2nnnn2C2CCCCCC2)nn(-c2ccc(Cl)cc2Cl)c1-c1ccc(Cl)cc1,6.087246696328677,818.0,scaffold_test,c1ccc(-c2cc(-c3nnnn3C3CCCCCC3)nn2-c2ccccc2)cc1,ChEMBL
chembl-endpoint-20260529T111633Z,CHEMBL253,CB2,pIC50,IC50,CHEMBL381314,CCCCCOc1c(OC)ccc2cc(C(=O)NCCc3ccccc3)c(=O)[nH]c12,9.199970640755865,0.631,scaffold_test,O=C(NCCc1ccccc1)c1cc2ccccc2[nH]c1=O,ChEMBL
chembl-endpoint-20260529T111633Z,CHEMBL253,CB2,pIC50,IC50,CHEMBL382676,CCCCCOc1c(OC)ccc2cc(C(=O)NCCc3ccc(N)cc3)c(O)nc12,8.500038134403809,3.162,scaffold_test,O=C(NCCc1ccccc1)c1cnc2ccccc2c1,ChEMBL
chembl-endpoint-20260529T111633Z,CHEMBL253,CB2,pIC50,IC50,CHEMBL399911,CCCn1c(C)c(C(C)(C)C)s/c1=N\C(=O)c1cccc(C(F)(F)F)c1,7.337242168318426,46.0,scaffold_test,O=C(/N=c1/[nH]ccs1)c1ccccc1,ChEMBL
chembl-endpoint-20260529T111633Z,CHEMBL253,CB2,pIC50,IC50,CHEMBL412262,CN/C(=N\S(=O)(=O)c1ccc(Cl)cc1)N1C[C@H](c2ccccc2)C(c2ccc(Cl)cc2)=N1,5.958607314841775,1100.0,scaffold_test,O=S(=O)(N=CN1C[C@H](c2ccccc2)C(c2ccccc2)=N1)c1ccccc1,ChEMBL
chembl-endpoint-20260529T111633Z,CHEMBL253,CB2,pIC50,IC50,CHEMBL111,Cc1c(C(=O)NN2CCCCC2)nn(-c2ccc(Cl)cc2Cl)c1-c1ccc(Cl)cc1,6.221848749616356,600.0,train,O=C(NN1CCCCC1)c1cc(-c2ccccc2)n(-c2ccccc2)n1,ChEMBL
chembl-endpoint-20260529T111633Z,CHEMBL253,CB2,pIC50,IC50,CHEMBL188,Cc1c(C(=O)c2cccc3ccccc23)c2cccc3c2n1[C@H](CN1CCOCC1)CO3,8.050609993355087,8.9,train,O=C(c1cccc2ccccc12)c1cn2c3c(cccc13)OC[C@H]2CN1CCOCC1,ChEMBL
chembl-endpoint-20260529T111633Z,CHEMBL253,CB2,pIC50,IC50,CHEMBL202169,CC(=O)Nc1c(C(C)=O)c(=O)n(Cc2ccccc2)c2nc(-c3ccc(Cl)cc3Cl)c(-c3ccc(Cl)cc3)cc12,5.292429823902063,5100.0,train,O=c1ccc2cc(-c3ccccc3)c(-c3ccccc3)nc2n1Cc1ccccc1,ChEMBL
chembl-endpoint-20260529T111633Z,CHEMBL253,CB2,pIC50,IC50,CHEMBL202852,CCCCCOc1c(OC)ccc2cc(C(=O)NCc3ccccc3)c(O)nc12,7.199970640755866,63.1,train,O=C(NCc1ccccc1)c1cnc2ccccc2c1,ChEMBL
chembl-endpoint-20260529T111633Z,CHEMBL253,CB2,pIC50,IC50,CHEMBL203152,CC(=O)Nc1c(C(C)=O)c(O)nc2nc(-c3ccc(Cl)cc3Cl)c(-c3ccc(Cl)cc3)cc12,5.853871964321762,1400.0,train,c1ccc(-c2cc3cccnc3nc2-c2ccccc2)cc1,ChEMBL
chembl-endpoint-20260529T111633Z,CHEMBL253,CB2,pIC50,IC50,CHEMBL204760,CCCCCOc1c(OC)ccc2cc(C(=O)NCc3ccc(O)c(O)c3)c(O)nc12,5.40000018605658,3981.07,train,O=C(NCc1ccccc1)c1cnc2ccccc2c1,ChEMBL
chembl-endpoint-20260529T111633Z,CHEMBL253,CB2,pIC50,IC50,CHEMBL2113250,C[C@H](NC(=O)C(C)(C)Oc1ccc(Cl)cc1)[C@@H](Cc1ccc(Cl)cc1)c1cccc(F)c1,6.275724130399211,530.0,train,O=C(COc1ccccc1)NC[C@@H](Cc1ccccc1)c1ccccc1,ChEMBL
chembl-endpoint-20260529T111633Z,CHEMBL253,CB2,pIC50,IC50,CHEMBL2113251,C[C@H](NC(=O)C(C)(C)Oc1ccc(Cl)cc1)[C@@H](Cc1ccc(Cl)cc1)c1ccccc1F,6.3872161432802645,410.0,train,O=C(COc1ccccc1)NC[C@@H](Cc1ccccc1)c1ccccc1,ChEMBL
chembl-endpoint-20260529T111633Z,CHEMBL253,CB2,pIC50,IC50,CHEMBL217862,C[C@H](NC(=O)C(C)(C)Oc1ccccc1)[C@@H](Cc1ccc(Cl)cc1)c1ccccc1,6.346787486224656,450.0,train,O=C(COc1ccccc1)NC[C@@H](Cc1ccccc1)c1ccccc1,ChEMBL
chembl-endpoint-20260529T111633Z,CHEMBL253,CB2,pIC50,IC50,CHEMBL218649,C[C@H](NC(=O)C(C)(C)Oc1ccc(Cl)cc1)[C@@H](Cc1ccc(Cl)cc1)c1ccccc1,6.113509274827518,770.0,train,O=C(COc1ccccc1)NC[C@@H](Cc1ccccc1)c1ccccc1,ChEMBL
chembl-endpoint-20260529T111633Z,CHEMBL253,CB2,pIC50,IC50,CHEMBL219188,CC(NC(=O)C(C)(C)Oc1ccc(Cl)cc1)C(Cc1ccc(Cl)cc1)c1ccccc1,6.214670164989233,610.0,train,O=C(COc1ccccc1)NCC(Cc1ccccc1)c1ccccc1,ChEMBL
chembl-endpoint-20260529T111633Z,CHEMBL253,CB2,pIC50,IC50,CHEMBL219480,C[C@H](NC(=O)C(C)(C)Oc1cc(F)cc(F)c1)[C@@H](Cc1ccc(Cl)cc1)c1ccccc1,6.698970004336019,200.0,train,O=C(COc1ccccc1)NC[C@@H](Cc1ccccc1)c1ccccc1,ChEMBL
chembl-endpoint-20260529T111633Z,CHEMBL253,CB2,pIC50,IC50,CHEMBL220360,C[C@H](NC(=O)C(C)(C)Oc1ccc(C(F)(F)F)cn1)[C@@H](Cc1ccc(Cl)cc1)c1cccc(C#N)c1,6.5376020021010435,290.0,train,O=C(COc1ccccn1)NC[C@@H](Cc1ccccc1)c1ccccc1,ChEMBL
chembl-endpoint-20260529T111633Z,CHEMBL253,CB2,pIC50,IC50,CHEMBL226591,Cc1ccc(OC(C)(C)C(=O)N[C@@H](C)[C@@H](Cc2ccc(OCCF)cc2)c2cccc(C#N)c2)nc1,7.356547323513812,44.0,train,O=C(COc1ccccn1)NC[C@@H](Cc1ccccc1)c1ccccc1,ChEMBL
chembl-endpoint-20260529T111633Z,CHEMBL253,CB2,pIC50,IC50,CHEMBL230062,C[C@H](NS(=O)(=O)c1cccc(Cl)c1Cl)[C@@H](Cc1ccc(Cl)cc1)c1cccc(C#N)c1,6.695294101787234,201.7,train,O=S(=O)(NC[C@@H](Cc1ccccc1)c1ccccc1)c1ccccc1,ChEMBL
chembl-endpoint-20260529T111633Z,CHEMBL253,CB2,pIC50,IC50,CHEMBL230181,CCCCS(=O)(=O)N[C@@H](C)[C@@H](Cc1ccc(Cl)cc1)c1cccc(C#N)c1,5.841336019186011,1441.0,train,c1ccc(CCc2ccccc2)cc1,ChEMBL
chembl-endpoint-20260529T111633Z,CHEMBL253,CB2,pIC50,IC50,CHEMBL230506,C[C@H](NS(=O)(=O)c1c(Cl)cccc1Cl)[C@@H](Cc1ccc(Cl)cc1)c1cccc(C#N)c1,6.547446936771075,283.5,train,O=S(=O)(NC[C@@H](Cc1ccccc1)c1ccccc1)c1ccccc1,ChEMBL
chembl-endpoint-20260529T111633Z,CHEMBL253,CB2,pIC50,IC50,CHEMBL230610,C[C@H](NS(=O)(=O)c1cc(Cl)cc(Cl)c1)[C@@H](Cc1ccc(Cl)cc1)c1cccc(C#N)c1,6.000956500396837,997.8,train,O=S(=O)(NC[C@@H](Cc1ccccc1)c1ccccc1)c1ccccc1,ChEMBL
chembl-endpoint-20260529T111633Z,CHEMBL253,CB2,pIC50,IC50,CHEMBL230713,C[C@H](NS(=O)(=O)c1ccccc1Cl)[C@@H](Cc1ccc(Cl)cc1)c1cccc(C#N)c1,6.175093528697888,668.2,train,O=S(=O)(NC[C@@H](Cc1ccccc1)c1ccccc1)c1ccccc1,ChEMBL
chembl-endpoint-20260529T111633Z,CHEMBL253,CB2,pIC50,IC50,CHEMBL230715,C[C@H](NS(=O)(=O)c1cc(C(F)(F)F)cc(C(F)(F)F)c1)[C@@H](Cc1ccc(Cl)cc1)c1cccc(C#N)c1,5.755722879198157,1755.0,train,O=S(=O)(NC[C@@H](Cc1ccccc1)c1ccccc1)c1ccccc1,ChEMBL
chembl-endpoint-20260529T111633Z,CHEMBL253,CB2,pIC50,IC50,CHEMBL230716,C[C@H](NS(=O)(=O)c1cc(F)cc(F)c1)[C@@H](Cc1ccc(Cl)cc1)c1cccc(C#N)c1,5.966978555317089,1079.0,train,O=S(=O)(NC[C@@H](Cc1ccccc1)c1ccccc1)c1ccccc1,ChEMBL
chembl-endpoint-20260529T111633Z,CHEMBL253,CB2,pIC50,IC50,CHEMBL230717,C[C@H](NS(=O)(=O)c1cccc(-c2ccccc2)c1)[C@@H](Cc1ccc(Cl)cc1)c1cccc(C#N)c1,6.4040630937308265,394.4,train,O=S(=O)(NC[C@@H](Cc1ccccc1)c1ccccc1)c1cccc(-c2ccccc2)c1,ChEMBL
chembl-endpoint-20260529T111633Z,CHEMBL253,CB2,pIC50,IC50,CHEMBL230822,C[C@H](NS(=O)(=O)c1cccc(Cl)c1)[C@@H](Cc1ccc(Cl)cc1)c1cccc(C#N)c1,6.092749917118671,807.7,train,O=S(=O)(NC[C@@H](Cc1ccccc1)c1ccccc1)c1ccccc1,ChEMBL
chembl-endpoint-20260529T111633Z,CHEMBL253,CB2,pIC50,IC50,CHEMBL230825,C[C@H](NS(=O)(=O)c1ccc(-c2ccccc2)cc1)[C@@H](Cc1ccc(Cl)cc1)c1cccc(C#N)c1,6.391473966422806,406.0,train,O=S(=O)(NC[C@@H](Cc1ccccc1)c1ccccc1)c1ccc(-c2ccccc2)cc1,ChEMBL
chembl-endpoint-20260529T111633Z,CHEMBL253,CB2,pIC50,IC50,CHEMBL230826,C[C@H](NS(=O)(=O)c1cccc2ccccc12)[C@@H](Cc1ccc(Cl)cc1)c1cccc(C#N)c1,5.951946826884391,1117.0,train,O=S(=O)(NC[C@@H](Cc1ccccc1)c1ccccc1)c1cccc2ccccc12,ChEMBL
chembl-endpoint-20260529T111633Z,CHEMBL253,CB2,pIC50,IC50,CHEMBL230923,C[C@H](NS(=O)(=O)c1ccc(Cl)cc1Cl)[C@@H](Cc1ccc(Cl)cc1)c1cccc(C#N)c1,6.521722168080395,300.8,train,O=S(=O)(NC[C@@H](Cc1ccccc1)c1ccccc1)c1ccccc1,ChEMBL
chembl-endpoint-20260529T111633Z,CHEMBL253,CB2,pIC50,IC50,CHEMBL231034,C[C@H](NS(=O)(=O)Cc1ccccc1Cl)[C@@H](Cc1ccc(Cl)cc1)c1cccc(C#N)c1,5.717151397165355,1918.0,train,O=S(=O)(Cc1ccccc1)NC[C@@H](Cc1ccccc1)c1ccccc1,ChEMBL
chembl-endpoint-20260529T111633Z,CHEMBL253,CB2,pIC50,IC50,CHEMBL231240,C[C@H](NS(=O)(=O)Cc1ccc(Cl)cc1)[C@@H](Cc1ccc(Cl)cc1)c1cccc(C#N)c1,5.755228238504705,1757.0,train,O=S(=O)(Cc1ccccc1)NC[C@@H](Cc1ccccc1)c1ccccc1,ChEMBL
chembl-endpoint-20260529T111633Z,CHEMBL253,CB2,pIC50,IC50,CHEMBL231241,C[C@H](NS(=O)(=O)CCc1ccccc1)[C@@H](Cc1ccc(Cl)cc1)c1cccc(C#N)c1,6.043831569524636,904.0,train,O=S(=O)(CCc1ccccc1)NC[C@@H](Cc1ccccc1)c1ccccc1,ChEMBL
chembl-endpoint-20260529T111633Z,CHEMBL253,CB2,pIC50,IC50,CHEMBL231245,C[C@H](NC(=O)CCc1ccccc1)[C@@H](Cc1ccc(Cl)cc1)c1cccc(C#N)c1,5.863913902615902,1368.0,train,O=C(CCc1ccccc1)NC[C@@H](Cc1ccccc1)c1ccccc1,ChEMBL
chembl-endpoint-20260529T111633Z,CHEMBL253,CB2,pIC50,IC50,CHEMBL231342,C[C@H](NS(=O)(=O)/C=C/c1ccccc1)[C@@H](Cc1ccc(Cl)cc1)c1cccc(C#N)c1,5.9677842967020185,1077.0,train,O=S(=O)(/C=C/c1ccccc1)NC[C@@H](Cc1ccccc1)c1ccccc1,ChEMBL
chembl-endpoint-20260529T111633Z,CHEMBL253,CB2,pIC50,IC50,CHEMBL231636,C[C@H](NC(=O)C(C)(C)Oc1cncc(C(F)(F)F)c1)[C@@H](Cc1ccc(Cl)cc1)c1cccc(C#N)c1,6.545612532853045,284.7,train,O=C(COc1cccnc1)NC[C@@H](Cc1ccccc1)c1ccccc1,ChEMBL
chembl-endpoint-20260529T111633Z,CHEMBL253,CB2,pIC50,IC50,CHEMBL232730,CSC(=S)N1CC(C)(C)CS/C1=N\c1ccccc1C(C)C,8.214670164989233,6.1,train,c1ccc(/N=C2/NCCCS2)cc1,ChEMBL
chembl-endpoint-20260529T111633Z,CHEMBL253,CB2,pIC50,IC50,CHEMBL235747,Cc1c(C(C)(C)C)s/c(=N\S(=O)(=O)c2ccccc2)n1C,6.468521082957745,340.0,train,O=S(=O)(/N=c1/[nH]ccs1)c1ccccc1,ChEMBL
chembl-endpoint-20260529T111633Z,CHEMBL253,CB2,pIC50,IC50,CHEMBL243334,CCCOc1ccc(C(=O)c2cccc3ccccc23)c2ccccc12,7.045757490560675,90.0,train,O=C(c1cccc2ccccc12)c1cccc2ccccc12,ChEMBL
chembl-endpoint-20260529T111633Z,CHEMBL253,CB2,pIC50,IC50,CHEMBL244189,O=C(c1cccc2ccccc12)c1ccc(OCCN2CCOCC2)c2ccccc12,4.958607314841775,11000.0,train,O=C(c1cccc2ccccc12)c1ccc(OCCN2CCOCC2)c2ccccc12,ChEMBL
chembl-endpoint-20260529T111633Z,CHEMBL253,CB2,pIC50,IC50,CHEMBL244402,CCCCOc1ccc(C(=O)c2cccc3ccccc23)c2ccccc12,7.070581074285707,85.0,train,O=C(c1cccc2ccccc12)c1cccc2ccccc12,ChEMBL
chembl-endpoint-20260529T111633Z,CHEMBL253,CB2,pIC50,IC50,CHEMBL244403,CCCCCOc1ccc(C(=O)c2cccc3ccccc23)c2ccccc12,7.008773924307505,98.0,train,O=C(c1cccc2ccccc12)c1cccc2ccccc12,ChEMBL
chembl-endpoint-20260529T111633Z,CHEMBL253,CB2,pIC50,IC50,CHEMBL244606,CCCCCCOc1ccc(C(=O)c2cccc3ccccc23)c2ccccc12,6.180456064458132,660.0,train,O=C(c1cccc2ccccc12)c1cccc2ccccc12,ChEMBL
chembl-endpoint-20260529T111633Z,CHEMBL253,CB2,pIC50,IC50,CHEMBL244607,O=C(c1cccc2ccccc12)c1ccc(OCCc2ccccc2)c2ccccc12,5.698970004336019,2000.0,train,O=C(c1cccc2ccccc12)c1ccc(OCCc2ccccc2)c2ccccc12,ChEMBL
chembl-endpoint-20260529T111633Z,CHEMBL253,CB2,pIC50,IC50,CHEMBL246515,N#Cc1cc(-c2ccc(Cl)cc2)c(-c2ccc(Cl)cc2Cl)nc1Oc1ccc(F)cc1,5.356547323513812,4400.0,train,c1ccc(Oc2ccc(-c3ccccc3)c(-c3ccccc3)n2)cc1,ChEMBL
chembl-endpoint-20260529T111633Z,CHEMBL253,CB2,pIC50,IC50,CHEMBL246688,CC(C)N1CCN(c2nc(-c3ccccc3Cl)c(-c3ccc(Cl)cc3)cc2C#N)C(=O)C1=O,6.145693958198919,715.0,train,O=C1NCCN(c2ccc(-c3ccccc3)c(-c3ccccc3)n2)C1=O,ChEMBL
chembl-endpoint-20260529T111633Z,CHEMBL253,CB2,pIC50,IC50,CHEMBL246721,N#Cc1cc(-c2ccc(Cl)cc2)c(-c2ccc(Cl)cc2Cl)nc1Oc1cccc(Cl)c1,5.3872161432802645,4100.0,train,c1ccc(Oc2ccc(-c3ccccc3)c(-c3ccccc3)n2)cc1,ChEMBL
chembl-endpoint-20260529T111633Z,CHEMBL253,CB2,pIC50,IC50,CHEMBL246722,COc1ccc(Oc2nc(-c3ccc(Cl)cc3Cl)c(-c3ccc(Cl)cc3)cc2C#N)cc1,5.42021640338319,3800.0,train,c1ccc(Oc2ccc(-c3ccccc3)c(-c3ccccc3)n2)cc1,ChEMBL
chembl-endpoint-20260529T111633Z,CHEMBL253,CB2,pIC50,IC50,CHEMBL246723,N#Cc1cc(-c2ccc(Cl)cc2)c(-c2ccc(Cl)cc2Cl)nc1Oc1ccc(F)c(F)c1,5.3872161432802645,4100.0,train,c1ccc(Oc2ccc(-c3ccccc3)c(-c3ccccc3)n2)cc1,ChEMBL
chembl-endpoint-20260529T111633Z,CHEMBL253,CB2,pIC50,IC50,CHEMBL246899,CC(C)(C)C#Cc1nc(-c2ccccc2Cl)c(-c2ccc(Cl)cc2)cc1C#N,5.6777807052660805,2100.0,train,c1ccc(-c2cccnc2-c2ccccc2)cc1,ChEMBL
chembl-endpoint-20260529T111633Z,CHEMBL253,CB2,pIC50,IC50,CHEMBL246900,CC(C)(O)C#Cc1nc(-c2ccccc2Cl)c(-c2ccc(Cl)cc2)cc1C#N,5.7447274948966935,1800.0,train,c1ccc(-c2cccnc2-c2ccccc2)cc1,ChEMBL
chembl-endpoint-20260529T111633Z,CHEMBL253,CB2,pIC50,IC50,CHEMBL246901,CCC(N)(C#Cc1nc(-c2ccccc2Cl)c(-c2ccc(Cl)cc2)cc1C#N)CC,5.958607314841775,1100.0,train,c1ccc(-c2cccnc2-c2ccccc2)cc1,ChEMBL
chembl-endpoint-20260529T111633Z,CHEMBL253,CB2,pIC50,IC50,CHEMBL246930,N#Cc1cc(-c2ccc(Cl)cc2)c(-c2ccc(Cl)cc2Cl)nc1Oc1cc(F)cc(F)c1,6.494850021680094,320.0,train,c1ccc(Oc2ccc(-c3ccccc3)c(-c3ccccc3)n2)cc1,ChEMBL
chembl-endpoint-20260529T111633Z,CHEMBL253,CB2,pIC50,IC50,CHEMBL246931,N#Cc1cc(-c2ccc(Cl)cc2)c(-c2ccccc2Cl)nc1Oc1ccc(F)c(F)c1,5.2441251443275085,5700.0,train,c1ccc(Oc2ccc(-c3ccccc3)c(-c3ccccc3)n2)cc1,ChEMBL
chembl-endpoint-20260529T111633Z,CHEMBL253,CB2,pIC50,IC50,CHEMBL246932,N#Cc1cc(-c2ccc(Cl)cc2)c(-c2ccc(Cl)cc2Cl)nc1Sc1ccc(F)cc1,5.2839966563652006,5200.0,train,c1ccc(Sc2ccc(-c3ccccc3)c(-c3ccccc3)n2)cc1,ChEMBL
chembl-endpoint-20260529T111633Z,CHEMBL253,CB2,pIC50,IC50,CHEMBL247103,N#Cc1cc(-c2ccc(Cl)cc2)c(-c2ccccc2Cl)nc1-c1cccnc1,5.431798275933005,3700.0,train,c1ccc(-c2ccc(-c3cccnc3)nc2-c2ccccc2)cc1,ChEMBL
chembl-endpoint-20260529T111633Z,CHEMBL253,CB2,pIC50,IC50,CHEMBL247307,CC(C)NC(=O)c1cc(-c2ccc(Cl)cc2)c(-c2ccc(Cl)cc2Cl)nc1Oc1ccc(F)c(F)c1,5.795880017344075,1600.0,train,c1ccc(Oc2ccc(-c3ccccc3)c(-c3ccccc3)n2)cc1,ChEMBL
chembl-endpoint-20260529T111633Z,CHEMBL253,CB2,pIC50,IC50,CHEMBL247308,CN(C)NC(=O)c1cc(-c2ccc(Cl)cc2)c(-c2ccc(Cl)cc2Cl)nc1Oc1ccc(F)c(F)c1,5.7447274948966935,1800.0,train,c1ccc(Oc2ccc(-c3ccccc3)c(-c3ccccc3)n2)cc1,ChEMBL
chembl-endpoint-20260529T111633Z,CHEMBL253,CB2,pIC50,IC50,CHEMBL247651,Cc1c(C(C)(C)C)s/c(=N\C(=O)c2cccc(OC(F)(F)F)c2)n1CC1CC1,8.244125144327509,5.7,train,O=C(/N=c1\sccn1CC1CC1)c1ccccc1,ChEMBL
chembl-endpoint-20260529T111633Z,CHEMBL253,CB2,pIC50,IC50,CHEMBL247706,CC(C)(C)C(=O)Nc1nc(-c2ccc(Cl)cc2Cl)c(-c2ccc(Cl)cc2)cc1C#N,5.769551078621726,1700.0,train,c1ccc(-c2cccnc2-c2ccccc2)cc1,ChEMBL
chembl-endpoint-20260529T111633Z,CHEMBL253,CB2,pIC50,IC50,CHEMBL247817,Cc1c(C(C)(C)C)s/c(=N\C(=O)c2cccc(Cl)c2)n1CC1CC1,7.698970004336019,20.0,train,O=C(/N=c1\sccn1CC1CC1)c1ccccc1,ChEMBL
chembl-endpoint-20260529T111633Z,CHEMBL253,CB2,pIC50,IC50,CHEMBL247830,Cc1c(C(C)(C)C)s/c(=N\C(=O)c2ccccc2C(F)(F)F)n1CC1CC1,9.301029995663981,0.5,train,O=C(/N=c1\sccn1CC1CC1)c1ccccc1,ChEMBL
chembl-endpoint-20260529T111633Z,CHEMBL253,CB2,pIC50,IC50,CHEMBL247910,N#Cc1cc(-c2ccc(Cl)cc2)c(-c2ccc(Cl)cc2Cl)nc1OCCNC(=O)C1CCC1,6.346787486224656,450.0,train,O=C(NCCOc1ccc(-c2ccccc2)c(-c2ccccc2)n1)C1CCC1,ChEMBL
chembl-endpoint-20260529T111633Z,CHEMBL253,CB2,pIC50,IC50,CHEMBL247996,Cc1c(C(C)(C)C)s/c(=N\C(=O)c2cccc(Br)c2)n1CC1CC1,8.920818753952375,1.2,train,O=C(/N=c1\sccn1CC1CC1)c1ccccc1,ChEMBL
chembl-endpoint-20260529T111633Z,CHEMBL253,CB2,pIC50,IC50,CHEMBL247997,COc1cccc(C(=O)/N=c2\sc(C(C)(C)C)c(C)n2CC2CC2)c1,7.619788758288394,24.0,train,O=C(/N=c1\sccn1CC1CC1)c1ccccc1,ChEMBL
chembl-endpoint-20260529T111633Z,CHEMBL253,CB2,pIC50,IC50,CHEMBL248109,N#Cc1cc(-c2ccc(Cl)cc2)c(-c2ccc(Cl)cc2Cl)nc1N1CCCCC1,5.3979400086720375,4000.0,train,c1ccc(-c2ccc(N3CCCCC3)nc2-c2ccccc2)cc1,ChEMBL
chembl-endpoint-20260529T111633Z,CHEMBL253,CB2,pIC50,IC50,CHEMBL248135,CCOC(=O)N1CC(C)(C)CS/C1=N\c1ccccc1C(C)C,6.492144128304169,322.0,train,c1ccc(/N=C2/NCCCS2)cc1,ChEMBL
chembl-endpoint-20260529T111633Z,CHEMBL253,CB2,pIC50,IC50,CHEMBL248201,CCOC(=O)c1s/c(=N\C(=O)c2cccc(C(F)(F)F)c2)n(CC2CC2)c1C,6.958607314841775,110.0,train,O=C(/N=c1\sccn1CC1CC1)c1ccccc1,ChEMBL
chembl-endpoint-20260529T111633Z,CHEMBL253,CB2,pIC50,IC50,CHEMBL248202,Cc1c(C(=O)N(C)C)s/c(=N\C(=O)c2cccc(C(F)(F)F)c2)n1CC1CC1,6.0,1000.0,train,O=C(/N=c1\sccn1CC1CC1)c1ccccc1,ChEMBL
chembl-endpoint-20260529T111633Z,CHEMBL253,CB2,pIC50,IC50,CHEMBL248203,Cc1c(C(C)(C)C)s/c(=N\C(=O)c2ccc(Cl)c(C(F)(F)F)c2)n1CC1CC1,6.638272163982407,230.0,train,O=C(/N=c1\sccn1CC1CC1)c1ccccc1,ChEMBL
chembl-endpoint-20260529T111633Z,CHEMBL253,CB2,pIC50,IC50,CHEMBL248311,N#Cc1cc(-c2ccc(Cl)cc2)c(-c2ccc(Cl)cc2Cl)nc1OC1CCOC1,6.136677139879544,730.0,train,c1ccc(-c2ccc(OC3CCOC3)nc2-c2ccccc2)cc1,ChEMBL
chembl-endpoint-20260529T111633Z,CHEMBL253,CB2,pIC50,IC50,CHEMBL248385,Cc1c(C(C)(C)C)s/c(=N\C(=O)c2cc(C(F)(F)F)ccc2F)n1CC1CC1,8.468521082957745,3.4,train,O=C(/N=c1\sccn1CC1CC1)c1ccccc1,ChEMBL
chembl-endpoint-20260529T111633Z,CHEMBL253,CB2,pIC50,IC50,CHEMBL248386,Cc1ccc(C(F)(F)F)cc1C(=O)/N=c1\sc(C(C)(C)C)c(C)n1CC1CC1,8.67778070526608,2.1,train,O=C(/N=c1\sccn1CC1CC1)c1ccccc1,ChEMBL
chembl-endpoint-20260529T111633Z,CHEMBL253,CB2,pIC50,IC50,CHEMBL248387,Cc1c(C(C)(C)C)s/c(=N\C(=O)c2cc(C(F)(F)F)ccc2N(C)C)n1CC1CC1,8.0268721464003,9.4,train,O=C(/N=c1\sccn1CC1CC1)c1ccccc1,ChEMBL
chembl-endpoint-20260529T111633Z,CHEMBL253,CB2,pIC50,IC50,CHEMBL256262,Cc1c(-c2nnnn2C2CCCC2)nn(-c2ccc(Cl)cc2Cl)c1-c1ccc(Br)cc1,5.372634143407267,4240.0,train,c1ccc(-c2cc(-c3nnnn3C3CCCC3)nn2-c2ccccc2)cc1,ChEMBL
chembl-endpoint-20260529T111633Z,CHEMBL253,CB2,pIC50,IC50,CHEMBL259042,Cc1c(C(=O)NCc2ccc(Cl)c(Cl)c2)nn(-c2ccc(Cl)c(Cl)c2)c1-n1c(C)ccc1C,5.7594507517174005,1740.0,train,O=C(NCc1ccccc1)c1cc(-n2cccc2)n(-c2ccccc2)n1,ChEMBL
chembl-endpoint-20260529T111633Z,CHEMBL253,CB2,pIC50,IC50,CHEMBL259255,Cc1c(C(=O)NN2CCCCC2)nn(-c2ccc(Cl)c(Cl)c2)c1-n1c(C)ccc1C,7.431798275933005,37.0,train,O=C(NN1CCCCC1)c1cc(-n2cccc2)n(-c2ccccc2)n1,ChEMBL
chembl-endpoint-20260529T111633Z,CHEMBL253,CB2,pIC50,IC50,CHEMBL259476,Cc1c(C(=O)NN2CCCCC2)nn(-c2ccc(Cl)cc2Cl)c1-n1c(C)ccc1C,5.906578314837765,1240.0,train,O=C(NN1CCCCC1)c1cc(-n2cccc2)n(-c2ccccc2)n1,ChEMBL
chembl-endpoint-20260529T111633Z,CHEMBL253,CB2,pIC50,IC50,CHEMBL259684,Cc1c(C(=O)NCc2ccc(Cl)c(Cl)c2)nn(-c2ccc(Cl)cc2Cl)c1-n1cccc1,6.187086643357144,650.0,train,O=C(NCc1ccccc1)c1cc(-n2cccc2)n(-c2ccccc2)n1,ChEMBL
chembl-endpoint-20260529T111633Z,CHEMBL253,CB2,pIC50,IC50,CHEMBL261381,Cc1c(C(=O)NN2CCCCC2)nn(-c2ccc(Cl)c(Cl)c2)c1-n1cccc1,7.6020599913279625,25.0,train,O=C(NN1CCCCC1)c1cc(-n2cccc2)n(-c2ccccc2)n1,ChEMBL
chembl-endpoint-20260529T111633Z,CHEMBL253,CB2,pIC50,IC50,CHEMBL261382,Cc1c(C(=O)NC2CCCCC2)nn(-c2ccc(Cl)cc2Cl)c1-n1c(C)ccc1C,6.958607314841775,110.0,train,O=C(NC1CCCCC1)c1cc(-n2cccc2)n(-c2ccccc2)n1,ChEMBL
chembl-endpoint-20260529T111633Z,CHEMBL253,CB2,pIC50,IC50,CHEMBL263913,Cn1c(C(C)(C)C)c/c(=N\C(=O)c2cccc(C(F)(F)F)c2F)n1CC1CCCC1,8.958607314841775,1.1,train,O=C(/N=c1\cc[nH]n1CC1CCCC1)c1ccccc1,ChEMBL
chembl-endpoint-20260529T111633Z,CHEMBL253,CB2,pIC50,IC50,CHEMBL264154,Cn1c(C(C)(C)C)c/c(=N\C(=O)c2cccc(C(F)(F)F)c2F)n1CC1CCC1,8.769551078621726,1.7,train,O=C(/N=c1\cc[nH]n1CC1CCC1)c1ccccc1,ChEMBL
chembl-endpoint-20260529T111633Z,CHEMBL253,CB2,pIC50,IC50,CHEMBL269919,Cc1c(C(=O)NC2CCCCC2)nn(-c2ccc(F)cc2F)c1-n1c(C)ccc1C,6.142667503568732,720.0,train,O=C(NC1CCCCC1)c1cc(-n2cccc2)n(-c2ccccc2)n1,ChEMBL
chembl-endpoint-20260529T111633Z,CHEMBL253,CB2,pIC50,IC50,CHEMBL270663,CCc1c(-c2nnnn2C2CCCC2)nn(-c2ccc(Cl)cc2Cl)c1-c1ccc(Cl)cc1,6.075720713938118,840.0,train,c1ccc(-c2cc(-c3nnnn3C3CCCC3)nn2-c2ccccc2)cc1,ChEMBL
chembl-endpoint-20260529T111633Z,CHEMBL253,CB2,pIC50,IC50,CHEMBL271611,Cc1c(C(=O)NN2CCCCC2)nn(-c2c(Cl)cc(Cl)cc2Cl)c1-n1c(C)ccc1C,5.301029995663981,5000.0,train,O=C(NN1CCCCC1)c1cc(-n2cccc2)n(-c2ccccc2)n1,ChEMBL
chembl-endpoint-20260529T111633Z,CHEMBL253,CB2,pIC50,IC50,CHEMBL271782,Cc1c(C(=O)NC2CCCCC2)nn(-c2c(Cl)cc(Cl)cc2Cl)c1-n1c(C)ccc1C,6.301029995663981,500.0,train,O=C(NC1CCCCC1)c1cc(-n2cccc2)n(-c2ccccc2)n1,ChEMBL
chembl-endpoint-20260529T111633Z,CHEMBL253,CB2,pIC50,IC50,CHEMBL271824,Cc1c(C(=O)NC2CCCCC2)nn(-c2ccc(Cl)c(Cl)c2)c1-n1c(C)ccc1C,8.769551078621726,1.7,train,O=C(NC1CCCCC1)c1cc(-n2cccc2)n(-c2ccccc2)n1,ChEMBL
chembl-endpoint-20260529T111633Z,CHEMBL253,CB2,pIC50,IC50,CHEMBL271988,Cc1c(C(=O)NN2CCCCC2)nn(-c2ccc(Cl)cc2)c1-n1cccc1,5.557520230935552,2770.0,train,O=C(NN1CCCCC1)c1cc(-n2cccc2)n(-c2ccccc2)n1,ChEMBL
chembl-endpoint-20260529T111633Z,CHEMBL253,CB2,pIC50,IC50,CHEMBL272035,Cc1c(C(=O)NCc2ccc(Cl)c(Cl)c2)nn(-c2ccc(Cl)c(Cl)c2)c1-n1cccc1,6.721246399047171,190.0,train,O=C(NCc1ccccc1)c1cc(-n2cccc2)n(-c2ccccc2)n1,ChEMBL
chembl-endpoint-20260529T111633Z,CHEMBL253,CB2,pIC50,IC50,CHEMBL272203,Cc1c(C(=O)NC2CCCCC2)nn(-c2ccc(Cl)c(Cl)c2)c1-n1cccc1,8.657577319177793,2.2,train,O=C(NC1CCCCC1)c1cc(-n2cccc2)n(-c2ccccc2)n1,ChEMBL
chembl-endpoint-20260529T111633Z,CHEMBL253,CB2,pIC50,IC50,CHEMBL272616,Cc1c(C(=O)NN2CCCCC2)nn(-c2ccc(F)cc2F)c1-n1c(C)ccc1C,5.301029995663981,5000.0,train,O=C(NN1CCCCC1)c1cc(-n2cccc2)n(-c2ccccc2)n1,ChEMBL
chembl-endpoint-20260529T111633Z,CHEMBL253,CB2,pIC50,IC50,CHEMBL272754,Cc1c(C(=O)/N=c2\cc(C(C)(C)C)n(C)n2CC2CC2)cccc1C(F)(F)F,7.958607314841775,11.0,train,O=C(/N=c1\cc[nH]n1CC1CC1)c1ccccc1,ChEMBL
chembl-endpoint-20260529T111633Z,CHEMBL253,CB2,pIC50,IC50,CHEMBL360104,CCNC(=O)c1cc(-c2ccc(Cl)cc2)c(-c2ccc(Cl)cc2Cl)nc1OCc1ccc(F)c(F)c1,6.086186147616283,820.0,train,c1ccc(COc2ccc(-c3ccccc3)c(-c3ccccc3)n2)cc1,ChEMBL
chembl-endpoint-20260529T111633Z,CHEMBL253,CB2,pIC50,IC50,CHEMBL367819,N#Cc1cc(-c2ccc(Cl)cc2)c(-c2ccc(Cl)cc2Cl)nc1OCc1ccc(F)c(F)c1,6.2839966563652006,520.0,train,c1ccc(COc2ccc(-c3ccccc3)c(-c3ccccc3)n2)cc1,ChEMBL
chembl-endpoint-20260529T111633Z,CHEMBL253,CB2,pIC50,IC50,CHEMBL373626,C[C@H](NC(=O)C(C)(C)Oc1ccc(C(F)(F)F)cn1)[C@@H](Cc1ccc(Cl)cc1)c1ccccc1,6.853871964321762,140.0,train,O=C(COc1ccccn1)NC[C@@H](Cc1ccccc1)c1ccccc1,ChEMBL
chembl-endpoint-20260529T111633Z,CHEMBL253,CB2,pIC50,IC50,CHEMBL374291,CC(NC(=O)C(C)(C)Oc1ccc(Cl)cc1)C(Cc1ccc(Cl)cc1)c1ccc(Cl)cc1,5.958607314841775,1100.0,train,O=C(COc1ccccc1)NCC(Cc1ccccc1)c1ccccc1,ChEMBL
chembl-endpoint-20260529T111633Z,CHEMBL253,CB2,pIC50,IC50,CHEMBL374791,C[C@H](NC(=O)C(C)(C)Oc1ccccn1)[C@@H](Cc1ccc(Cl)cc1)c1ccccc1,7.055517327849832,88.0,train,O=C(COc1ccccn1)NC[C@@H](Cc1ccccc1)c1ccccc1,ChEMBL
chembl-endpoint-20260529T111633Z,CHEMBL253,CB2,pIC50,IC50,CHEMBL381313,CCCCCOc1c(OC)ccc2cc(NC(=O)Cc3ccc4c(c3)OCO4)c(O)nc12,7.700057099977233,19.95,train,O=C(Cc1ccc2c(c1)OCO2)Nc1cnc2ccccc2c1,ChEMBL
chembl-endpoint-20260529T111633Z,CHEMBL253,CB2,pIC50,IC50,CHEMBL381689,Cc1ccc(Cn2nc(C(=O)NC3C4(C)CCC(C4)C3(C)C)cc2-c2ccc(Cl)c(C)c2)cc1,8.500038134403809,3.162,train,O=C(NC1CC2CCC1C2)c1cc(-c2ccccc2)n(Cc2ccccc2)n1,ChEMBL
chembl-endpoint-20260529T111633Z,CHEMBL253,CB2,pIC50,IC50,CHEMBL381969,CCCCCOc1c(OC)ccc2cc(C(=O)NCCc3c[nH]c4ccccc34)c(O)nc12,7.599980364934842,25.12,train,O=C(NCCc1c[nH]c2ccccc12)c1cnc2ccccc2c1,ChEMBL
chembl-endpoint-20260529T111633Z,CHEMBL253,CB2,pIC50,IC50,CHEMBL385033,C[C@H](NC(=O)C(C)(C)Oc1cccc(Cl)c1)[C@@H](Cc1ccc(Cl)cc1)c1ccccc1,6.721246399047171,190.0,train,O=C(COc1ccccc1)NC[C@@H](Cc1ccccc1)c1ccccc1,ChEMBL
chembl-endpoint-20260529T111633Z,CHEMBL253,CB2,pIC50,IC50,CHEMBL385767,C[C@H](NC(=O)C(C)(C)Oc1cccc(F)c1)[C@@H](Cc1ccc(Cl)cc1)c1ccccc1,6.5376020021010435,290.0,train,O=C(COc1ccccc1)NC[C@@H](Cc1ccccc1)c1ccccc1,ChEMBL
chembl-endpoint-20260529T111633Z,CHEMBL253,CB2,pIC50,IC50,CHEMBL387027,C[C@H](NC(=O)C(C)(C)Oc1ccc(Cl)cn1)[C@@H](Cc1ccc(Cl)cc1)c1ccccc1,7.0,100.0,train,O=C(COc1ccccn1)NC[C@@H](Cc1ccccc1)c1ccccc1,ChEMBL
chembl-endpoint-20260529T111633Z,CHEMBL253,CB2,pIC50,IC50,CHEMBL389114,C[C@H](NS(=O)(=O)c1cc(Cl)ccc1Cl)[C@@H](Cc1ccc(Cl)cc1)c1cccc(C#N)c1,6.3025962767995125,498.2,train,O=S(=O)(NC[C@@H](Cc1ccccc1)c1ccccc1)c1ccccc1,ChEMBL
chembl-endpoint-20260529T111633Z,CHEMBL253,CB2,pIC50,IC50,CHEMBL389353,C[C@H](NS(=O)(=O)c1ccc2ccccc2c1)[C@@H](Cc1ccc(Cl)cc1)c1cccc(C#N)c1,5.961777361631282,1092.0,train,O=S(=O)(NC[C@@H](Cc1ccccc1)c1ccccc1)c1ccc2ccccc2c1,ChEMBL
chembl-endpoint-20260529T111633Z,CHEMBL253,CB2,pIC50,IC50,CHEMBL389774,C[C@H](NS(=O)(=O)Cc1cccc(Cl)c1)[C@@H](Cc1ccc(Cl)cc1)c1cccc(C#N)c1,5.698970004336019,2000.0,train,O=S(=O)(Cc1ccccc1)NC[C@@H](Cc1ccccc1)c1ccccc1,ChEMBL
chembl-endpoint-20260529T111633Z,CHEMBL253,CB2,pIC50,IC50,CHEMBL390053,C[C@H](NS(=O)(=O)c1cc(Cl)c(Cl)cc1Cl)[C@@H](Cc1ccc(Cl)cc1)c1cccc(C#N)c1,6.206209615309182,622.0,train,O=S(=O)(NC[C@@H](Cc1ccccc1)c1ccccc1)c1ccccc1,ChEMBL
chembl-endpoint-20260529T111633Z,CHEMBL253,CB2,pIC50,IC50,CHEMBL390675,CCCCCNc1ccc(C(=O)c2cccc3ccccc23)c2ccccc12,6.920818753952375,120.0,train,O=C(c1cccc2ccccc12)c1cccc2ccccc12,ChEMBL
chembl-endpoint-20260529T111633Z,CHEMBL253,CB2,pIC50,IC50,CHEMBL391555,N#Cc1cc(-c2ccc(Cl)cc2)c(-c2ccc(Cl)cc2Cl)nc1Oc1cccc(F)c1,5.638272163982407,2300.0,train,c1ccc(Oc2ccc(-c3ccccc3)c(-c3ccccc3)n2)cc1,ChEMBL
chembl-endpoint-20260529T111633Z,CHEMBL253,CB2,pIC50,IC50,CHEMBL391556,N#Cc1cc(-c2ccc(Cl)cc2)c(-c2ccc(Cl)cc2Cl)nc1Oc1ccc(Cl)cc1,5.376750709602099,4200.0,train,c1ccc(Oc2ccc(-c3ccccc3)c(-c3ccccc3)n2)cc1,ChEMBL
chembl-endpoint-20260529T111633Z,CHEMBL253,CB2,pIC50,IC50,CHEMBL392457,CC(C)CNc1nc(-c2ccc(Cl)cc2Cl)c(-c2ccc(Cl)cc2)cc1C#N,5.7447274948966935,1800.0,train,c1ccc(-c2cccnc2-c2ccccc2)cc1,ChEMBL
chembl-endpoint-20260529T111633Z,CHEMBL253,CB2,pIC50,IC50,CHEMBL392626,N#Cc1cc(-c2ccc(Cl)cc2)c(-c2ccc(Cl)cc2Cl)nc1Oc1cc(Cl)cc(Cl)c1,5.251811972993799,5600.0,train,c1ccc(Oc2ccc(-c3ccccc3)c(-c3ccccc3)n2)cc1,ChEMBL
chembl-endpoint-20260529T111633Z,CHEMBL253,CB2,pIC50,IC50,CHEMBL392836,CC(C)Oc1nc(-c2ccc(Cl)cc2Cl)c(-c2ccc(Cl)cc2)cc1C#N,6.0655015487564325,860.0,train,c1ccc(-c2cccnc2-c2ccccc2)cc1,ChEMBL
chembl-endpoint-20260529T111633Z,CHEMBL253,CB2,pIC50,IC50,CHEMBL393262,N#Cc1cc(-c2ccc(Cl)cc2)c(-c2ccccc2Cl)nc1-c1cncnc1,5.366531544420414,4300.0,train,c1ccc(-c2ccc(-c3cncnc3)nc2-c2ccccc2)cc1,ChEMBL
chembl-endpoint-20260529T111633Z,CHEMBL253,CB2,pIC50,IC50,CHEMBL393263,NC(=O)c1cc(-c2ccc(Cl)cc2)c(-c2ccc(Cl)cc2Cl)nc1Oc1ccc(F)c(F)c1,5.309803919971486,4900.0,train,c1ccc(Oc2ccc(-c3ccccc3)c(-c3ccccc3)n2)cc1,ChEMBL
chembl-endpoint-20260529T111633Z,CHEMBL253,CB2,pIC50,IC50,CHEMBL394055,N#Cc1cc(-c2ccc(Cl)cc2)c(-c2ccccc2Cl)nc1N1CCN(S(=O)(=O)c2cc(F)cc(F)c2)CC1,5.853871964321762,1400.0,train,O=S(=O)(c1ccccc1)N1CCN(c2ccc(-c3ccccc3)c(-c3ccccc3)n2)CC1,ChEMBL
chembl-endpoint-20260529T111633Z,CHEMBL253,CB2,pIC50,IC50,CHEMBL394736,N#Cc1cc(-c2ccc(Cl)cc2)c(-c2ccc(Cl)cc2Cl)nc1-n1nnc2ccccc21,6.3325470471100465,465.0,train,c1ccc(-c2ccc(-n3nnc4ccccc43)nc2-c2ccccc2)cc1,ChEMBL
chembl-endpoint-20260529T111633Z,CHEMBL253,CB2,pIC50,IC50,CHEMBL395216,Cc1c(C(C)(C)C)s/c(=N\C(=O)c2cccc(N(C)C)c2)n1CC1CC1,7.769551078621726,17.0,train,O=C(/N=c1\sccn1CC1CC1)c1ccccc1,ChEMBL
chembl-endpoint-20260529T111633Z,CHEMBL253,CB2,pIC50,IC50,CHEMBL395704,Cc1c(C(C)(C)C)s/c(=N\C(=O)c2ccccc2)n1CC1CC1,6.585026652029182,260.0,train,O=C(/N=c1\sccn1CC1CC1)c1ccccc1,ChEMBL
chembl-endpoint-20260529T111633Z,CHEMBL253,CB2,pIC50,IC50,CHEMBL397119,N#Cc1cc(-c2ccc(Cl)cc2)c(-c2ccc(Cl)cc2Cl)nc1OCC1CCOC1,6.366531544420414,430.0,train,c1ccc(-c2ccc(OCC3CCOC3)nc2-c2ccccc2)cc1,ChEMBL
chembl-endpoint-20260529T111633Z,CHEMBL253,CB2,pIC50,IC50,CHEMBL397243,C[C@H](NS(=O)(=O)c1ccccc1)[C@@H](Cc1ccc(Cl)cc1)c1cccc(C#N)c1,5.82739706879014,1488.0,train,O=S(=O)(NC[C@@H](Cc1ccccc1)c1ccccc1)c1ccccc1,ChEMBL
chembl-endpoint-20260529T111633Z,CHEMBL253,CB2,pIC50,IC50,CHEMBL397509,C[C@H](NS(=O)(=O)c1ccc(Cl)cc1)[C@@H](Cc1ccc(Cl)cc1)c1cccc(C#N)c1,6.342752870116284,454.2,train,O=S(=O)(NC[C@@H](Cc1ccccc1)c1ccccc1)c1ccccc1,ChEMBL
chembl-endpoint-20260529T111633Z,CHEMBL253,CB2,pIC50,IC50,CHEMBL397857,Cc1cccc(C(=O)/N=c2\sc(C(C)(C)C)c(C)n2CC2CC2)c1,7.657577319177793,22.0,train,O=C(/N=c1\sccn1CC1CC1)c1ccccc1,ChEMBL
chembl-endpoint-20260529T111633Z,CHEMBL253,CB2,pIC50,IC50,CHEMBL398666,Cc1c(C(C)(C)C)s/c(=N\C(=O)c2cccc(C(F)(F)F)c2)n1CC1CC1,7.886056647693163,13.0,train,O=C(/N=c1\sccn1CC1CC1)c1ccccc1,ChEMBL
chembl-endpoint-20260529T111633Z,CHEMBL253,CB2,pIC50,IC50,CHEMBL398713,COc1ccc(C(F)(F)F)cc1C(=O)/N=c1\sc(C(C)(C)C)c(C)n1CC1CC1,8.920818753952375,1.2,train,O=C(/N=c1\sccn1CC1CC1)c1ccccc1,ChEMBL
chembl-endpoint-20260529T111633Z,CHEMBL253,CB2,pIC50,IC50,CHEMBL398778,C#CCn1c(C)c(C(C)(C)C)s/c1=N\S(=O)(=O)c1ccccc1,6.6777807052660805,210.0,train,O=S(=O)(/N=c1/[nH]ccs1)c1ccccc1,ChEMBL
chembl-endpoint-20260529T111633Z,CHEMBL253,CB2,pIC50,IC50,CHEMBL399219,CC(C)=CCn1c(C)c(C(C)(C)C)s/c1=N\S(=O)(=O)c1ccccc1,6.769551078621726,170.0,train,O=S(=O)(/N=c1/[nH]ccs1)c1ccccc1,ChEMBL
chembl-endpoint-20260529T111633Z,CHEMBL253,CB2,pIC50,IC50,CHEMBL399912,Cc1s/c(=N\C(=O)c2cccc(C(F)(F)F)c2)n(CC2CC2)c1C,7.6020599913279625,25.0,train,O=C(/N=c1\sccn1CC1CC1)c1ccccc1,ChEMBL
chembl-endpoint-20260529T111633Z,CHEMBL253,CB2,pIC50,IC50,CHEMBL400931,Cc1c(C(C)C)s/c(=N\C(=O)c2cccc(C(F)(F)F)c2)n1CC1CC1,7.5376020021010435,29.0,train,O=C(/N=c1\sccn1CC1CC1)c1ccccc1,ChEMBL
chembl-endpoint-20260529T111633Z,CHEMBL253,CB2,pIC50,IC50,CHEMBL401132,Cc1c(C(C)(C)C)s/c(=N\C(=O)c2cccc(C(F)(F)F)c2Cl)n1CC1CC1,9.387216143280265,0.41,train,O=C(/N=c1\sccn1CC1CC1)c1ccccc1,ChEMBL
chembl-endpoint-20260529T111633Z,CHEMBL253,CB2,pIC50,IC50,CHEMBL402734,Cc1ccc(C(F)(F)F)cc1C(=O)/N=c1\cc(C(C)(C)C)n(C)n1CC1CC1,7.055517327849832,88.0,train,O=C(/N=c1\cc[nH]n1CC1CC1)c1ccccc1,ChEMBL
chembl-endpoint-20260529T111633Z,CHEMBL253,CB2,pIC50,IC50,CHEMBL402938,Cn1c(C(C)(C)C)c/c(=N\C(=O)c2cc(C(F)(F)F)ccc2F)n1CC1CC1,7.638272163982407,23.0,train,O=C(/N=c1\cc[nH]n1CC1CC1)c1ccccc1,ChEMBL
chembl-endpoint-20260529T111633Z,CHEMBL253,CB2,pIC50,IC50,CHEMBL404282,CCc1c(-c2nnnn2C2CCCC2)nn(-c2ccc(Cl)cc2Cl)c1-c1ccc(Br)cc1,5.714442690992226,1930.0,train,c1ccc(-c2cc(-c3nnnn3C3CCCC3)nn2-c2ccccc2)cc1,ChEMBL
chembl-endpoint-20260529T111633Z,CHEMBL253,CB2,pIC50,IC50,CHEMBL406924,Cc1c(C(=O)NC2CCCCC2)nn(-c2ccc(Cl)cc2Cl)c1-n1cccc1,7.0915149811213505,81.0,train,O=C(NC1CCCCC1)c1cc(-n2cccc2)n(-c2ccccc2)n1,ChEMBL
chembl-endpoint-20260529T111633Z,CHEMBL253,CB2,pIC50,IC50,CHEMBL408968,Cc1c(C(=O)NN2CCCCC2)nn(-c2ccc(F)cc2F)c1-n1cccc1,5.522878745280337,3000.0,train,O=C(NN1CCCCC1)c1cc(-n2cccc2)n(-c2ccccc2)n1,ChEMBL
chembl-endpoint-20260529T111633Z,CHEMBL253,CB2,pIC50,IC50,CHEMBL409150,Cc1c(C(=O)NCc2ccc(Cl)c(Cl)c2)nn(-c2ccc(F)cc2F)c1-n1c(C)ccc1C,5.301029995663981,5000.0,train,O=C(NCc1ccccc1)c1cc(-n2cccc2)n(-c2ccccc2)n1,ChEMBL
chembl-endpoint-20260529T111633Z,CHEMBL253,CB2,pIC50,IC50,CHEMBL410243,CCOCCn1/c(=N/C(=O)c2cccc(C(F)(F)F)c2F)cc(C(C)(C)C)n1C,8.431798275933005,3.7,train,O=C(/N=c1\cc[nH][nH]1)c1ccccc1,ChEMBL
chembl-endpoint-20260529T111633Z,CHEMBL253,CB2,pIC50,IC50,CHEMBL410496,O=C(NC1CCCCC1)c1cc(-n2cccc2)n(-c2ccc(Cl)cc2)n1,5.653647025549361,2220.0,train,O=C(NC1CCCCC1)c1cc(-n2cccc2)n(-c2ccccc2)n1,ChEMBL
chembl-endpoint-20260529T111633Z,CHEMBL253,CB2,pIC50,IC50,CHEMBL410727,Cc1c(C(=O)NCc2ccc(Cl)c(Cl)c2)nn(-c2ccc(Cl)cc2Cl)c1-n1c(C)ccc1C,5.301029995663981,5000.0,train,O=C(NCc1ccccc1)c1cc(-n2cccc2)n(-c2ccccc2)n1,ChEMBL
chembl-endpoint-20260529T111633Z,CHEMBL253,CB2,pIC50,IC50,CHEMBL410728,Cc1c(C(=O)NN2CCCCC2)nn(-c2ccc(Cl)cc2Cl)c1-n1cccc1,6.698970004336019,200.0,train,O=C(NN1CCCCC1)c1cc(-n2cccc2)n(-c2ccccc2)n1,ChEMBL
chembl-endpoint-20260529T111633Z,CHEMBL253,CB2,pIC50,IC50,CHEMBL410912,Cc1c(C(=O)NC2CCCCC2)nn(-c2ccc(F)cc2F)c1-n1cccc1,7.080921907623926,83.0,train,O=C(NC1CCCCC1)c1cc(-n2cccc2)n(-c2ccccc2)n1,ChEMBL
chembl-endpoint-20260529T111633Z,CHEMBL253,CB2,pIC50,IC50,CHEMBL410913,Cc1c(C(=O)NCc2ccc(Cl)c(Cl)c2)nn(-c2ccc(F)cc2F)c1-n1cccc1,6.301029995663981,500.0,train,O=C(NCc1ccccc1)c1cc(-n2cccc2)n(-c2ccccc2)n1,ChEMBL
chembl-endpoint-20260529T111633Z,CHEMBL253,CB2,pIC50,IC50,CHEMBL411112,N#Cc1c(C(=O)NCc2ccc(Cl)c(Cl)c2)nn(-c2ccccc2)c1-n1cccc1,5.301029995663981,5000.0,train,O=C(NCc1ccccc1)c1cc(-n2cccc2)n(-c2ccccc2)n1,ChEMBL
chembl-endpoint-20260529T111633Z,CHEMBL253,CB2,pIC50,IC50,CHEMBL425163,CCCNC(=O)c1cc(-c2ccc(Cl)cc2)c(-c2ccc(Cl)cc2Cl)nc1OCc1ccc(F)c(F)c1,6.088842391260023,815.0,train,c1ccc(COc2ccc(-c3ccccc3)c(-c3ccccc3)n2)cc1,ChEMBL
chembl-endpoint-20260529T111633Z,CHEMBL253,CB2,pIC50,IC50,CHEMBL428579,N#Cc1cc(-c2ccc(Cl)cc2)c(-c2ccc(Cl)cc2Cl)nc1NC(=O)c1ccc(F)c(F)c1,6.501689446210399,315.0,train,O=C(Nc1ccc(-c2ccccc2)c(-c2ccccc2)n1)c1ccccc1,ChEMBL
chembl-endpoint-20260529T111633Z,CHEMBL253,CB2,pIC50,IC50,CHEMBL429804,Cc1c(C(C)(C)C)s/c(=N\S(=O)(=O)c2ccccc2)n1CC1CC1,7.187086643357144,65.0,train,O=S(=O)(/N=c1\sccn1CC1CC1)c1ccccc1,ChEMBL
chembl-endpoint-20260529T111633Z,CHEMBL253,CB2,pIC50,IC50,CHEMBL440407,CC(C)OCCn1/c(=N/C(=O)c2cccc(C(F)(F)F)c2F)cc(C(C)(C)C)n1C,8.585026652029182,2.6,train,O=C(/N=c1\cc[nH][nH]1)c1ccccc1,ChEMBL
chembl-endpoint-20260529T111633Z,CHEMBL253,CB2,pIC50,IC50,CHEMBL442275,CNN(C)C(=O)c1cc(-c2ccc(Cl)cc2)c(-c2ccc(Cl)cc2Cl)nc1Oc1ccc(F)c(F)c1,6.187086643357144,650.0,train,c1ccc(Oc2ccc(-c3ccccc3)c(-c3ccccc3)n2)cc1,ChEMBL
chembl-endpoint-20260529T111633Z,CHEMBL253,CB2,pIC50,IC50,CHEMBL445936,C=CCn1c(C)c(C(C)(C)C)s/c1=N\S(=O)(=O)c1ccccc1,7.1249387366083,75.0,train,O=S(=O)(/N=c1/[nH]ccs1)c1ccccc1,ChEMBL
chembl-endpoint-20260529T111633Z,CHEMBL253,CB2,pIC50,IC50,CHEMBL555610,Cc1c(C(C)(C)C)s/c(=N\C(=O)c2cc(C(F)(F)F)ccc2Cl)n1CC1CC1,8.67778070526608,2.1,train,O=C(/N=c1\sccn1CC1CC1)c1ccccc1,ChEMBL
chembl-endpoint-20260529T111633Z,CHEMBL253,CB2,pIC50,IC50,CHEMBL559612,CCCCCCC(C)(C)c1ccc([C@@H]2C[C@H](O)CC[C@H]2CCCO)c(O)c1,8.886056647693163,1.3,train,c1ccc(C2CCCCC2)cc1,ChEMBL
chembl-endpoint-20260529T111633Z,CHEMBL253,CB2,pKi,Ki,CHEMBL113230,CCCCCCC(C)(C)c1cc(O)c2c(c1)oc(=O)c1ccc(C)cc12,7.761953896871205,17.3,external,O=c1oc2ccccc2c2ccccc12,ChEMBL
chembl-endpoint-20260529T111633Z,CHEMBL253,CB2,pKi,Ki,CHEMBL123916,CC1=C(CCN2CCOCC2)c2ccccc2/C1=C/c1cccc2ccccc12,8.688246138944246,2.05,external,C1=C(CCN2CCOCC2)c2ccccc2/C1=C/c1cccc2ccccc12,ChEMBL
chembl-endpoint-20260529T111633Z,CHEMBL253,CB2,pKi,Ki,CHEMBL127644,C1=C(CCN2CCOCC2)c2ccccc2/C1=C/c1cccc2ccccc12,8.5654310959658,2.72,external,C1=C(CCN2CCOCC2)c2ccccc2/C1=C/c1cccc2ccccc12,ChEMBL
chembl-endpoint-20260529T111633Z,CHEMBL253,CB2,pKi,Ki,CHEMBL181633,COc1ccc(C(=O)c2c(C)n(CCN3CCOCC3)c3cc(I)ccc23)cc1,7.505845405981558,31.2,external,O=C(c1ccccc1)c1cn(CCN2CCOCC2)c2ccccc12,ChEMBL
chembl-endpoint-20260529T111633Z,CHEMBL253,CB2,pKi,Ki,CHEMBL294591,COc1cccc2c(C(=O)NC3C(C)(C)[C@@H]4CC[C@@]3(C)C4)nn(CCN3CCOCC3)c12,8.698970004336019,2.0,external,O=C(NC1C[C@@H]2CCC1C2)c1nn(CCN2CCOCC2)c2ccccc12,ChEMBL
chembl-endpoint-20260529T111633Z,CHEMBL253,CB2,pKi,Ki,CHEMBL307210,COC(=O)Cc1c(C)n(C(=O)c2ccccc2Cl)c2ccc(OC)cc12,6.401209493236885,397.0,external,O=C(c1ccccc1)n1ccc2ccccc21,ChEMBL
chembl-endpoint-20260529T111633Z,CHEMBL253,CB2,pKi,Ki,CHEMBL307627,Cc1c(CCN2CCOCC2)c2ccccc2n1C(=O)c1cccc2ccccc12,6.665546248849069,216.0,external,O=C(c1cccc2ccccc12)n1cc(CCN2CCOCC2)c2ccccc21,ChEMBL
chembl-endpoint-20260529T111633Z,CHEMBL253,CB2,pKi,Ki,CHEMBL307887,COc1ccc2c(c1)c(CC(=O)N1CCOCC1)c(C)n2C(=O)c1ccc(F)cc1Cl,6.872895201635193,134.0,external,O=C(Cc1cn(C(=O)c2ccccc2)c2ccccc12)N1CCOCC1,ChEMBL
chembl-endpoint-20260529T111633Z,CHEMBL253,CB2,pKi,Ki,CHEMBL309553,CCCCCOc1cc(/C=C/C(=O)N[C@@H](Cc2ccc(O)cc2)C(=O)OC)ccc1OC,6.920818753952375,120.0,external,O=C(/C=C/c1ccccc1)NCCc1ccccc1,ChEMBL
chembl-endpoint-20260529T111633Z,CHEMBL253,CB2,pKi,Ki,CHEMBL312513,COc1cccc2c(C(=O)N[C@@H](Cc3ccccc3)c3ccno3)c(C)n(CCN3CCOCC3)c12,6.772113295386326,169.0,external,O=C(N[C@@H](Cc1ccccc1)c1ccno1)c1cn(CCN2CCOCC2)c2ccccc12,ChEMBL
chembl-endpoint-20260529T111633Z,CHEMBL253,CB2,pKi,Ki,CHEMBL56747,CCCCCCC(C)(C)c1cc(OC)c2c(c1)OC(C)(C)[C@@H]1CCC(=O)C[C@@H]21,6.878768544850378,132.2,external,O=C1CC[C@H]2COc3ccccc3[C@@H]2C1,ChEMBL
chembl-endpoint-20260529T111633Z,CHEMBL253,CB2,pKi,Ki,CHEMBL72163,COc1ccc2c(c1)c(CC(=O)N1CCOCC1)c(C)n2C(=O)c1c(Cl)cccc1Cl,7.229147988357855,59.0,external,O=C(Cc1cn(C(=O)c2ccccc2)c2ccccc12)N1CCOCC1,ChEMBL
chembl-endpoint-20260529T111633Z,CHEMBL253,CB2,pKi,Ki,CHEMBL72374,COc1ccc2c(c1)c(CC(=O)N1CCOCC1)c(C)n2C(=O)c1cccc(Cl)c1Cl,7.853871964321762,14.0,external,O=C(Cc1cn(C(=O)c2ccccc2)c2ccccc12)N1CCOCC1,ChEMBL
chembl-endpoint-20260529T111633Z,CHEMBL253,CB2,pKi,Ki,CHEMBL72631,COc1ccc2c(c1)c(CC(=O)N1CCOCC1)c(C)n2C(=O)c1ccc(Cl)cc1,6.361510743045363,435.0,external,O=C(Cc1cn(C(=O)c2ccccc2)c2ccccc12)N1CCOCC1,ChEMBL
chembl-endpoint-20260529T111633Z,CHEMBL253,CB2,pKi,Ki,CHEMBL73572,COC(=O)Cc1c(C)n(C(=O)c2ccc(Cl)cc2)c2ccc(OC)cc12,5.395665926897089,4021.0,external,O=C(c1ccccc1)n1ccc2ccccc21,ChEMBL
chembl-endpoint-20260529T111633Z,CHEMBL253,CB2,pKi,Ki,CHEMBL75571,COc1ccc2c(c1)c(CC(=O)N1CCOCC1)c(C)n2C(=O)c1cccc(Cl)c1,6.450996737974212,354.0,external,O=C(Cc1cn(C(=O)c2ccccc2)c2ccccc12)N1CCOCC1,ChEMBL
chembl-endpoint-20260529T111633Z,CHEMBL253,CB2,pKi,Ki,CHEMBL75733,COc1ccc2c(c1)c(CC(=O)N1CCOCC1)c(C)n2C(=O)c1ccccc1Cl,7.161150909262744,69.0,external,O=C(Cc1cn(C(=O)c2ccccc2)c2ccccc12)N1CCOCC1,ChEMBL
chembl-endpoint-20260529T111633Z,CHEMBL253,CB2,pKi,Ki,CHEMBL78696,COc1cccc2c(C(=O)NC3CCCC3(C)C)c(C)n(CCN3CCOCC3)c12,6.688246138944246,205.0,external,O=C(NC1CCCC1)c1cn(CCN2CCOCC2)c2ccccc12,ChEMBL
chembl-endpoint-20260529T111633Z,CHEMBL253,CB2,pKi,Ki,CHEMBL80530,COC(=O)[C@H](Cc1cscn1)NC(=O)c1c(C)n(CCN2CCOCC2)c2c(OC)cccc12,7.698970004336019,20.0,external,O=C(NCCc1cscn1)c1cn(CCN2CCOCC2)c2ccccc12,ChEMBL
chembl-endpoint-20260529T111633Z,CHEMBL253,CB2,pKi,Ki,CHEMBL81708,CCCCCOc1cc(/C=C/C(=O)N[C@@H](Cc2ccccc2)C(=O)OC)ccc1OC,7.0655015487564325,86.0,external,O=C(/C=C/c1ccccc1)NCCc1ccccc1,ChEMBL
chembl-endpoint-20260529T111633Z,CHEMBL253,CB2,pKi,Ki,CHEMBL114189,CCCCCc1cc2c(c3c1CCCO3)C1C=C(C)CCC1C(C)(C)O2,7.443697499232712,36.0,scaffold_test,C1=CC2c3c(ccc4c3OCCC4)OCC2CC1,ChEMBL
chembl-endpoint-20260529T111633Z,CHEMBL253,CB2,pKi,Ki,CHEMBL117033,CC1=CC[C@@H]2[C@@H](C1)c1c(O)cc(C3(C4CCCCC4)SCCS3)cc1OC2(C)C,8.978810700930062,1.05,scaffold_test,C1=CC[C@H]2c3ccc(C4(C5CCCCC5)SCCS4)cc3OC[C@@H]2C1,ChEMBL
chembl-endpoint-20260529T111633Z,CHEMBL253,CB2,pKi,Ki,CHEMBL15779,Cc1c(C(=O)NCCO)nn(-c2ccc(Cl)cc2Cl)c1-c1ccc(Cl)cc1,5.369572124974976,4270.0,scaffold_test,c1ccc(-c2ccnn2-c2ccccc2)cc1,ChEMBL
chembl-endpoint-20260529T111633Z,CHEMBL253,CB2,pKi,Ki,CHEMBL175291,Cc1c(C(=O)N2CCc3ccccc3C2)nc(-c2ccc(Cl)cc2Cl)n1-c1ccc(Cl)cc1,6.157390760389438,696.0,scaffold_test,O=C(c1cn(-c2ccccc2)c(-c2ccccc2)n1)N1CCc2ccccc2C1,ChEMBL
chembl-endpoint-20260529T111633Z,CHEMBL253,CB2,pKi,Ki,CHEMBL178799,Cc1c(C(=O)NCc2ccc(C(F)(F)F)cc2)nc(-c2ccc(Cl)cc2Cl)n1-c1ccc(Cl)cc1,5.70245833218184,1984.0,scaffold_test,O=C(NCc1ccccc1)c1cn(-c2ccccc2)c(-c2ccccc2)n1,ChEMBL
chembl-endpoint-20260529T111633Z,CHEMBL253,CB2,pKi,Ki,CHEMBL178918,CCCn1c(C)c(C(=O)c2cc([N+](=O)[O-])cc3ccccc23)c2ccccc21,6.844663962534939,143.0,scaffold_test,O=C(c1cccc2ccccc12)c1c[nH]c2ccccc12,ChEMBL
chembl-endpoint-20260529T111633Z,CHEMBL253,CB2,pKi,Ki,CHEMBL2111564,Cc1c(C(=O)N[C@H](C)CO)nn(-c2ccc(Cl)cc2Cl)c1-c1ccc(Cl)cc1,5.752026733638194,1770.0,scaffold_test,c1ccc(-c2ccnn2-c2ccccc2)cc1,ChEMBL
chembl-endpoint-20260529T111633Z,CHEMBL253,CB2,pKi,Ki,CHEMBL2112290,COc1cccc2c(C(=O)NC3C(C)(C)[C@@H]4CC[C@@]3(C)C4)c(C)n(CCCN3CCOCC3)c12,7.6020599913279625,25.0,scaffold_test,O=C(NC1C[C@@H]2CCC1C2)c1cn(CCCN2CCOCC2)c2ccccc12,ChEMBL
chembl-endpoint-20260529T111633Z,CHEMBL253,CB2,pKi,Ki,CHEMBL2112364,Cc1c(C(=O)N[C@@H](C)CO)nn(-c2ccc(Cl)cc2Cl)c1-c1ccc(Cl)cc1,5.229147988357856,5900.0,scaffold_test,c1ccc(-c2ccnn2-c2ccccc2)cc1,ChEMBL
chembl-endpoint-20260529T111633Z,CHEMBL253,CB2,pKi,Ki,CHEMBL284710,CCCCCNC(=O)c1nn(-c2ccc(Cl)cc2Cl)c(-c2ccc(Cl)cc2)c1C,5.954677021213342,1110.0,scaffold_test,c1ccc(-c2ccnn2-c2ccccc2)cc1,ChEMBL
chembl-endpoint-20260529T111633Z,CHEMBL253,CB2,pKi,Ki,CHEMBL306764,CCCn1c(C)c(C(=O)c2cccc3ccccc23)c2ccccc21,7.443697499232712,36.0,scaffold_test,O=C(c1cccc2ccccc12)c1c[nH]c2ccccc12,ChEMBL
chembl-endpoint-20260529T111633Z,CHEMBL253,CB2,pKi,Ki,CHEMBL314197,CCCNC(=O)c1nn(-c2ccc(Cl)cc2Cl)c(-c2ccc(Cl)cc2)c1C,5.528708288941061,2960.0,scaffold_test,c1ccc(-c2ccnn2-c2ccccc2)cc1,ChEMBL
chembl-endpoint-20260529T111633Z,CHEMBL253,CB2,pKi,Ki,CHEMBL327587,Cc1c(C(=O)NNCC(C)C)nn(-c2ccc(Cl)cc2Cl)c1-c1ccc(Cl)cc1,5.6595558851598815,2190.0,scaffold_test,c1ccc(-c2ccnn2-c2ccccc2)cc1,ChEMBL
chembl-endpoint-20260529T111633Z,CHEMBL253,CB2,pKi,Ki,CHEMBL327822,Cc1c(C(=O)NC(C)C)nn(-c2ccc(Cl)cc2Cl)c1-c1ccc(Cl)cc1,5.7594507517174005,1740.0,scaffold_test,c1ccc(-c2ccnn2-c2ccccc2)cc1,ChEMBL
chembl-endpoint-20260529T111633Z,CHEMBL253,CB2,pKi,Ki,CHEMBL330030,CCCCNC(=O)c1nn(-c2ccc(Cl)cc2Cl)c(-c2ccc(Cl)cc2)c1C,5.795880017344075,1600.0,scaffold_test,c1ccc(-c2ccnn2-c2ccccc2)cc1,ChEMBL
chembl-endpoint-20260529T111633Z,CHEMBL253,CB2,pKi,Ki,CHEMBL368432,CCCn1c(C)c(C(=O)c2cc(N)cc3ccccc23)c2ccccc21,6.718966632752273,191.0,scaffold_test,O=C(c1cccc2ccccc12)c1c[nH]c2ccccc12,ChEMBL
chembl-endpoint-20260529T111633Z,CHEMBL253,CB2,pKi,Ki,CHEMBL419138,CCCNNC(=O)c1nn(-c2ccc(Cl)cc2Cl)c(-c2ccc(Cl)cc2)c1C,5.581698708680254,2620.0,scaffold_test,c1ccc(-c2ccnn2-c2ccccc2)cc1,ChEMBL
chembl-endpoint-20260529T111633Z,CHEMBL253,CB2,pKi,Ki,CHEMBL555145,CCCn1c(C)c(C(=O)c2cc(NC(=O)CN)cc3ccccc23)c2ccccc21.Cl,6.376750709602099,420.0,scaffold_test,O=C(c1cccc2ccccc12)c1c[nH]c2ccccc12,ChEMBL
chembl-endpoint-20260529T111633Z,CHEMBL253,CB2,pKi,Ki,CHEMBL558341,CCCCNNC(=O)c1nn(-c2ccc(Cl)cc2Cl)c(-c2ccc(Cl)cc2)c1C,5.54515513999149,2850.0,scaffold_test,c1ccc(-c2ccnn2-c2ccccc2)cc1,ChEMBL
chembl-endpoint-20260529T111633Z,CHEMBL253,CB2,pKi,Ki,CHEMBL63365,COc1ccccc1CNC(=O)c1nn(CCN2CCOCC2)c2c(OC)cccc12,7.113509274827518,77.0,scaffold_test,O=C(NCc1ccccc1)c1nn(CCN2CCOCC2)c2ccccc12,ChEMBL
chembl-endpoint-20260529T111633Z,CHEMBL253,CB2,pKi,Ki,CHEMBL67006,COc1cccc2c(C(=O)N(Cc3c(F)cccc3Cl)C(C)C)nn(CCN3CCOCC3)c12,7.161150909262744,69.0,scaffold_test,O=C(NCc1ccccc1)c1nn(CCN2CCOCC2)c2ccccc12,ChEMBL
chembl-endpoint-20260529T111633Z,CHEMBL253,CB2,pKi,Ki,CHEMBL72324,COC(=O)Cc1c(C)n(C(=O)c2cccc3ccccc23)c2ccc(OC)cc12,6.847711655616943,142.0,scaffold_test,O=C(c1cccc2ccccc12)n1ccc2ccccc21,ChEMBL
chembl-endpoint-20260529T111633Z,CHEMBL253,CB2,pKi,Ki,CHEMBL73206,Cc1c(CN2CCOCC2)c2ccccc2n1C(=O)c1cccc2ccccc12,8.070581074285707,8.5,scaffold_test,O=C(c1cccc2ccccc12)n1cc(CN2CCOCC2)c2ccccc21,ChEMBL
chembl-endpoint-20260529T111633Z,CHEMBL253,CB2,pKi,Ki,CHEMBL88548,CNNC(=O)c1nn(-c2ccc(Cl)cc2Cl)c(-c2ccc(Cl)cc2)c1C,5.176525770829699,6660.0,scaffold_test,c1ccc(-c2ccnn2-c2ccccc2)cc1,ChEMBL
chembl-endpoint-20260529T111633Z,CHEMBL253,CB2,pKi,Ki,CHEMBL90026,CCNC(=O)c1nn(-c2ccc(Cl)cc2Cl)c(-c2ccc(Cl)cc2)c1C,5.507239610973162,3110.0,scaffold_test,c1ccc(-c2ccnn2-c2ccccc2)cc1,ChEMBL
chembl-endpoint-20260529T111633Z,CHEMBL253,CB2,pKi,Ki,CHEMBL90040,Cc1c(C(=O)NCCCCO)nn(-c2ccc(Cl)cc2Cl)c1-c1ccc(Cl)cc1,5.242603971206976,5720.0,scaffold_test,c1ccc(-c2ccnn2-c2ccccc2)cc1,ChEMBL
chembl-endpoint-20260529T111633Z,CHEMBL253,CB2,pKi,Ki,CHEMBL91666,Cc1c(C(=O)NO)nn(-c2ccc(Cl)cc2Cl)c1-c1ccc(Cl)cc1,5.106793246940152,7820.0,scaffold_test,c1ccc(-c2ccnn2-c2ccccc2)cc1,ChEMBL
chembl-endpoint-20260529T111633Z,CHEMBL253,CB2,pKi,Ki,CHEMBL92800,CCCCCCNC(=O)c1nn(-c2ccc(Cl)cc2Cl)c(-c2ccc(Cl)cc2)c1C,5.16304326294045,6870.0,scaffold_test,c1ccc(-c2ccnn2-c2ccccc2)cc1,ChEMBL
chembl-endpoint-20260529T111633Z,CHEMBL253,CB2,pKi,Ki,CHEMBL93328,Cc1c(C(=O)NCC(C)C)nn(-c2ccc(Cl)cc2Cl)c1-c1ccc(Cl)cc1,6.152427340857888,704.0,scaffold_test,c1ccc(-c2ccnn2-c2ccccc2)cc1,ChEMBL
chembl-endpoint-20260529T111633Z,CHEMBL253,CB2,pKi,Ki,CHEMBL93564,CCNNC(=O)c1nn(-c2ccc(Cl)cc2Cl)c(-c2ccc(Cl)cc2)c1C,5.21745571598999,6061.0,scaffold_test,c1ccc(-c2ccnn2-c2ccccc2)cc1,ChEMBL
chembl-endpoint-20260529T111633Z,CHEMBL253,CB2,pKi,Ki,CHEMBL93879,Cc1c(C(=O)NCCCO)nn(-c2ccc(Cl)cc2Cl)c1-c1ccc(Cl)cc1,5.903089986991944,1250.0,scaffold_test,c1ccc(-c2ccnn2-c2ccccc2)cc1,ChEMBL
chembl-endpoint-20260529T111633Z,CHEMBL253,CB2,pKi,Ki,CHEMBL94239,Cc1c(C(=O)NN)nn(-c2ccc(Cl)cc2Cl)c1-c1ccc(Cl)cc1,4.91721462968355,12100.0,scaffold_test,c1ccc(-c2ccnn2-c2ccccc2)cc1,ChEMBL
chembl-endpoint-20260529T111633Z,CHEMBL253,CB2,pKi,Ki,CHEMBL109393,CCCCCCC(C)(C)c1cc(O)c2c(c1)OC(C)(C)c1ccc(C)cc1-2,8.823908740944319,1.5,train,c1ccc2c(c1)COc1ccccc1-2,ChEMBL
chembl-endpoint-20260529T111633Z,CHEMBL253,CB2,pKi,Ki,CHEMBL109972,CCCCCc1cc(O)c2c(c1)OC(C)(C)c1ccc(CO)cc1-2,7.575118363368933,26.6,train,c1ccc2c(c1)COc1ccccc1-2,ChEMBL
chembl-endpoint-20260529T111633Z,CHEMBL253,CB2,pKi,Ki,CHEMBL111,Cc1c(C(=O)NN2CCCCC2)nn(-c2ccc(Cl)cc2Cl)c1-c1ccc(Cl)cc1,5.801342913045577,1580.0,train,O=C(NN1CCCCC1)c1cc(-c2ccccc2)n(-c2ccccc2)n1,ChEMBL
chembl-endpoint-20260529T111633Z,CHEMBL253,CB2,pKi,Ki,CHEMBL111099,CCCCCc1cc(O)c2c(c1)OC(C)(C)[C@@H]1CC=C(CO)CC21,8.130768280269024,7.4,train,C1=CC[C@H]2COc3ccccc3C2C1,ChEMBL
chembl-endpoint-20260529T111633Z,CHEMBL253,CB2,pKi,Ki,CHEMBL111148,CCCCCCC(C)(C)c1cc(O)c2c(c1)OC(C)(C)[C@@H]1CCC(C)=CC21,9.701146923590294,0.199,train,C1=CC2c3ccccc3OC[C@@H]2CC1,ChEMBL
chembl-endpoint-20260529T111633Z,CHEMBL253,CB2,pKi,Ki,CHEMBL111340,CCCCCCC(C)(C)c1cc(O)c2c(c1)OC(C)(C)c1ccc(C(=O)O)cc1-2,8.318758762624412,4.8,train,c1ccc2c(c1)COc1ccccc1-2,ChEMBL
chembl-endpoint-20260529T111633Z,CHEMBL253,CB2,pKi,Ki,CHEMBL111702,CCCCCCC(C)(C)c1cc(OC(C)=O)c2c(c1)OC(C)(C)c1ccc(C(=O)O)cc1-2,7.761953896871205,17.3,train,c1ccc2c(c1)COc1ccccc1-2,ChEMBL
chembl-endpoint-20260529T111633Z,CHEMBL253,CB2,pKi,Ki,CHEMBL111724,CCCCCCC(C)(C)c1cc(O)c2c(c1)OC(C)(C)c1ccc(CO)cc1-2,9.698970004336019,0.2,train,c1ccc2c(c1)COc1ccccc1-2,ChEMBL
chembl-endpoint-20260529T111633Z,CHEMBL253,CB2,pKi,Ki,CHEMBL116784,CC1=CC[C@@H]2[C@@H](C1)c1c(O)cc(C(=O)c3ccccc3)cc1OC2(C)C,7.627087997029894,23.6,train,O=C(c1ccccc1)c1ccc2c(c1)OC[C@@H]1CC=CC[C@@H]21,ChEMBL
chembl-endpoint-20260529T111633Z,CHEMBL253,CB2,pKi,Ki,CHEMBL118028,CC1=CC[C@@H]2[C@@H](C1)c1c(O)cc(C3(c4ccccc4)SCCS3)cc1OC2(C)C,7.7544873321858505,17.6,train,C1=CC[C@H]2c3ccc(C4(c5ccccc5)SCCS4)cc3OC[C@@H]2C1,ChEMBL
chembl-endpoint-20260529T111633Z,CHEMBL253,CB2,pKi,Ki,CHEMBL119592,CC1=CC[C@@H]2[C@@H](C1)c1c(O)cc(C(C)(C)c3ccccc3)cc1OC2(C)C,9.040958607678906,0.91,train,C1=CC[C@H]2c3ccc(Cc4ccccc4)cc3OC[C@@H]2C1,ChEMBL
chembl-endpoint-20260529T111633Z,CHEMBL253,CB2,pKi,Ki,CHEMBL121768,CCCCCCC(C)(C)c1ccc2c(c1)OC(C)(C)c1ccc(C)cc1-2,6.777283528852417,167.0,train,c1ccc2c(c1)COc1ccccc1-2,ChEMBL
chembl-endpoint-20260529T111633Z,CHEMBL253,CB2,pKi,Ki,CHEMBL122268,CCCC(C)(C)c1ccc2c(c1)OC(C)(C)c1ccc(C(=O)OC)cc1-2,6.213958789757446,611.0,train,c1ccc2c(c1)COc1ccccc1-2,ChEMBL
chembl-endpoint-20260529T111633Z,CHEMBL253,CB2,pKi,Ki,CHEMBL123093,CCCCCCC(C)(C)c1cc(OC)c2c(c1)OC(C)(C)c1ccc(C(=O)OC)cc1-2,6.276544327964814,529.0,train,c1ccc2c(c1)COc1ccccc1-2,ChEMBL
chembl-endpoint-20260529T111633Z,CHEMBL253,CB2,pKi,Ki,CHEMBL124649,CCCCCCC(C)(C)c1cc(OC)c2c(c1)OC(C)(C)c1ccc(C)cc1-2,6.543633966870957,286.0,train,c1ccc2c(c1)COc1ccccc1-2,ChEMBL
chembl-endpoint-20260529T111633Z,CHEMBL253,CB2,pKi,Ki,CHEMBL124829,CCCCCCC(C)(C)c1ccc2c(c1)OC(C)(C)c1ccc(C(=O)OC)cc1-2,6.559090917934782,276.0,train,c1ccc2c(c1)COc1ccccc1-2,ChEMBL
chembl-endpoint-20260529T111633Z,CHEMBL253,CB2,pKi,Ki,CHEMBL124973,CCCCCCC(C)(C)c1cc(OC)c2c(c1)OC(C)(C)c1ccc(C(=O)OCCC)cc1-2,6.669586226650809,214.0,train,c1ccc2c(c1)COc1ccccc1-2,ChEMBL
chembl-endpoint-20260529T111633Z,CHEMBL253,CB2,pKi,Ki,CHEMBL125010,CCCC(C)(C)c1ccc(-c2cc(C)ccc2C(C)C)c(O)c1,6.94692155651658,113.0,train,c1ccc(-c2ccccc2)cc1,ChEMBL
chembl-endpoint-20260529T111633Z,CHEMBL253,CB2,pKi,Ki,CHEMBL125061,CCCCCCC(C)(C)c1ccc(-c2cc(C)ccc2C(C)C)c(O)c1,8.522878745280337,3.0,train,c1ccc(-c2ccccc2)cc1,ChEMBL
chembl-endpoint-20260529T111633Z,CHEMBL253,CB2,pKi,Ki,CHEMBL127919,CCCC(C)(C)c1ccc2c(c1)OC(C)(C)c1ccc(CO)cc1-2,7.173925197299173,67.0,train,c1ccc2c(c1)COc1ccccc1-2,ChEMBL
chembl-endpoint-20260529T111633Z,CHEMBL253,CB2,pKi,Ki,CHEMBL148805,C1=C(CCN2CCOCC2)c2ccccc2/C1=C\c1cccc2ccccc12,6.87942606879415,132.0,train,C1=C(CCN2CCOCC2)c2ccccc2/C1=C\c1cccc2ccccc12,ChEMBL
chembl-endpoint-20260529T111633Z,CHEMBL253,CB2,pKi,Ki,CHEMBL149599,CC1=C(CCN2CCOCC2)c2ccccc2/C1=C\c1cccc2ccccc12,6.181774106386045,658.0,train,C1=C(CCN2CCOCC2)c2ccccc2/C1=C\c1cccc2ccccc12,ChEMBL
chembl-endpoint-20260529T111633Z,CHEMBL253,CB2,pKi,Ki,CHEMBL15399,O=C(NN1CCCCC1)c1cn(-c2ccc(Cl)cc2)c(-c2ccc(Cl)cc2Cl)n1,6.266000713461613,542.0,train,O=C(NN1CCCCC1)c1cn(-c2ccccc2)c(-c2ccccc2)n1,ChEMBL
chembl-endpoint-20260529T111633Z,CHEMBL253,CB2,pKi,Ki,CHEMBL156264,C/N=C(\NS(=O)(=O)c1ccc(C(F)(F)F)cc1)N1C[C@H](c2ccccc2)C(c2ccc(Cl)cc2)=N1,5.454074670644157,3515.0,train,N=C(NS(=O)(=O)c1ccccc1)N1C[C@H](c2ccccc2)C(c2ccccc2)=N1,ChEMBL
chembl-endpoint-20260529T111633Z,CHEMBL253,CB2,pKi,Ki,CHEMBL15874,Cc1c(C(=O)NC2CCCCC2)nn(-c2ccc(Cl)cc2Cl)c1-c1ccc(Cl)cc1,6.642065152999546,228.0,train,O=C(NC1CCCCC1)c1cc(-c2ccccc2)n(-c2ccccc2)n1,ChEMBL
chembl-endpoint-20260529T111633Z,CHEMBL253,CB2,pKi,Ki,CHEMBL173662,Cc1c(C(=O)N2CCC(O)CC2)nc(-c2ccc(Cl)cc2Cl)n1-c1ccc(Cl)cc1,5.402414498247795,3959.0,train,O=C(c1cn(-c2ccccc2)c(-c2ccccc2)n1)N1CCCCC1,ChEMBL
chembl-endpoint-20260529T111633Z,CHEMBL253,CB2,pKi,Ki,CHEMBL174163,Cc1c(C(=O)NN2CCCCC2)nc(-c2ccc(Cl)cc2Cl)n1-c1ccc(C(F)(F)F)cc1,6.1979107421182675,634.0,train,O=C(NN1CCCCC1)c1cn(-c2ccccc2)c(-c2ccccc2)n1,ChEMBL
chembl-endpoint-20260529T111633Z,CHEMBL253,CB2,pKi,Ki,CHEMBL175292,Cc1c(C(=O)NN2CCCCC2)nc(-c2ccc(Cl)cc2Cl)n1-c1ccc(Br)cc1,6.31069114087638,489.0,train,O=C(NN1CCCCC1)c1cn(-c2ccccc2)c(-c2ccccc2)n1,ChEMBL
chembl-endpoint-20260529T111633Z,CHEMBL253,CB2,pKi,Ki,CHEMBL175368,Cc1c(C(=O)NN2CCCCC2)nc(-c2ccc(Cl)cc2Cl)n1-c1ccc(F)cc1,6.116338564846382,765.0,train,O=C(NN1CCCCC1)c1cn(-c2ccccc2)c(-c2ccccc2)n1,ChEMBL
chembl-endpoint-20260529T111633Z,CHEMBL253,CB2,pKi,Ki,CHEMBL175369,COc1ccc(-n2c(-c3ccc(Cl)cc3Cl)nc(C(=O)NN3CCCCC3)c2C)cc1,6.486782399932061,326.0,train,O=C(NN1CCCCC1)c1cn(-c2ccccc2)c(-c2ccccc2)n1,ChEMBL
chembl-endpoint-20260529T111633Z,CHEMBL253,CB2,pKi,Ki,CHEMBL175478,Cc1c(C(=O)NN2CCCCCC2)nc(-c2ccc(Cl)cc2Cl)n1-c1ccc(Cl)cc1,6.296708621881338,505.0,train,O=C(NN1CCCCCC1)c1cn(-c2ccccc2)c(-c2ccccc2)n1,ChEMBL
chembl-endpoint-20260529T111633Z,CHEMBL253,CB2,pKi,Ki,CHEMBL175650,Cc1c(C(=O)NC2CCCCC2)nc(-c2ccc(Cl)cc2Cl)n1-c1ccc(Cl)cc1,6.795880017344075,160.0,train,O=C(NC1CCCCC1)c1cn(-c2ccccc2)c(-c2ccccc2)n1,ChEMBL
chembl-endpoint-20260529T111633Z,CHEMBL253,CB2,pKi,Ki,CHEMBL176022,Cc1c(C(=O)NC2CCCCCC2)nc(-c2ccc(Cl)cc2Cl)n1-c1ccc(Cl)cc1,6.45717457304082,349.0,train,O=C(NC1CCCCCC1)c1cn(-c2ccccc2)c(-c2ccccc2)n1,ChEMBL
chembl-endpoint-20260529T111633Z,CHEMBL253,CB2,pKi,Ki,CHEMBL176198,Cc1c(C(=O)N[C@H]2CC[C@H](O)CC2)nc(-c2ccc(Cl)cc2Cl)n1-c1ccc(Cl)cc1,5.45979570015794,3469.0,train,O=C(NC1CCCCC1)c1cn(-c2ccccc2)c(-c2ccccc2)n1,ChEMBL
chembl-endpoint-20260529T111633Z,CHEMBL253,CB2,pKi,Ki,CHEMBL177393,Cc1c(C(=O)NC2CC3CCC2C3)nc(-c2ccc(Cl)cc2Cl)n1-c1ccc(Cl)cc1,7.267606240177032,54.0,train,O=C(NC1CC2CCC1C2)c1cn(-c2ccccc2)c(-c2ccccc2)n1,ChEMBL
chembl-endpoint-20260529T111633Z,CHEMBL253,CB2,pKi,Ki,CHEMBL177403,O=C(NN1CCCCC1)c1nc(-c2ccc(Cl)cc2Cl)c(-c2ccc(Cl)cc2)s1,5.233512793760306,5841.0,train,O=C(NN1CCCCC1)c1nc(-c2ccccc2)c(-c2ccccc2)s1,ChEMBL
chembl-endpoint-20260529T111633Z,CHEMBL253,CB2,pKi,Ki,CHEMBL177656,O=C(NN1CCCCC1)c1nc(-c2ccc(Cl)cc2)c(-c2ccc(Cl)cc2Cl)s1,5.330869152626668,4668.0,train,O=C(NN1CCCCC1)c1nc(-c2ccccc2)c(-c2ccccc2)s1,ChEMBL
chembl-endpoint-20260529T111633Z,CHEMBL253,CB2,pKi,Ki,CHEMBL177990,O=C(NN1CCCCC1)c1nc(-c2ccc(Cl)cc2Cl)n(-c2ccc(Cl)cc2)c1CF,6.042871802323187,906.0,train,O=C(NN1CCCCC1)c1cn(-c2ccccc2)c(-c2ccccc2)n1,ChEMBL
chembl-endpoint-20260529T111633Z,CHEMBL253,CB2,pKi,Ki,CHEMBL178372,CCCCCOc1c(OC)ccc2cc(C(=O)NCc3ccc4c(c3)OCO4)c(=O)[nH]c12,7.444905551421681,35.9,train,O=C(NCc1ccc2c(c1)OCO2)c1cc2ccccc2[nH]c1=O,ChEMBL
chembl-endpoint-20260529T111633Z,CHEMBL253,CB2,pKi,Ki,CHEMBL178428,Cc1c(C(=O)OC(C)(C)C)nc(-c2ccc(Cl)cc2Cl)n1-c1ccc(Cl)cc1,6.088842391260023,815.0,train,c1ccc(-c2nccn2-c2ccccc2)cc1,ChEMBL
chembl-endpoint-20260529T111633Z,CHEMBL253,CB2,pKi,Ki,CHEMBL187354,CCCCCn1cc(C(=O)Cc2ccc(C)cc2)c2ccccc21,6.2441251443275085,570.0,train,O=C(Cc1ccccc1)c1c[nH]c2ccccc12,ChEMBL
chembl-endpoint-20260529T111633Z,CHEMBL253,CB2,pKi,Ki,CHEMBL188,Cc1c(C(=O)c2cccc3ccccc23)c2cccc3c2n1[C@H](CN1CCOCC1)CO3,9.522878745280337,0.3,train,O=C(c1cccc2ccccc12)c1cn2c3c(cccc13)OC[C@H]2CN1CCOCC1,ChEMBL
chembl-endpoint-20260529T111633Z,CHEMBL253,CB2,pKi,Ki,CHEMBL188494,CCCCCn1c(C)c(C(=O)Cc2ccccc2C)c2ccccc21,7.721246399047171,19.0,train,O=C(Cc1ccccc1)c1c[nH]c2ccccc12,ChEMBL
chembl-endpoint-20260529T111633Z,CHEMBL253,CB2,pKi,Ki,CHEMBL2112286,COc1cccc2c(C(=O)N[C@@H]3C(C)(C)[C@@H]4CC[C@@]3(C)C4)c(C)n(CCN3CCCCC3)c12,7.050609993355087,89.0,train,O=C(N[C@@H]1C[C@@H]2CCC1C2)c1cn(CCN2CCCCC2)c2ccccc12,ChEMBL
chembl-endpoint-20260529T111633Z,CHEMBL253,CB2,pKi,Ki,CHEMBL2112287,COc1cccc2c(C(=O)N[C@@H]3C4(C)CCC(C4)C3(C)C)cn(CCN3CCOCC3)c12,7.886056647693163,13.0,train,O=C(N[C@H]1CC2CCC1C2)c1cn(CCN2CCOCC2)c2ccccc12,ChEMBL
chembl-endpoint-20260529T111633Z,CHEMBL253,CB2,pKi,Ki,CHEMBL2112288,COc1cccc2c(C(=O)NC3C(C)(C)[C@@H]4CC[C@@]3(C)C4)c(C)n(CCN(C)C)c12,6.296708621881338,505.0,train,O=C(NC1C[C@@H]2CCC1C2)c1c[nH]c2ccccc12,ChEMBL
chembl-endpoint-20260529T111633Z,CHEMBL253,CB2,pKi,Ki,CHEMBL2112289,CCCCCn1c(C)c(C(=O)NC2C(C)(C)[C@@H]3CC[C@@]2(C)C3)c2cccc(OC)c21,8.301029995663981,5.0,train,O=C(NC1C[C@@H]2CCC1C2)c1c[nH]c2ccccc12,ChEMBL
chembl-endpoint-20260529T111633Z,CHEMBL253,CB2,pKi,Ki,CHEMBL2112291,COCCn1c(C)c(C(=O)NC2C(C)(C)[C@@H]3CC[C@@]2(C)C3)c2cccc(OC)c21,7.221848749616356,60.0,train,O=C(NC1C[C@@H]2CCC1C2)c1c[nH]c2ccccc12,ChEMBL
chembl-endpoint-20260529T111633Z,CHEMBL253,CB2,pKi,Ki,CHEMBL2112292,CCc1c(C(=O)N[C@H]2C3(C)CCC(C3)C2(C)C)c2cccc(OC)c2n1CCN1CCOCC1,6.987162775294828,103.0,train,O=C(N[C@@H]1CC2CCC1C2)c1cn(CCN2CCOCC2)c2ccccc12,ChEMBL
chembl-endpoint-20260529T111633Z,CHEMBL253,CB2,pKi,Ki,CHEMBL2112293,COc1cc(F)cc2c(C(=O)N[C@H]3C4(C)CCC(C4)C3(C)C)c(C)n(CCN3CCOCC3)c12,7.7447274948966935,18.0,train,O=C(N[C@@H]1CC2CCC1C2)c1cn(CCN2CCOCC2)c2ccccc12,ChEMBL
chembl-endpoint-20260529T111633Z,CHEMBL253,CB2,pKi,Ki,CHEMBL2112646,CC1=CC[C@@H]2[C@@H](C1)c1ccc(CCCCCC(C)(C)C)cc1OC2(C)C,8.537602002101044,2.9,train,C1=CC[C@H]2c3ccccc3OC[C@@H]2C1,ChEMBL
chembl-endpoint-20260529T111633Z,CHEMBL253,CB2,pKi,Ki,CHEMBL2112647,CC(C)(C)CCCCCc1ccc2c(c1)OC(C)(C)[C@@H]1CC=C(CO)C[C@@H]21,10.494850021680094,0.032,train,C1=CC[C@H]2c3ccccc3OC[C@@H]2C1,ChEMBL
chembl-endpoint-20260529T111633Z,CHEMBL253,CB2,pKi,Ki,CHEMBL2218896,CCCCCCC(C)(C)c1cc(O)c2c(c1)OC(C)(C)C1CCC(=O)CC21,8.735182176990463,1.84,train,O=C1CCC2COc3ccccc3C2C1,ChEMBL
chembl-endpoint-20260529T111633Z,CHEMBL253,CB2,pKi,Ki,CHEMBL274833,Cc1c(C(=O)c2cccc3ccccc23)c2ccccc2n1CCN1CCOCC1,7.853871964321762,14.0,train,O=C(c1cccc2ccccc12)c1cn(CCN2CCOCC2)c2ccccc12,ChEMBL
chembl-endpoint-20260529T111633Z,CHEMBL253,CB2,pKi,Ki,CHEMBL294013,C=C1CC[C@@H]2[C@@H](C1)c1c(OC)cc(C(C)(C)CCCCCC)cc1OC2(C)C,7.712198270069774,19.4,train,C=C1CC[C@H]2COc3ccccc3[C@@H]2C1,ChEMBL
chembl-endpoint-20260529T111633Z,CHEMBL253,CB2,pKi,Ki,CHEMBL294472,CCCCCCC(C)(C)c1cc(O)c2c(c1)OC(C)(C)[C@H]1CC=C(C=O)C[C@H]21,6.925915310971757,118.6,train,C1=CC[C@@H]2c3ccccc3OC[C@H]2C1,ChEMBL
chembl-endpoint-20260529T111633Z,CHEMBL253,CB2,pKi,Ki,CHEMBL304043,CCc1c(C(=O)NC2C(C)(C)[C@@H]3CC[C@@]2(C)C3)c2cccc(OC)c2n1CCN1CCOCC1,6.958607314841775,110.0,train,O=C(NC1C[C@@H]2CCC1C2)c1cn(CCN2CCOCC2)c2ccccc12,ChEMBL
chembl-endpoint-20260529T111633Z,CHEMBL253,CB2,pKi,Ki,CHEMBL308777,COc1ccc2c(c1)c(CN1CCOCC1)c(C)n2C(=O)c1cccc(Cl)c1Cl,7.657577319177793,22.0,train,O=C(c1ccccc1)n1cc(CN2CCOCC2)c2ccccc21,ChEMBL
chembl-endpoint-20260529T111633Z,CHEMBL253,CB2,pKi,Ki,CHEMBL308847,COc1ccc2c(c1)c(CC(=O)N1CCOCC1)c(C)n2Cc1cccc(Cl)c1Cl,5.980468315468745,1046.0,train,O=C(Cc1cn(Cc2ccccc2)c2ccccc12)N1CCOCC1,ChEMBL
chembl-endpoint-20260529T111633Z,CHEMBL253,CB2,pKi,Ki,CHEMBL309868,COC(=O)[C@H](Cc1cccc(Cl)c1)NC(=O)c1c(C)n(CCN2CCOCC2)c2c(OC)cccc12,7.508638306165727,31.0,train,O=C(NCCc1ccccc1)c1cn(CCN2CCOCC2)c2ccccc12,ChEMBL
chembl-endpoint-20260529T111633Z,CHEMBL253,CB2,pKi,Ki,CHEMBL310431,COc1cccc2c(C(=O)NC3CC(C)(C)CCC3(C)C)cn(CCN3CCOCC3)c12,7.657577319177793,22.0,train,O=C(NC1CCCCC1)c1cn(CCN2CCOCC2)c2ccccc12,ChEMBL
chembl-endpoint-20260529T111633Z,CHEMBL253,CB2,pKi,Ki,CHEMBL310766,COc1cccc2c(C(=O)N[C@H](C)Cc3ccccc3)c(C)n(CCN3CCOCC3)c12,6.580044251510242,263.0,train,O=C(NCCc1ccccc1)c1cn(CCN2CCOCC2)c2ccccc12,ChEMBL
chembl-endpoint-20260529T111633Z,CHEMBL253,CB2,pKi,Ki,CHEMBL311690,COC(=O)[C@H](Cc1ccccc1)NC(=O)c1c(C)n(CCN2CCOCC2)c2c(OC)cccc12,8.096910013008056,8.0,train,O=C(NCCc1ccccc1)c1cn(CCN2CCOCC2)c2ccccc12,ChEMBL
chembl-endpoint-20260529T111633Z,CHEMBL253,CB2,pKi,Ki,CHEMBL312093,COc1cc(Cl)cc2c(C(=O)N[C@@H]3C4(C)CCC(C4)C3(C)C)c(C)n(CCN3CCOCC3)c12,6.600326278518962,251.0,train,O=C(N[C@H]1CC2CCC1C2)c1cn(CCN2CCOCC2)c2ccccc12,ChEMBL
chembl-endpoint-20260529T111633Z,CHEMBL253,CB2,pKi,Ki,CHEMBL320408,CCCCCCC(C)(C)c1cc(O)c2c(c1)OC(C)(C)[C@@H]1CC=C(C(=O)O)CC21,6.768275616671484,170.5,train,C1=CC[C@H]2COc3ccccc3C2C1,ChEMBL
chembl-endpoint-20260529T111633Z,CHEMBL253,CB2,pKi,Ki,CHEMBL325389,CC1=CC[C@@H]2[C@@H](C1)c1c(O)cc(C(C)(C)C3CCCCC3)cc1OC2(C)C,9.187086643357144,0.65,train,C1=CC[C@H]2c3ccc(CC4CCCCC4)cc3OC[C@@H]2C1,ChEMBL
chembl-endpoint-20260529T111633Z,CHEMBL253,CB2,pKi,Ki,CHEMBL328970,Cc1c(C(=O)NN2CCOCC2)nn(-c2ccc(Cl)cc2Cl)c1-c1ccc(Cl)cc1,5.619788758288394,2400.0,train,O=C(NN1CCOCC1)c1cc(-c2ccccc2)n(-c2ccccc2)n1,ChEMBL
chembl-endpoint-20260529T111633Z,CHEMBL253,CB2,pKi,Ki,CHEMBL331838,CCCCCCC(C)(C)c1ccc2c(c1)OC(C)(C)c1ccc(CO)cc1-2,9.0,1.0,train,c1ccc2c(c1)COc1ccccc1-2,ChEMBL
chembl-endpoint-20260529T111633Z,CHEMBL253,CB2,pKi,Ki,CHEMBL338455,CCCC(C)(C)c1cc(O)c2c(c1)OC(C)(C)c1ccc(C)cc1-2,8.221848749616356,6.0,train,c1ccc2c(c1)COc1ccccc1-2,ChEMBL
chembl-endpoint-20260529T111633Z,CHEMBL253,CB2,pKi,Ki,CHEMBL338484,CCCCCCCCCc1cc(O)c2c(c1)OC(C)(C)[C@@H]1CC=C(CO)C[C@@H]21,9.2839966563652,0.52,train,C1=CC[C@H]2c3ccccc3OC[C@@H]2C1,ChEMBL
chembl-endpoint-20260529T111633Z,CHEMBL253,CB2,pKi,Ki,CHEMBL350924,CS/C(=N\S(=O)(=O)c1ccc(C(F)(F)F)cc1)N1CC(c2ccccc2)C(c2ccc(Cl)cc2)=N1,6.0,1000.0,train,O=S(=O)(N=CN1CC(c2ccccc2)C(c2ccccc2)=N1)c1ccccc1,ChEMBL
chembl-endpoint-20260529T111633Z,CHEMBL253,CB2,pKi,Ki,CHEMBL360138,Cc1c(C(=O)NOC(C)(C)C)nc(-c2ccc(Cl)cc2Cl)n1-c1ccc(Cl)cc1,6.616184634019569,242.0,train,c1ccc(-c2nccn2-c2ccccc2)cc1,ChEMBL
chembl-endpoint-20260529T111633Z,CHEMBL253,CB2,pKi,Ki,CHEMBL364820,CCCCCn1cc(C(=O)Cc2ccccc2C)c2ccccc21,6.835647144215563,146.0,train,O=C(Cc1ccccc1)c1c[nH]c2ccccc12,ChEMBL
chembl-endpoint-20260529T111633Z,CHEMBL253,CB2,pKi,Ki,CHEMBL365878,CCCCCn1cc(C(=O)Cc2ccccc2)c2ccccc21,6.798602875679548,159.0,train,O=C(Cc1ccccc1)c1c[nH]c2ccccc12,ChEMBL
chembl-endpoint-20260529T111633Z,CHEMBL253,CB2,pKi,Ki,CHEMBL367672,Cc1c(C(=O)NN2CCOCC2)nc(-c2ccc(Cl)cc2Cl)n1-c1ccc(Cl)cc1,5.481881052856847,3297.0,train,O=C(NN1CCOCC1)c1cn(-c2ccccc2)c(-c2ccccc2)n1,ChEMBL
chembl-endpoint-20260529T111633Z,CHEMBL253,CB2,pKi,Ki,CHEMBL368547,Cc1c(C(=O)NC2CCCC2)nc(-c2ccc(Cl)cc2Cl)n1-c1ccc(Cl)cc1,6.447331783887806,357.0,train,O=C(NC1CCCC1)c1cn(-c2ccccc2)c(-c2ccccc2)n1,ChEMBL
chembl-endpoint-20260529T111633Z,CHEMBL253,CB2,pKi,Ki,CHEMBL368660,Cc1c(C(=O)NN2CCCCC2)nc(-c2ccc(Cl)cc2Cl)n1-c1ccc(Cl)cn1,6.120330794367947,758.0,train,O=C(NN1CCCCC1)c1cn(-c2ccccn2)c(-c2ccccc2)n1,ChEMBL
chembl-endpoint-20260529T111633Z,CHEMBL253,CB2,pKi,Ki,CHEMBL368749,Cc1c(C(=O)NN2CCCCC2)nc(-c2ccc(Cl)cc2Cl)n1-c1ccc(Cl)cc1,6.216096420727265,608.0,train,O=C(NN1CCCCC1)c1cn(-c2ccccc2)c(-c2ccccc2)n1,ChEMBL
chembl-endpoint-20260529T111633Z,CHEMBL253,CB2,pKi,Ki,CHEMBL369072,N#Cc1c(C(=O)NN2CCCCC2)nc(-c2ccc(Cl)cc2Cl)n1-c1ccc(Cl)cc1,5.798602875679548,1590.0,train,O=C(NN1CCCCC1)c1cn(-c2ccccc2)c(-c2ccccc2)n1,ChEMBL
chembl-endpoint-20260529T111633Z,CHEMBL253,CB2,pKi,Ki,CHEMBL369205,Cc1c(C(=O)NN2CCCC2)nc(-c2ccc(Cl)cc2Cl)n1-c1ccc(Cl)cc1,6.111259039317107,774.0,train,O=C(NN1CCCC1)c1cn(-c2ccccc2)c(-c2ccccc2)n1,ChEMBL
chembl-endpoint-20260529T111633Z,CHEMBL253,CB2,pKi,Ki,CHEMBL369314,CCN(CC)C(=O)c1nc(-c2ccc(Cl)cc2Cl)n(-c2ccc(Cl)cc2)c1C,5.598599459218456,2520.0,train,c1ccc(-c2nccn2-c2ccccc2)cc1,ChEMBL
chembl-endpoint-20260529T111633Z,CHEMBL253,CB2,pKi,Ki,CHEMBL39335,CCCCC/C=C\C/C=C\C/C=C\C/C=C\CCCC(=O)NCCc1ccoc1,6.3979400086720375,400.0,train,c1ccoc1,ChEMBL
chembl-endpoint-20260529T111633Z,CHEMBL253,CB2,pKi,Ki,CHEMBL408123,CC1=CC[C@@H]2[C@@H](C1)c1c(O)cc(Cc3ccccc3)cc1OC2(C)C,7.066006836168758,85.9,train,C1=CC[C@H]2c3ccc(Cc4ccccc4)cc3OC[C@@H]2C1,ChEMBL
chembl-endpoint-20260529T111633Z,CHEMBL253,CB2,pKi,Ki,CHEMBL411626,CCCCCCC(C)(C)c1cc(O)c2c(c1)OC(C)(C)[C@@H]1CC=C(C)C[C@@H]21,9.309803919971486,0.49,train,C1=CC[C@H]2c3ccccc3OC[C@@H]2C1,ChEMBL
chembl-endpoint-20260529T111633Z,CHEMBL253,CB2,pKi,Ki,CHEMBL412262,CN/C(=N\S(=O)(=O)c1ccc(Cl)cc1)N1C[C@H](c2ccccc2)C(c2ccc(Cl)cc2)=N1,5.100015437450609,7943.0,train,O=S(=O)(N=CN1C[C@H](c2ccccc2)C(c2ccccc2)=N1)c1ccccc1,ChEMBL
chembl-endpoint-20260529T111633Z,CHEMBL253,CB2,pKi,Ki,CHEMBL417158,CCCCC/C=C\C/C=C\C/C=C\C/C=C\CCCC(=O)NCc1cccn1C,7.154901959985743,70.0,train,c1cc[nH]c1,ChEMBL
chembl-endpoint-20260529T111633Z,CHEMBL253,CB2,pKi,Ki,CHEMBL418721,Cc1c(C(=O)NN2CC3CCCC3C2)nc(-c2ccc(Cl)cc2Cl)n1-c1ccc(Cl)cc1,5.850165303284215,1412.0,train,O=C(NN1CC2CCCC2C1)c1cn(-c2ccccc2)c(-c2ccccc2)n1,ChEMBL
chembl-endpoint-20260529T111633Z,CHEMBL253,CB2,pKi,Ki,CHEMBL418916,COc1cccc2c(C(=O)NC3CC(C)(C)CCC3(C)C)c(C)n(CCN3CCOCC3)c12,7.42021640338319,38.0,train,O=C(NC1CCCCC1)c1cn(CCN2CCOCC2)c2ccccc12,ChEMBL
chembl-endpoint-20260529T111633Z,CHEMBL253,CB2,pKi,Ki,CHEMBL419282,COC(=O)[C@H](Cc1cccs1)NC(=O)c1c(C)n(CCN2CCOCC2)c2c(OC)cccc12,7.920818753952375,12.0,train,O=C(NCCc1cccs1)c1cn(CCN2CCOCC2)c2ccccc12,ChEMBL
chembl-endpoint-20260529T111633Z,CHEMBL253,CB2,pKi,Ki,CHEMBL419289,COc1cccc2c(C(=O)N[C@@H](Cc3ccccc3)c3ccon3)c(C)n(CCN3CCOCC3)c12,6.628932137728263,235.0,train,O=C(N[C@@H](Cc1ccccc1)c1ccon1)c1cn(CCN2CCOCC2)c2ccccc12,ChEMBL
chembl-endpoint-20260529T111633Z,CHEMBL253,CB2,pKi,Ki,CHEMBL420173,CCCCCCC(C)(C)c1cc(O)c2c(c1)OC(C)(C)c1ccc(C(=O)OC)cc1-2,8.42021640338319,3.8,train,c1ccc2c(c1)COc1ccccc1-2,ChEMBL
chembl-endpoint-20260529T111633Z,CHEMBL253,CB2,pKi,Ki,CHEMBL420939,COc1cccc2c(C(=O)NC3C4(C)CCC(C4)C3(C)C)cn(CCN3CCOCC3)c12,7.920818753952375,12.0,train,O=C(NC1CC2CCC1C2)c1cn(CCN2CCOCC2)c2ccccc12,ChEMBL
chembl-endpoint-20260529T111633Z,CHEMBL253,CB2,pKi,Ki,CHEMBL421509,CO/N=C(\C)[C@H](Cc1ccccc1)NC(=O)c1c(C)n(CCN2CCOCC2)c2c(OC)cccc12,6.735182176990463,184.0,train,O=C(NCCc1ccccc1)c1cn(CCN2CCOCC2)c2ccccc12,ChEMBL
chembl-endpoint-20260529T111633Z,CHEMBL253,CB2,pKi,Ki,CHEMBL421685,Cc1c(CN2CCOCC2)c2ccccc2n1-c1cccc2ccccc12,5.105683937315561,7840.0,train,c1ccc2c(-n3cc(CN4CCOCC4)c4ccccc43)cccc2c1,ChEMBL
chembl-endpoint-20260529T111633Z,CHEMBL253,CB2,pKi,Ki,CHEMBL426585,CCc1c(C(=O)NN2CCCCC2)nc(-c2ccc(Cl)cc2Cl)n1-c1ccc(Cl)cc1,6.366531544420414,430.0,train,O=C(NN1CCCCC1)c1cn(-c2ccccc2)c(-c2ccccc2)n1,ChEMBL
chembl-endpoint-20260529T111633Z,CHEMBL253,CB2,pKi,Ki,CHEMBL427497,O=C(NN1CCCCC1)c1nc(-c2ccc(Cl)cc2Cl)n(-c2ccc(Cl)cc2)c1Br,6.127261172527331,746.0,train,O=C(NN1CCCCC1)c1cn(-c2ccccc2)c(-c2ccccc2)n1,ChEMBL
chembl-endpoint-20260529T111633Z,CHEMBL253,CB2,pKi,Ki,CHEMBL431184,COC(=O)[C@H](Cc1ccccc1)NC(=O)c1c(C)n(CCN2CCOCC2)c2ccccc12,6.6020599913279625,250.0,train,O=C(NCCc1ccccc1)c1cn(CCN2CCOCC2)c2ccccc12,ChEMBL
chembl-endpoint-20260529T111633Z,CHEMBL253,CB2,pKi,Ki,CHEMBL431363,COc1cccc2c(C(=O)NC3C(C)(C)[C@@H]4CC[C@@]3(C)C4)c(C)n(CCN3CCOCC3)c12,7.5376020021010435,29.0,train,O=C(NC1C[C@@H]2CCC1C2)c1cn(CCN2CCOCC2)c2ccccc12,ChEMBL
chembl-endpoint-20260529T111633Z,CHEMBL253,CB2,pKi,Ki,CHEMBL432107,CCCCCCC(C)(C)c1cc(O)c2c(c1)OC(C)(C)[C@@H]1CC=C(CO)CC21,9.769551078621726,0.17,train,C1=CC[C@H]2COc3ccccc3C2C1,ChEMBL
chembl-endpoint-20260529T111633Z,CHEMBL253,CB2,pKi,Ki,CHEMBL432750,COc1cccc2c(C(=O)N[C@@H]3C4(C)CCC(C4)C3(C)C)c(C)n(CCN3CCOCC3)c12,7.3872161432802645,41.0,train,O=C(N[C@H]1CC2CCC1C2)c1cn(CCN2CCOCC2)c2ccccc12,ChEMBL
chembl-endpoint-20260529T111633Z,CHEMBL253,CB2,pKi,Ki,CHEMBL434778,CCCCC/C=C\C/C=C\C/C=C\C/C=C\CCCC(=O)NCc1ccoc1,7.173925197299173,67.0,train,c1ccoc1,ChEMBL
chembl-endpoint-20260529T111633Z,CHEMBL253,CB2,pKi,Ki,CHEMBL436471,O=C(NN1CCCCC1)c1nc(-c2ccc(Cl)cc2Cl)n(-c2ccc(Cl)cc2)c1Cl,6.08460016478773,823.0,train,O=C(NN1CCCCC1)c1cn(-c2ccccc2)c(-c2ccccc2)n1,ChEMBL
chembl-endpoint-20260529T111633Z,CHEMBL253,CB2,pKi,Ki,CHEMBL439657,Cc1c(C(=O)NN2CCCCC2)nc(-c2ccc(Cl)cc2)n1-c1ccc(Cl)cc1Cl,6.681936665037238,208.0,train,O=C(NN1CCCCC1)c1cn(-c2ccccc2)c(-c2ccccc2)n1,ChEMBL
chembl-endpoint-20260529T111633Z,CHEMBL253,CB2,pKi,Ki,CHEMBL465,CCCCCc1cc(O)c2c(c1)OC(C)(C)[C@@H]1CCC(C)=C[C@@H]21,7.492144128304169,32.2,train,C1=C[C@H]2c3ccccc3OC[C@@H]2CC1,ChEMBL
chembl-endpoint-20260529T111633Z,CHEMBL253,CB2,pKi,Ki,CHEMBL527031,COc1cccc2c3c(=O)n([C@@H]4C(C)(C)[C@@H]5CC[C@@]4(C)C5)ccc3n(CCN3CCOCC3)c12,9.0,1.0,train,O=c1c2c3ccccc3n(CCN3CCOCC3)c2ccn1[C@@H]1C[C@@H]2CCC1C2,ChEMBL
chembl-endpoint-20260529T111633Z,CHEMBL253,CB2,pKi,Ki,CHEMBL558564,Cl.Cl.O=C(NN1CCCCC1)c1nc(-c2ccc(Cl)cc2)n(-c2ccc(Cl)cc2Cl)n1,5.264081883468703,5444.0,train,O=C(NN1CCCCC1)c1nc(-c2ccccc2)n(-c2ccccc2)n1,ChEMBL
chembl-endpoint-20260529T111633Z,CHEMBL253,CB2,pKi,Ki,CHEMBL558785,Cl.Cl.O=C(NN1CCCCC1)c1nc(-c2ccc(Cl)cc2Cl)n(-c2ccc(Cl)cc2)n1,5.448306084872775,3562.0,train,O=C(NN1CCCCC1)c1nc(-c2ccccc2)n(-c2ccccc2)n1,ChEMBL
chembl-endpoint-20260529T111633Z,CHEMBL253,CB2,pKi,Ki,CHEMBL559612,CCCCCCC(C)(C)c1ccc([C@@H]2C[C@H](O)CC[C@H]2CCCO)c(O)c1,9.823908740944319,0.15,train,c1ccc(C2CCCCC2)cc1,ChEMBL
chembl-endpoint-20260529T111633Z,CHEMBL253,CB2,pKi,Ki,CHEMBL56249,CCCCCCC(C)(C)c1cc2c(c(OP(=O)(OCC)OCC)c1)[C@@H]1CC(C)=CC[C@H]1C(C)(C)O2,6.354872600741609,441.7,train,C1=CC[C@H]2c3ccccc3OC[C@@H]2C1,ChEMBL
chembl-endpoint-20260529T111633Z,CHEMBL253,CB2,pKi,Ki,CHEMBL56288,CCCCCCC(C)(C)c1cc(O)c(-c2cc(C)cc(C)c2)c(O)c1,8.698970004336019,2.0,train,c1ccc(-c2ccccc2)cc1,ChEMBL
chembl-endpoint-20260529T111633Z,CHEMBL253,CB2,pKi,Ki,CHEMBL56799,CCCCCCC(C)(C)c1ccc(-c2cc(C)cc(C)c2)c(O)c1,8.3829996588791,4.14,train,c1ccc(-c2ccccc2)cc1,ChEMBL
chembl-endpoint-20260529T111633Z,CHEMBL253,CB2,pKi,Ki,CHEMBL57367,CCCCCCC(C)(C)c1cc(OC)c2c(c1)OC(C)(C)[C@@H]1CC=C(C)C[C@@H]21,7.698970004336019,20.0,train,C1=CC[C@H]2c3ccccc3OC[C@@H]2C1,ChEMBL
chembl-endpoint-20260529T111633Z,CHEMBL253,CB2,pKi,Ki,CHEMBL57723,CCCCCCC(C)(C)c1ccc2c(c1)OC(C)(C)[C@@H]1CC=C(C)C[C@@H]21,7.681936665037238,20.8,train,C1=CC[C@H]2c3ccccc3OC[C@@H]2C1,ChEMBL
chembl-endpoint-20260529T111633Z,CHEMBL253,CB2,pKi,Ki,CHEMBL57802,C=C1CC[C@@H]2[C@@H](C1)c1c(O)cc(C(C)(C)CCCCCC)cc1OC2(C)C,9.236572006437063,0.58,train,C=C1CC[C@H]2COc3ccccc3[C@@H]2C1,ChEMBL
chembl-endpoint-20260529T111633Z,CHEMBL253,CB2,pKi,Ki,CHEMBL57840,CCCCCCC(C)(C)c1cc(O)c([C@@H]2C=C(C)C3C[C@H]2C3(C)C)c(O)c1,7.3851027839668655,41.2,train,C1=C[C@@H](c2ccccc2)C2CC1C2,ChEMBL
chembl-endpoint-20260529T111633Z,CHEMBL253,CB2,pKi,Ki,CHEMBL58501,CCCCCCC(C)(C)c1cc(O)c2c(c1)OC(C)(C)[C@H]1CC=C(C)C[C@H]21,7.540607512240769,28.8,train,C1=CC[C@@H]2c3ccccc3OC[C@H]2C1,ChEMBL
chembl-endpoint-20260529T111633Z,CHEMBL253,CB2,pKi,Ki,CHEMBL59540,CCCCCCC(C)(C)c1cc(O)c2c(c1)OC(C)(C)[C@@H]1CC=C(C=O)C[C@@H]21,8.58335949266172,2.61,train,C1=CC[C@H]2c3ccccc3OC[C@@H]2C1,ChEMBL
chembl-endpoint-20260529T111633Z,CHEMBL253,CB2,pKi,Ki,CHEMBL61037,CCCCCCC(C)(C)c1cc(OC)c(-c2cc(C)cc(C)c2)c(OC)c1,6.363512103646634,433.0,train,c1ccc(-c2ccccc2)cc1,ChEMBL
chembl-endpoint-20260529T111633Z,CHEMBL253,CB2,pKi,Ki,CHEMBL61038,CCCCCCC(C)(C)c1ccc(-c2cc(C)cc(C)c2)cc1,5.669992299127241,2138.0,train,c1ccc(-c2ccccc2)cc1,ChEMBL
chembl-endpoint-20260529T111633Z,CHEMBL253,CB2,pKi,Ki,CHEMBL63561,COc1ccccc1Cn1ccc2c(c1=O)c1cccc(OC)c1n2CCN1CCOCC1,7.173925197299173,67.0,train,O=c1c2c3ccccc3n(CCN3CCOCC3)c2ccn1Cc1ccccc1,ChEMBL
chembl-endpoint-20260529T111633Z,CHEMBL253,CB2,pKi,Ki,CHEMBL66956,COc1cccc2c(C(=O)NC(c3ccccc3)c3ccccn3)nn(CCN3CCOCC3)c12,6.835647144215563,146.0,train,O=C(NC(c1ccccc1)c1ccccn1)c1nn(CCN2CCOCC2)c2ccccc12,ChEMBL
chembl-endpoint-20260529T111633Z,CHEMBL253,CB2,pKi,Ki,CHEMBL68288,COc1cccc2c(C(=O)NC3C(C)(C)[C@@H]4CC[C@@]3(C)C4)cn(CCN3CCOCC3)c12,7.958607314841775,11.0,train,O=C(NC1C[C@@H]2CCC1C2)c1cn(CCN2CCOCC2)c2ccccc12,ChEMBL
chembl-endpoint-20260529T111633Z,CHEMBL253,CB2,pKi,Ki,CHEMBL72771,COc1ccc2c(c1)c(CCN1CCOCC1)c(C)n2C(=O)c1ccc(Cl)cc1,6.671620396561262,213.0,train,O=C(c1ccccc1)n1cc(CCN2CCOCC2)c2ccccc21,ChEMBL
chembl-endpoint-20260529T111633Z,CHEMBL253,CB2,pKi,Ki,CHEMBL73711,COc1ccc2c(c1)c(CCN1CCOCC1)c(C)n2C(=O)c1cccc(Cl)c1Cl,7.920818753952375,12.0,train,O=C(c1ccccc1)n1cc(CCN2CCOCC2)c2ccccc21,ChEMBL
chembl-endpoint-20260529T111633Z,CHEMBL253,CB2,pKi,Ki,CHEMBL74415,CCCCCc1cc(O)c2c(c1)OC(C)(C)c1ccc(C)cc1-2,6.898252926053634,126.4,train,c1ccc2c(c1)COc1ccccc1-2,ChEMBL
chembl-endpoint-20260529T111633Z,CHEMBL253,CB2,pKi,Ki,CHEMBL75326,Cc1c(CCN2CCOCC2)c2ccccc2n1C(=O)c1cccc(Cl)c1Cl,7.568636235841013,27.0,train,O=C(c1ccccc1)n1cc(CCN2CCOCC2)c2ccccc21,ChEMBL
chembl-endpoint-20260529T111633Z,CHEMBL253,CB2,pKi,Ki,CHEMBL77957,COc1cccc2c(C(=O)N[C@@H](C)Cc3ccccc3)cn(CCN3CCOCC3)c12,7.1487416512809245,71.0,train,O=C(NCCc1ccccc1)c1cn(CCN2CCOCC2)c2ccccc12,ChEMBL
chembl-endpoint-20260529T111633Z,CHEMBL253,CB2,pKi,Ki,CHEMBL78663,COc1cccc2c(C(=O)N[C@@H](Cc3ccccc3)C(C)=O)c(C)n(CCN3CCOCC3)c12,8.096910013008056,8.0,train,O=C(NCCc1ccccc1)c1cn(CCN2CCOCC2)c2ccccc12,ChEMBL
chembl-endpoint-20260529T111633Z,CHEMBL253,CB2,pKi,Ki,CHEMBL78937,CNC(=O)[C@H](Cc1ccccc1)NC(=O)c1c(C)n(CCN2CCOCC2)c2c(OC)cccc12,6.531652669587842,294.0,train,O=C(NCCc1ccccc1)c1cn(CCN2CCOCC2)c2ccccc12,ChEMBL
chembl-endpoint-20260529T111633Z,CHEMBL253,CB2,pKi,Ki,CHEMBL80360,CCC(=O)[C@H](Cc1ccccc1)NC(=O)c1c(C)n(CCN2CCOCC2)c2c(OC)cccc12,7.619788758288394,24.0,train,O=C(NCCc1ccccc1)c1cn(CCN2CCOCC2)c2ccccc12,ChEMBL
chembl-endpoint-20260529T111633Z,CHEMBL253,CB2,pKi,Ki,CHEMBL80439,COc1cccc2c(C(=O)N[C@H]3C4(C)CCC(C4)C3(C)C)c(C)n(CCN3CCOCC3)c12,7.522878745280337,30.0,train,O=C(N[C@@H]1CC2CCC1C2)c1cn(CCN2CCOCC2)c2ccccc12,ChEMBL
