snapshot_id,target,target_name,molecule_chembl_id,canonical_smiles,pIC50,split,scaffold_smiles,source
chembl-pic50-20260527T153246Z,CHEMBL218,CB1,CHEMBL1082305,CC1(C)CC(C(N)=O)c2cc(-c3ccc(Cl)cc3)c(-c3ccc(Cl)cc3Cl)nc2O1,7.013228265733755,external,c1ccc(-c2cc3c(nc2-c2ccccc2)OCCC3)cc1,ChEMBL
chembl-pic50-20260527T153246Z,CHEMBL218,CB1,CHEMBL1082321,CC(C)(CO)NC(=O)C1CC(C)(C)Oc2nc(-c3ccc(Cl)cc3Cl)c(-c3ccc(Cl)cc3)cc21,7.853871964321762,external,c1ccc(-c2cc3c(nc2-c2ccccc2)OCCC3)cc1,ChEMBL
chembl-pic50-20260527T153246Z,CHEMBL218,CB1,CHEMBL1083000,CC1(C)CC(C)(O)c2cc(-c3ccc(Cl)cc3)c(-c3ccc(Cl)cc3Cl)nc2O1,7.096910013008056,external,c1ccc(-c2cc3c(nc2-c2ccccc2)OCCC3)cc1,ChEMBL
chembl-pic50-20260527T153246Z,CHEMBL218,CB1,CHEMBL1083014,CC1(C)CC(NC(=O)CO)c2cc(-c3ccc(Cl)cc3)c(-c3ccc(Cl)cc3Cl)nc2O1,8.769551078621726,external,c1ccc(-c2cc3c(nc2-c2ccccc2)OCCC3)cc1,ChEMBL
chembl-pic50-20260527T153246Z,CHEMBL218,CB1,CHEMBL1083016,CC1(C)CC(NC(=O)C(C)(C)CO)c2cc(-c3ccc(Cl)cc3)c(-c3ccc(Cl)cc3Cl)nc2O1,8.67778070526608,external,c1ccc(-c2cc3c(nc2-c2ccccc2)OCCC3)cc1,ChEMBL
chembl-pic50-20260527T153246Z,CHEMBL218,CB1,CHEMBL1083025,CC1(C)CC(NC(=O)CCO)c2cc(-c3ccc(Cl)cc3)c(-c3ccc(Cl)cc3Cl)nc2O1,8.769551078621726,external,c1ccc(-c2cc3c(nc2-c2ccccc2)OCCC3)cc1,ChEMBL
chembl-pic50-20260527T153246Z,CHEMBL218,CB1,CHEMBL1083646,C[C@@H](O)C(=O)NC1CC(C)(C)Oc2nc(-c3ccc(Cl)cc3Cl)c(-c3ccc(Cl)cc3)cc21,8.522878745280337,external,c1ccc(-c2cc3c(nc2-c2ccccc2)OCCC3)cc1,ChEMBL
chembl-pic50-20260527T153246Z,CHEMBL218,CB1,CHEMBL1084429,O=C(NC1CCCCC1)N1CCN(C(c2ccc(C(F)(F)F)cc2)c2ccc(Cl)cc2Cl)CC1,7.2441251443275085,external,O=C(NC1CCCCC1)N1CCN(C(c2ccccc2)c2ccccc2)CC1,ChEMBL
chembl-pic50-20260527T153246Z,CHEMBL218,CB1,CHEMBL1084555,O=C1CC(c2cccc(F)c2)Oc2nc(-c3ccccc3Cl)c(-c3ccc(Cl)cc3)cc21,8.769551078621726,external,O=C1CC(c2ccccc2)Oc2nc(-c3ccccc3)c(-c3ccccc3)cc21,ChEMBL
chembl-pic50-20260527T153246Z,CHEMBL218,CB1,CHEMBL1084695,O=C(NC1CCCCC1)N1CCN(C(c2ccc(F)cc2)c2ccc(Cl)cc2Cl)CC1,8.09151498112135,external,O=C(NC1CCCCC1)N1CCN(C(c2ccccc2)c2ccccc2)CC1,ChEMBL
chembl-pic50-20260527T153246Z,CHEMBL218,CB1,CHEMBL1085259,COC1CC(C)(C)Oc2nc(-c3ccc(Cl)cc3Cl)c(-c3ccc(Cl)cc3)cc21,7.721246399047171,external,c1ccc(-c2cc3c(nc2-c2ccccc2)OCCC3)cc1,ChEMBL
chembl-pic50-20260527T153246Z,CHEMBL218,CB1,CHEMBL1085260,CC1(C)CC(N)c2cc(-c3ccc(Cl)cc3)c(-c3ccc(Cl)cc3Cl)nc2O1,6.958607314841775,external,c1ccc(-c2cc3c(nc2-c2ccccc2)OCCC3)cc1,ChEMBL
chembl-pic50-20260527T153246Z,CHEMBL218,CB1,CHEMBL1085261,CC1(C)CC(NC(=O)CO)c2cc(-c3ccc(Cl)cc3)c(-c3ccccc3Cl)nc2O1,7.337242168318426,external,c1ccc(-c2cc3c(nc2-c2ccccc2)OCCC3)cc1,ChEMBL
chembl-pic50-20260527T153246Z,CHEMBL218,CB1,CHEMBL1085732,CC1(C)CC(O)c2cc(-c3ccc(Cl)cc3)c(-c3ccc(Cl)cc3Cl)nc2O1,6.886056647693163,external,c1ccc(-c2cc3c(nc2-c2ccccc2)OCCC3)cc1,ChEMBL
chembl-pic50-20260527T153246Z,CHEMBL218,CB1,CHEMBL1086605,O=C(NC1CCCCC1)N1CCN(C(c2ccccc2)c2ccc(F)cc2Cl)CC1,7.167491087293763,external,O=C(NC1CCCCC1)N1CCN(C(c2ccccc2)c2ccccc2)CC1,ChEMBL
chembl-pic50-20260527T153246Z,CHEMBL218,CB1,CHEMBL1087250,O=C(NC1CCCCC1)N1CCN(C(c2ccccc2)c2c(Cl)cccc2Cl)CC1,7.259637310505756,external,O=C(NC1CCCCC1)N1CCN(C(c2ccccc2)c2ccccc2)CC1,ChEMBL
chembl-pic50-20260527T153246Z,CHEMBL218,CB1,CHEMBL1087251,O=C(NC1CCCCC1)N1CCN(C(c2ccccc2)c2ccc(Br)cc2F)CC1,7.060480747381382,external,O=C(NC1CCCCC1)N1CCN(C(c2ccccc2)c2ccccc2)CC1,ChEMBL
chembl-pic50-20260527T153246Z,CHEMBL218,CB1,CHEMBL1087874,O=C(NC1CCCCC1)N1CCN(C(c2ccccc2)c2cc(Cl)ccc2Cl)CC1,7.366531544420414,external,O=C(NC1CCCCC1)N1CCN(C(c2ccccc2)c2ccccc2)CC1,ChEMBL
chembl-pic50-20260527T153246Z,CHEMBL218,CB1,CHEMBL1087875,O=C(NC1CCCCC1)N1CCN(C(c2ccccc2)c2ccc(Cl)c(Cl)c2)CC1,6.335358024443875,external,O=C(NC1CCCCC1)N1CCN(C(c2ccccc2)c2ccccc2)CC1,ChEMBL
chembl-pic50-20260527T153246Z,CHEMBL218,CB1,CHEMBL1088161,O=C(NC1CCCCC1)N1CCN(C(c2ccccc2)c2ccc(Cl)cc2F)CC1,6.906578314837765,external,O=C(NC1CCCCC1)N1CCN(C(c2ccccc2)c2ccccc2)CC1,ChEMBL
chembl-pic50-20260527T153246Z,CHEMBL218,CB1,CHEMBL1088728,O=C(NC1CCCCC1)N1CCN(C(c2ccccc2)c2ccc(Cl)cc2Cl)CC1,8.036212172654444,external,O=C(NC1CCCCC1)N1CCN(C(c2ccccc2)c2ccccc2)CC1,ChEMBL
chembl-pic50-20260527T153246Z,CHEMBL218,CB1,CHEMBL1091813,COc1ccc(C(c2ccc(Cl)cc2Cl)N2CCN(C(=O)NC3CCCCC3)CC2)cc1,7.086186147616283,external,O=C(NC1CCCCC1)N1CCN(C(c2ccccc2)c2ccccc2)CC1,ChEMBL
chembl-pic50-20260527T153246Z,CHEMBL218,CB1,CHEMBL1093377,S=C(NC1CCCCC1)N1CCN(C(c2ccccc2)c2ccc(Cl)cc2Cl)CC1,7.7447274948966935,external,S=C(NC1CCCCC1)N1CCN(C(c2ccccc2)c2ccccc2)CC1,ChEMBL
chembl-pic50-20260527T153246Z,CHEMBL218,CB1,CHEMBL1093378,O=C(NC1CCCCC1)N1CCN(C(c2cccc(Cl)c2)c2ccc(Cl)cc2Cl)CC1,6.79317412396815,external,O=C(NC1CCCCC1)N1CCN(C(c2ccccc2)c2ccccc2)CC1,ChEMBL
chembl-pic50-20260527T153246Z,CHEMBL218,CB1,CHEMBL1093735,Cc1ccc(C(c2ccc(Cl)cc2Cl)N2CCN(C(=O)NC3CCCCC3)CC2)cc1,8.568636235841012,external,O=C(NC1CCCCC1)N1CCN(C(c2ccccc2)c2ccccc2)CC1,ChEMBL
chembl-pic50-20260527T153246Z,CHEMBL218,CB1,CHEMBL1094521,C[C@H](O)C(=O)NC1CC(C)(C)Oc2nc(-c3ccc(Cl)cc3Cl)c(-c3ccc(Cl)cc3)cc21,8.522878745280337,external,c1ccc(-c2cc3c(nc2-c2ccccc2)OCCC3)cc1,ChEMBL
chembl-pic50-20260527T153246Z,CHEMBL218,CB1,CHEMBL1094847,CC1(C)CC(NC(=O)C(C)(C)O)c2cc(-c3ccc(Cl)cc3)c(-c3ccc(Cl)cc3Cl)nc2O1,8.769551078621726,external,c1ccc(-c2cc3c(nc2-c2ccccc2)OCCC3)cc1,ChEMBL
chembl-pic50-20260527T153246Z,CHEMBL218,CB1,CHEMBL1095159,CC1(C)CC(NC(=O)C(F)(F)CO)c2cc(-c3ccc(Cl)cc3)c(-c3ccc(Cl)cc3Cl)nc2O1,9.221848749616356,external,c1ccc(-c2cc3c(nc2-c2ccccc2)OCCC3)cc1,ChEMBL
chembl-pic50-20260527T153246Z,CHEMBL218,CB1,CHEMBL1095211,CC1(C)C[C@@H](NC(=O)CC(O)(C(F)(F)F)C(F)(F)F)c2cc(-c3ccc(Cl)cc3)c(-c3ccc(Cl)cc3Cl)nc2O1,8.958607314841775,external,c1ccc(-c2cc3c(nc2-c2ccccc2)OCCC3)cc1,ChEMBL
chembl-pic50-20260527T153246Z,CHEMBL218,CB1,CHEMBL1095990,CC(=O)N[C@@H]1CC(C)(C)Oc2nc(-c3ccc(Cl)cc3Cl)c(-c3ccc(Cl)cc3)cc21,8.920818753952375,external,c1ccc(-c2cc3c(nc2-c2ccccc2)OCCC3)cc1,ChEMBL
chembl-pic50-20260527T153246Z,CHEMBL218,CB1,CHEMBL1096845,CC1(C)C[C@H](NC(=O)CC(O)(C(F)(F)F)C(F)(F)F)c2cc(-c3ccc(Cl)cc3)c(-c3ccc(Cl)cc3Cl)nc2O1,6.318758762624412,external,c1ccc(-c2cc3c(nc2-c2ccccc2)OCCC3)cc1,ChEMBL
chembl-pic50-20260527T153246Z,CHEMBL218,CB1,CHEMBL1097455,CC1(C)CC(NC(=O)C(C)(O)C(F)(F)F)c2cc(-c3ccc(Cl)cc3)c(-c3ccc(Cl)cc3Cl)nc2O1,9.154901959985743,external,c1ccc(-c2cc3c(nc2-c2ccccc2)OCCC3)cc1,ChEMBL
chembl-pic50-20260527T153246Z,CHEMBL218,CB1,CHEMBL1097456,CC1(C)CC(NC(=O)CC(O)C(F)(F)F)c2cc(-c3ccc(Cl)cc3)c(-c3ccc(Cl)cc3Cl)nc2O1,9.154901959985743,external,c1ccc(-c2cc3c(nc2-c2ccccc2)OCCC3)cc1,ChEMBL
chembl-pic50-20260527T153246Z,CHEMBL218,CB1,CHEMBL1097795,CC1(C)C[C@@H](NC(=O)c2cccc3[nH]ncc23)c2cc(-c3ccc(Cl)cc3)c(-c3ccc(Cl)cc3Cl)nc2O1,8.886056647693163,external,O=C(N[C@@H]1CCOc2nc(-c3ccccc3)c(-c3ccccc3)cc21)c1cccc2[nH]ncc12,ChEMBL
chembl-pic50-20260527T153246Z,CHEMBL218,CB1,CHEMBL1098847,CC(=O)N[C@H]1CC(C)(C)Oc2nc(-c3ccc(Cl)cc3Cl)c(-c3ccc(Cl)cc3)cc21,7.251811972993799,external,c1ccc(-c2cc3c(nc2-c2ccccc2)OCCC3)cc1,ChEMBL
chembl-pic50-20260527T153246Z,CHEMBL218,CB1,CHEMBL1169572,Cc1cc(Cl)ccc1-c1nc2c(cc1-c1ccc(Cl)cc1)C(NC(=O)C(O)C(F)(F)F)CC(C)(C)O2,8.744727494896694,external,c1ccc(-c2cc3c(nc2-c2ccccc2)OCCC3)cc1,ChEMBL
chembl-pic50-20260527T153246Z,CHEMBL218,CB1,CHEMBL1201151,C#C[C@]1(O)CC[C@H]2[C@@H]3CCc4cc(OC)ccc4[C@H]3CC[C@@]21C,4.544546031221372,external,c1ccc2c(c1)CC[C@@H]1[C@@H]2CCC2CCC[C@H]21,ChEMBL
chembl-pic50-20260527T153246Z,CHEMBL218,CB1,CHEMBL1209596,C[C@H](NC(=O)C(C)(C)Oc1ccc(C(F)(F)F)cn1)[C@@H](Cc1ccc(Cl)cc1)c1cccc(Br)c1,9.229147988357855,external,O=C(COc1ccccn1)NC[C@@H](Cc1ccccc1)c1ccccc1,ChEMBL
chembl-pic50-20260527T153246Z,CHEMBL218,CB1,CHEMBL1209597,CC(C)(Oc1ccc(C(F)(F)F)cn1)C(=O)NC(C)(C)[C@@H](Cc1ccc(Cl)cc1)c1cccc(Br)c1,7.657577319177793,external,O=C(COc1ccccn1)NC[C@@H](Cc1ccccc1)c1ccccc1,ChEMBL
chembl-pic50-20260527T153246Z,CHEMBL218,CB1,CHEMBL1223234,C=C(C)Cn1c(SCC(=O)OC)nc2sc3c(c2c1=O)CC(C)(C)OC3,6.5376020021010435,external,O=c1[nH]cnc2sc3c(c12)CCOC3,ChEMBL
chembl-pic50-20260527T153246Z,CHEMBL218,CB1,CHEMBL1224373,CC(C)(C)C(=O)Nc1ccc2ncn(Cc3cccc(-c4cccc5c4OCO5)n3)c2c1,7.6777807052660805,external,c1cc(Cn2cnc3ccccc32)nc(-c2cccc3c2OCO3)c1,ChEMBL
chembl-pic50-20260527T153246Z,CHEMBL218,CB1,CHEMBL1224614,COc1cc(F)ccc1-c1cccc(Cc2cn(C)c3ccc(NC(=O)C(C)(C)CO)cc23)n1,7.568636235841013,external,c1ccc(-c2cccc(Cc3c[nH]c4ccccc34)n2)cc1,ChEMBL
chembl-pic50-20260527T153246Z,CHEMBL218,CB1,CHEMBL1224667,COc1cc(F)ccc1-c1cccc(Cc2cn(C)c3ccc(NC(=O)CC(C)(C)O)cc23)n1,7.721246399047171,external,c1ccc(-c2cccc(Cc3c[nH]c4ccccc34)n2)cc1,ChEMBL
chembl-pic50-20260527T153246Z,CHEMBL218,CB1,CHEMBL1382214,Cc1ccc(-c2cc(C(=O)Nc3ccc(S(=O)(=O)Nc4nccs4)cc3)c3ccccc3n2)c(C)c1,4.991399828238082,external,O=C(Nc1ccc(S(=O)(=O)Nc2nccs2)cc1)c1cc(-c2ccccc2)nc2ccccc12,ChEMBL
chembl-pic50-20260527T153246Z,CHEMBL218,CB1,CHEMBL1389833,CC(C)=CC(=O)Nc1ccc(OCc2ccccc2)cc1,4.494850021680094,external,c1ccc(COc2ccccc2)cc1,ChEMBL
chembl-pic50-20260527T153246Z,CHEMBL218,CB1,CHEMBL1398595,CC(Sc1nc2cc(Cl)ccc2s1)C(=O)Nc1cccc(S(=O)(=O)N2CCOCC2)c1,4.494850021680094,external,O=C(CSc1nc2ccccc2s1)Nc1cccc(S(=O)(=O)N2CCOCC2)c1,ChEMBL
chembl-pic50-20260527T153246Z,CHEMBL218,CB1,CHEMBL1402210,Cc1noc(NS(=O)(=O)c2ccc(NC(=O)c3cc(-c4ccccc4Cl)nc4ccccc34)cc2)c1C,4.72584215073632,external,O=C(Nc1ccc(S(=O)(=O)Nc2ccno2)cc1)c1cc(-c2ccccc2)nc2ccccc12,ChEMBL
chembl-pic50-20260527T153246Z,CHEMBL218,CB1,CHEMBL1428,COCCOC(=O)C1=C(C)NC(C)=C(C(=O)OC(C)C)C1c1cccc([N+](=O)[O-])c1,5.760450279159527,external,C1=CC(c2ccccc2)C=CN1,ChEMBL
chembl-pic50-20260527T153246Z,CHEMBL218,CB1,CHEMBL1443900,Oc1ccc(-c2[nH]nc(C(F)(F)F)c2-c2ccccc2)c(O)c1,5.45717457304082,external,c1ccc(-c2cn[nH]c2-c2ccccc2)cc1,ChEMBL
chembl-pic50-20260527T153246Z,CHEMBL218,CB1,CHEMBL1460039,COc1ccc(-c2c(C(F)(F)F)n[nH]c2-c2ccc(O)cc2O)cc1,5.054531414868181,external,c1ccc(-c2cn[nH]c2-c2ccccc2)cc1,ChEMBL
chembl-pic50-20260527T153246Z,CHEMBL218,CB1,CHEMBL1481494,COc1ccc(-c2cc(C(=O)Nc3ccc(S(=O)(=O)Nc4onc(C)c4C)cc3)c3ccccc3n2)cc1,4.772113295386326,external,O=C(Nc1ccc(S(=O)(=O)Nc2ccno2)cc1)c1cc(-c2ccccc2)nc2ccccc12,ChEMBL
chembl-pic50-20260527T153246Z,CHEMBL218,CB1,CHEMBL1506227,O=C(NCCc1ccncc1)Nc1ccc(Cl)cc1,5.0,external,O=C(NCCc1ccncc1)Nc1ccccc1,ChEMBL
chembl-pic50-20260527T153246Z,CHEMBL218,CB1,CHEMBL1507657,O=C(c1ccco1)N1CCN(c2nc(C3CC3)nc3sc4c(c23)CCCC4)CC1,4.494850021680094,external,O=C(c1ccco1)N1CCN(c2nc(C3CC3)nc3sc4c(c23)CCCC4)CC1,ChEMBL
chembl-pic50-20260527T153246Z,CHEMBL218,CB1,CHEMBL1534425,O=C(Nc1ccc(S(=O)(=O)Nc2nccs2)cc1)c1cc(-c2ccccc2)nc2ccccc12,5.321481620959886,external,O=C(Nc1ccc(S(=O)(=O)Nc2nccs2)cc1)c1cc(-c2ccccc2)nc2ccccc12,ChEMBL
chembl-pic50-20260527T153246Z,CHEMBL218,CB1,CHEMBL1542604,COc1ccc(-c2[nH]nc(C)c2-c2ccc(Cl)cc2)c(O)c1,6.261219441515631,external,c1ccc(-c2cn[nH]c2-c2ccccc2)cc1,ChEMBL
chembl-pic50-20260527T153246Z,CHEMBL218,CB1,CHEMBL1546161,Cc1n[nH]c(-c2ccc(O)cc2O)c1-c1ccc(Cl)cc1,4.494850021680094,external,c1ccc(-c2cn[nH]c2-c2ccccc2)cc1,ChEMBL
chembl-pic50-20260527T153246Z,CHEMBL218,CB1,CHEMBL1613157,COc1ccc(CNCCC(c2ccccc2)c2ccc3c(c2)OCO3)cc1,5.235077015350112,external,c1ccc(CNCCC(c2ccccc2)c2ccc3c(c2)OCO3)cc1,ChEMBL
chembl-pic50-20260527T153246Z,CHEMBL218,CB1,CHEMBL1697974,COc1ccc(S(=O)(=O)N2CCOCC2)cc1NC(=O)c1cc2c(s1)CCCCCC2,4.739928612014925,external,O=C(Nc1cccc(S(=O)(=O)N2CCOCC2)c1)c1cc2c(s1)CCCCCC2,ChEMBL
chembl-pic50-20260527T153246Z,CHEMBL218,CB1,CHEMBL1698243,CCOc1ccc(-c2n[nH]c(C)c2-c2ccc(OC)cc2)c(O)c1,6.070581074285707,external,c1ccc(-c2c[nH]nc2-c2ccccc2)cc1,ChEMBL
chembl-pic50-20260527T153246Z,CHEMBL218,CB1,CHEMBL1703896,Cc1nc(N2CCN(C(=O)COc3ccccc3C)CC2)c2c3c(sc2n1)CCCC3,5.653647025549361,external,O=C(COc1ccccc1)N1CCN(c2ncnc3sc4c(c23)CCCC4)CC1,ChEMBL
chembl-pic50-20260527T153246Z,CHEMBL218,CB1,CHEMBL1708243,CCOc1ccc(-c2n[nH]c(C)c2-c2ccccc2)c(O)c1,5.382999658879101,external,c1ccc(-c2c[nH]nc2-c2ccccc2)cc1,ChEMBL
chembl-pic50-20260527T153246Z,CHEMBL218,CB1,CHEMBL1709590,O=C(Nc1cc(S(=O)(=O)N2CCOCC2)ccc1N1CCCC1)c1cc2c(s1)CCCC2,4.494850021680094,external,O=C(Nc1cc(S(=O)(=O)N2CCOCC2)ccc1N1CCCC1)c1cc2c(s1)CCCC2,ChEMBL
chembl-pic50-20260527T153246Z,CHEMBL218,CB1,CHEMBL1713756,COc1ccc(-n2cc3c(-c4ccc(-c5ccccc5)cc4)nnc(C)c3n2)cc1,5.982966660701219,external,c1ccc(-c2ccc(-c3nncc4nn(-c5ccccc5)cc34)cc2)cc1,ChEMBL
chembl-pic50-20260527T153246Z,CHEMBL218,CB1,CHEMBL1725618,Cc1[nH]nc(-c2ccc(O)cc2O)c1-c1ccc(Br)cc1,6.008330992620052,external,c1ccc(-c2c[nH]nc2-c2ccccc2)cc1,ChEMBL
chembl-pic50-20260527T153246Z,CHEMBL218,CB1,CHEMBL1725686,Cc1cccc(OCC(=O)N2CCN(c3nc(C)nc4sc5c(c34)CCCC5)CC2)c1,5.779891911959945,external,O=C(COc1ccccc1)N1CCN(c2ncnc3sc4c(c23)CCCC4)CC1,ChEMBL
chembl-pic50-20260527T153246Z,CHEMBL218,CB1,CHEMBL1089018,Nc1c(C(=O)c2ccccc2)oc2nc(-c3ccc(Cl)cc3Cl)c(-c3ccc(Cl)cc3)cc12,8.455931955649724,scaffold_test,O=C(c1ccccc1)c1cc2cc(-c3ccccc3)c(-c3ccccc3)nc2o1,ChEMBL
chembl-pic50-20260527T153246Z,CHEMBL218,CB1,CHEMBL1089716,O=C(N1CCCCC1)N1CCN(C(c2ccccc2)c2ccc(Cl)cc2Cl)CC1,5.0,scaffold_test,O=C(N1CCCCC1)N1CCN(C(c2ccccc2)c2ccccc2)CC1,ChEMBL
chembl-pic50-20260527T153246Z,CHEMBL218,CB1,CHEMBL1095553,CC1(C)C[C@@H](NC(=O)c2n[nH]c3ccccc23)c2cc(-c3ccc(Cl)cc3)c(-c3ccc(Cl)cc3Cl)nc2O1,9.221848749616356,scaffold_test,O=C(N[C@@H]1CCOc2nc(-c3ccccc3)c(-c3ccccc3)cc21)c1n[nH]c2ccccc12,ChEMBL
chembl-pic50-20260527T153246Z,CHEMBL218,CB1,CHEMBL111,Cc1c(C(=O)NN2CCCCC2)nn(-c2ccc(Cl)cc2Cl)c1-c1ccc(Cl)cc1,8.221848749616356,scaffold_test,O=C(NN1CCCCC1)c1cc(-c2ccccc2)n(-c2ccccc2)n1,ChEMBL
chembl-pic50-20260527T153246Z,CHEMBL218,CB1,CHEMBL1288089,COc1ccc(/C=C/C(=O)CCC(=O)NCCO)cc1OC,5.0,scaffold_test,c1ccccc1,ChEMBL
chembl-pic50-20260527T153246Z,CHEMBL218,CB1,CHEMBL1288181,O=C(/C=C/c1ccc2ccccc2c1)CCCC(=O)N1CCCCC1,5.0,scaffold_test,O=C(/C=C/c1ccc2ccccc2c1)CCCC(=O)N1CCCCC1,ChEMBL
chembl-pic50-20260527T153246Z,CHEMBL218,CB1,CHEMBL1288238,O=C(/C=C/c1ccc(-c2ccccc2)cc1)CCC(=O)NCCO,5.0,scaffold_test,c1ccc(-c2ccccc2)cc1,ChEMBL
chembl-pic50-20260527T153246Z,CHEMBL218,CB1,CHEMBL1288239,O=C(CCC(=O)NCCO)CCc1ccc(-c2ccccc2)cc1,5.0,scaffold_test,c1ccc(-c2ccccc2)cc1,ChEMBL
chembl-pic50-20260527T153246Z,CHEMBL218,CB1,CHEMBL1310336,Cc1cc(C)c2nc(-c3ccccn3)cc(C(=O)Nc3ccc(S(=O)(=O)Nc4onc(C)c4C)cc3)c2c1,4.494850021680094,scaffold_test,O=C(Nc1ccc(S(=O)(=O)Nc2ccno2)cc1)c1cc(-c2ccccn2)nc2ccccc12,ChEMBL
chembl-pic50-20260527T153246Z,CHEMBL218,CB1,CHEMBL1386881,COc1ccc(CNCCC(c2ccc(F)cc2)c2ccc(OC)cc2)cc1,5.568636235841013,scaffold_test,c1ccc(CNCCC(c2ccccc2)c2ccccc2)cc1,ChEMBL
chembl-pic50-20260527T153246Z,CHEMBL218,CB1,CHEMBL1402920,Cc1nc(N2CCN(C(=O)c3ccco3)CC2)c2c3c(sc2n1)CCCC3,4.494850021680094,scaffold_test,O=C(c1ccco1)N1CCN(c2ncnc3sc4c(c23)CCCC4)CC1,ChEMBL
chembl-pic50-20260527T153246Z,CHEMBL218,CB1,CHEMBL1421591,CCCCC1(Cc2cccc([N+](=O)[O-])c2)C(=O)N(c2ccccc2)N(c2ccccc2)C1=O,4.958607314841775,scaffold_test,O=C1C(Cc2ccccc2)C(=O)N(c2ccccc2)N1c1ccccc1,ChEMBL
chembl-pic50-20260527T153246Z,CHEMBL218,CB1,CHEMBL1429129,CC1=CC(C)(C)N2C(=O)C3(SCC(=O)N3c3ccc(F)cc3)c3cc(C)cc1c32,5.193141970481182,scaffold_test,O=C1CSC2(C(=O)N3CC=Cc4cccc2c43)N1c1ccccc1,ChEMBL
chembl-pic50-20260527T153246Z,CHEMBL218,CB1,CHEMBL1459029,COc1ccc2c(c1)cc(C)c1nnc(SCC(=O)N(C)c3nc(-c4ccccc4)cs3)n12,4.494850021680094,scaffold_test,O=C(CSc1nnc2ccc3ccccc3n12)Nc1nc(-c2ccccc2)cs1,ChEMBL
chembl-pic50-20260527T153246Z,CHEMBL218,CB1,CHEMBL1484306,Cc1nc(N2CCN(C(=O)c3ccco3)CC2)c2c3c(sc2n1)CC(C)CC3,4.494850021680094,scaffold_test,O=C(c1ccco1)N1CCN(c2ncnc3sc4c(c23)CCCC4)CC1,ChEMBL
chembl-pic50-20260527T153246Z,CHEMBL218,CB1,CHEMBL1531383,COc1ccc(Cn2c(-c3ccc(OC)cc3)nc3ccccc32)cc1,5.0,scaffold_test,c1ccc(Cn2c(-c3ccccc3)nc3ccccc32)cc1,ChEMBL
chembl-pic50-20260527T153246Z,CHEMBL218,CB1,CHEMBL1545109,CCCCC1(Cc2ccc(OC)c([N+](=O)[O-])c2)C(=O)N(c2ccccc2)N(c2ccccc2)C1=O,4.494850021680094,scaffold_test,O=C1C(Cc2ccccc2)C(=O)N(c2ccccc2)N1c1ccccc1,ChEMBL
chembl-pic50-20260527T153246Z,CHEMBL218,CB1,CHEMBL1553629,CCc1c(C(=O)NCCc2ccc(N3CCCCC3)cc2)[nH]c2ccc(Cl)cc12,6.069050968832477,scaffold_test,O=C(NCCc1ccc(N2CCCCC2)cc1)c1cc2ccccc2[nH]1,ChEMBL
chembl-pic50-20260527T153246Z,CHEMBL218,CB1,CHEMBL1575373,Cc1cc(OCC(=O)Nc2ccc(S(=O)(=O)NC3=NCCCCC3)cc2)c(C(C)C)cc1Cl,5.5003129173815966,scaffold_test,O=C(COc1ccccc1)Nc1ccc(S(=O)(=O)NC2=NCCCCC2)cc1,ChEMBL
chembl-pic50-20260527T153246Z,CHEMBL218,CB1,CHEMBL1581985,CC1=CC(C)(C)N2C(=O)C3(SCC(=O)N3c3ccc(O)cc3)c3cc(C)cc1c32,4.494850021680094,scaffold_test,O=C1CSC2(C(=O)N3CC=Cc4cccc2c43)N1c1ccccc1,ChEMBL
chembl-pic50-20260527T153246Z,CHEMBL218,CB1,CHEMBL1699880,Cc1ccc(-c2csc(NC(=O)CSc3nnc4cc(C)c5ccccc5n34)n2)cc1,4.494850021680094,scaffold_test,O=C(CSc1nnc2ccc3ccccc3n12)Nc1nc(-c2ccccc2)cs1,ChEMBL
chembl-pic50-20260527T153246Z,CHEMBL218,CB1,CHEMBL1701998,Cc1nc(N2CCN(C(=O)c3ccc4c(c3)OCCO4)CC2)c2c3c(sc2n1)CCCC3,5.473660722610156,scaffold_test,O=C(c1ccc2c(c1)OCCO2)N1CCN(c2ncnc3sc4c(c23)CCCC4)CC1,ChEMBL
chembl-pic50-20260527T153246Z,CHEMBL218,CB1,CHEMBL1709725,Cc1ccccc1N1CCN(C(=O)c2cc(S(=O)(=O)N3CCCCC3)ccc2N2CCCC2)CC1,4.494850021680094,scaffold_test,O=C(c1cc(S(=O)(=O)N2CCCCC2)ccc1N1CCCC1)N1CCN(c2ccccc2)CC1,ChEMBL
chembl-pic50-20260527T153246Z,CHEMBL218,CB1,CHEMBL1710129,Cc1nc(N2CCN(C(=O)C(C)C)CC2)c2c3c(sc2n1)CCCC3,4.831414134463589,scaffold_test,c1nc(N2CCNCC2)c2c3c(sc2n1)CCCC3,ChEMBL
chembl-pic50-20260527T153246Z,CHEMBL218,CB1,CHEMBL1713121,CN(C)S(=O)(=O)c1ccc(Cl)c(C(=O)N2CCN(c3ccc([N+](=O)[O-])cc3)CC2)c1,4.494850021680094,scaffold_test,O=C(c1ccccc1)N1CCN(c2ccccc2)CC1,ChEMBL
chembl-pic50-20260527T153246Z,CHEMBL218,CB1,CHEMBL1714272,COc1ccc(-c2csc(NC(=O)CSc3nnc4c(C)cc5ccccc5n34)n2)cc1,4.494850021680094,scaffold_test,O=C(CSc1nnc2ccc3ccccc3n12)Nc1nc(-c2ccccc2)cs1,ChEMBL
chembl-pic50-20260527T153246Z,CHEMBL218,CB1,CHEMBL1715078,N=c1c(C(=O)NCCN2CCOCC2)cc2c(=O)n3ccccc3nc2n1C1CCCC1,4.494850021680094,scaffold_test,N=c1c(C(=O)NCCN2CCOCC2)cc2c(=O)n3ccccc3nc2n1C1CCCC1,ChEMBL
chembl-pic50-20260527T153246Z,CHEMBL218,CB1,CHEMBL1715363,Cc1cccc(N2CCN(C(=O)c3cc(S(=O)(=O)N(C)C)ccc3Cl)CC2)c1C,4.806875401645539,scaffold_test,O=C(c1ccccc1)N1CCN(c2ccccc2)CC1,ChEMBL
chembl-pic50-20260527T153246Z,CHEMBL218,CB1,CHEMBL1718432,COc1ccc2cc(C)c3nnc(SCC(=O)Nc4nc(-c5ccc(F)cc5)cs4)n3c2c1,4.494850021680094,scaffold_test,O=C(CSc1nnc2ccc3ccccc3n12)Nc1nc(-c2ccccc2)cs1,ChEMBL
chembl-pic50-20260527T153246Z,CHEMBL218,CB1,CHEMBL1718746,Cc1cccc(N2CCN(C(=O)c3cccc(S(=O)(=O)N(C)C)c3)CC2)c1C,4.494850021680094,scaffold_test,O=C(c1ccccc1)N1CCN(c2ccccc2)CC1,ChEMBL
chembl-pic50-20260527T153246Z,CHEMBL218,CB1,CHEMBL1076884,O=C(C1CCC1)N1CCN(C(c2ccccc2)c2ccc(Cl)cc2Cl)CC1,5.0,train,O=C(C1CCC1)N1CCN(C(c2ccccc2)c2ccccc2)CC1,ChEMBL
chembl-pic50-20260527T153246Z,CHEMBL218,CB1,CHEMBL1082330,CN1c2nc(-c3ccc(Cl)cc3Cl)c(-c3ccc(Cl)cc3)cc2C(C(=O)NCO)CC1(C)C,8.431798275933005,train,c1ccc(-c2cc3c(nc2-c2ccccc2)NCCC3)cc1,ChEMBL
chembl-pic50-20260527T153246Z,CHEMBL218,CB1,CHEMBL1082650,C[C@@H](O)NC(=O)C1CC(C)(C)N(C)c2nc(-c3ccc(Cl)cc3Cl)c(-c3ccc(Cl)cc3)cc21,8.744727494896694,train,c1ccc(-c2cc3c(nc2-c2ccccc2)NCCC3)cc1,ChEMBL
chembl-pic50-20260527T153246Z,CHEMBL218,CB1,CHEMBL1082723,C[C@H]1Cc2c([nH]c3cc(Cl)c(F)cc23)[C@@]2(N1)C(=O)Nc1ccc(Cl)cc12,5.0,train,O=C1Nc2ccccc2[C@]12NCCc1c2[nH]c2ccccc12,ChEMBL
chembl-pic50-20260527T153246Z,CHEMBL218,CB1,CHEMBL1083619,C[C@@H](O)C(=O)NC1CC2(CCCCC2)Oc2nc(-c3ccccc3Cl)c(-c3ccc(Cl)cc3)cc21,9.698970004336019,train,c1ccc(-c2cc3c(nc2-c2ccccc2)OC2(CCCCC2)CC3)cc1,ChEMBL
chembl-pic50-20260527T153246Z,CHEMBL218,CB1,CHEMBL1084038,CC(C)(O)C(=O)c1oc2nc(-c3ccc(Cl)cc3Cl)c(-c3ccc(Cl)cc3)cc2c1NC(=O)CO,8.366531544420413,train,c1ccc(-c2cc3ccoc3nc2-c2ccccc2)cc1,ChEMBL
chembl-pic50-20260527T153246Z,CHEMBL218,CB1,CHEMBL1084039,CC1(C)CC(=O)c2cc(-c3ccc(Cl)cc3)c(-c3ccc(Cl)cc3Cl)nc2O1,7.327902142064283,train,O=C1CCOc2nc(-c3ccccc3)c(-c3ccccc3)cc21,ChEMBL
chembl-pic50-20260527T153246Z,CHEMBL218,CB1,CHEMBL1084471,CC1CC(=O)c2cc(-c3ccc(Cl)cc3)c(-c3ccccc3Cl)nc2O1,7.6777807052660805,train,O=C1CCOc2nc(-c3ccccc3)c(-c3ccccc3)cc21,ChEMBL
chembl-pic50-20260527T153246Z,CHEMBL218,CB1,CHEMBL1084556,O=C1CC2(CCCC2)Oc2nc(-c3ccccc3Cl)c(-c3ccc(Cl)cc3)cc21,7.638272163982407,train,O=C1CC2(CCCC2)Oc2nc(-c3ccccc3)c(-c3ccccc3)cc21,ChEMBL
chembl-pic50-20260527T153246Z,CHEMBL218,CB1,CHEMBL1084557,O=C1CC2(CCCCC2)Oc2nc(-c3ccccc3Cl)c(-c3ccc(Cl)cc3)cc21,8.086186147616283,train,O=C1CC2(CCCCC2)Oc2nc(-c3ccccc3)c(-c3ccccc3)cc21,ChEMBL
chembl-pic50-20260527T153246Z,CHEMBL218,CB1,CHEMBL1084558,O=C1CC2(CCSCC2)Oc2nc(-c3ccccc3Cl)c(-c3ccc(Cl)cc3)cc21,8.309803919971486,train,O=C1CC2(CCSCC2)Oc2nc(-c3ccccc3)c(-c3ccccc3)cc21,ChEMBL
chembl-pic50-20260527T153246Z,CHEMBL218,CB1,CHEMBL1084602,CC1(C)CC(=O)c2cc(-c3ccc(Cl)cc3)c(-c3ccccc3Cl)nc2O1,6.920818753952375,train,O=C1CCOc2nc(-c3ccccc3)c(-c3ccccc3)cc21,ChEMBL
chembl-pic50-20260527T153246Z,CHEMBL218,CB1,CHEMBL1084610,C/C=C/C=C/C=C\CC/C=C/C(=O)NCC(C)(C)O,5.130768280269024,train,C/C=C/C=C/C=C\CC/C=C/C(=O)NCC(C)(C)O,ChEMBL
chembl-pic50-20260527T153246Z,CHEMBL218,CB1,CHEMBL1084820,C[C@H](O)C(=O)NC1CC2(CCCCC2)Oc2nc(-c3ccccc3Cl)c(-c3ccc(Cl)cc3)cc21,9.397940008672037,train,c1ccc(-c2cc3c(nc2-c2ccccc2)OC2(CCCCC2)CC3)cc1,ChEMBL
chembl-pic50-20260527T153246Z,CHEMBL218,CB1,CHEMBL1084848,CCC1(CC)CC(=O)c2cc(-c3ccc(Cl)cc3)c(-c3ccccc3Cl)nc2O1,7.823908740944319,train,O=C1CCOc2nc(-c3ccccc3)c(-c3ccccc3)cc21,ChEMBL
chembl-pic50-20260527T153246Z,CHEMBL218,CB1,CHEMBL1085566,CC(C)(O)C(=O)NC1CC2(CCCCC2)Oc2nc(-c3ccccc3Cl)c(-c3ccc(Cl)cc3)cc21,9.154901959985743,train,c1ccc(-c2cc3c(nc2-c2ccccc2)OC2(CCCCC2)CC3)cc1,ChEMBL
chembl-pic50-20260527T153246Z,CHEMBL218,CB1,CHEMBL1086012,CC(C)C1CC(=O)c2cc(-c3ccc(Cl)cc3)c(-c3ccccc3Cl)nc2O1,8.494850021680094,train,O=C1CCOc2nc(-c3ccccc3)c(-c3ccccc3)cc21,ChEMBL
chembl-pic50-20260527T153246Z,CHEMBL218,CB1,CHEMBL1086013,CC(C)(C)C1CC(=O)c2cc(-c3ccc(Cl)cc3)c(-c3ccccc3Cl)nc2O1,8.721246399047171,train,O=C1CCOc2nc(-c3ccccc3)c(-c3ccccc3)cc21,ChEMBL
chembl-pic50-20260527T153246Z,CHEMBL218,CB1,CHEMBL1086271,O=C1CC2(CCS(=O)(=O)CC2)Oc2nc(-c3ccccc3Cl)c(-c3ccc(Cl)cc3)cc21,7.823908740944319,train,O=C1CC2(CCS(=O)(=O)CC2)Oc2nc(-c3ccccc3)c(-c3ccccc3)cc21,ChEMBL
chembl-pic50-20260527T153246Z,CHEMBL218,CB1,CHEMBL1086492,CN1CCC2(CC1)CC(=O)c1cc(-c3ccc(Cl)cc3)c(-c3ccccc3Cl)nc1O2,6.102372908709558,train,O=C1CC2(CCNCC2)Oc2nc(-c3ccccc3)c(-c3ccccc3)cc21,ChEMBL
chembl-pic50-20260527T153246Z,CHEMBL218,CB1,CHEMBL1086493,CC(=O)NC1CC2(CCCCC2)Oc2nc(-c3ccccc3Cl)c(-c3ccc(Cl)cc3)cc21,8.886056647693163,train,c1ccc(-c2cc3c(nc2-c2ccccc2)OC2(CCCCC2)CC3)cc1,ChEMBL
chembl-pic50-20260527T153246Z,CHEMBL218,CB1,CHEMBL1086494,O=C(CO)NC1CC2(CCCCC2)Oc2nc(-c3ccccc3Cl)c(-c3ccc(Cl)cc3)cc21,9.522878745280337,train,c1ccc(-c2cc3c(nc2-c2ccccc2)OC2(CCCCC2)CC3)cc1,ChEMBL
chembl-pic50-20260527T153246Z,CHEMBL218,CB1,CHEMBL1087521,O=C(C1CCCC1)N1CCN(C(c2ccccc2)c2ccc(Cl)cc2Cl)CC1,6.394694953858891,train,O=C(C1CCCC1)N1CCN(C(c2ccccc2)c2ccccc2)CC1,ChEMBL
chembl-pic50-20260527T153246Z,CHEMBL218,CB1,CHEMBL1087644,O=C(C1CCCCC1)N1CCN(C(c2ccccc2)c2ccc(Cl)cc2Cl)CC1,8.031517051446064,train,O=C(C1CCCCC1)N1CCN(C(c2ccccc2)c2ccccc2)CC1,ChEMBL
chembl-pic50-20260527T153246Z,CHEMBL218,CB1,CHEMBL1089032,CC(C)(C)C(=O)c1oc2nc(-c3ccccc3Cl)c(-c3ccc(Cl)cc3)cc2c1NC(=O)CO,8.920818753952375,train,c1ccc(-c2cc3ccoc3nc2-c2ccccc2)cc1,ChEMBL
chembl-pic50-20260527T153246Z,CHEMBL218,CB1,CHEMBL1089337,CCC(=O)c1oc2nc(-c3ccccc3Cl)c(-c3ccc(Cl)cc3)cc2c1N,7.886056647693163,train,c1ccc(-c2cc3ccoc3nc2-c2ccccc2)cc1,ChEMBL
chembl-pic50-20260527T153246Z,CHEMBL218,CB1,CHEMBL1089338,CC(C)C(=O)c1oc2nc(-c3ccc(Cl)cc3Cl)c(-c3ccc(Cl)cc3)cc2c1N,8.721246399047171,train,c1ccc(-c2cc3ccoc3nc2-c2ccccc2)cc1,ChEMBL
chembl-pic50-20260527T153246Z,CHEMBL218,CB1,CHEMBL1089351,CC(C)(C)C(=O)c1oc2nc(-c3ccc(Cl)cc3Cl)c(-c3ccc(Cl)cc3)cc2c1N,8.259637310505756,train,c1ccc(-c2cc3ccoc3nc2-c2ccccc2)cc1,ChEMBL
chembl-pic50-20260527T153246Z,CHEMBL218,CB1,CHEMBL1089352,CC(C)(C)C(=O)c1oc2nc(-c3ccccc3Cl)c(-c3ccc(Cl)cc3)cc2c1N,8.366531544420413,train,c1ccc(-c2cc3ccoc3nc2-c2ccccc2)cc1,ChEMBL
chembl-pic50-20260527T153246Z,CHEMBL218,CB1,CHEMBL1089353,CC(C)(O)C(=O)c1oc2nc(-c3ccccc3Cl)c(-c3ccc(Cl)cc3)cc2c1N,7.698970004336019,train,c1ccc(-c2cc3ccoc3nc2-c2ccccc2)cc1,ChEMBL
chembl-pic50-20260527T153246Z,CHEMBL218,CB1,CHEMBL1089717,O=C(N1CCOCC1)N1CCN(C(c2ccccc2)c2ccc(Cl)cc2Cl)CC1,5.0,train,O=C(N1CCOCC1)N1CCN(C(c2ccccc2)c2ccccc2)CC1,ChEMBL
chembl-pic50-20260527T153246Z,CHEMBL218,CB1,CHEMBL1089718,CCCCNC(=O)N1CCN(C(c2ccccc2)c2ccc(Cl)cc2Cl)CC1,6.761953896871205,train,c1ccc(C(c2ccccc2)N2CCNCC2)cc1,ChEMBL
chembl-pic50-20260527T153246Z,CHEMBL218,CB1,CHEMBL1090402,CC(=O)Nc1c(C(=O)C(C)(C)C)oc2nc(-c3ccccc3Cl)c(-c3ccc(Cl)cc3)cc12,9.236572006437063,train,c1ccc(-c2cc3ccoc3nc2-c2ccccc2)cc1,ChEMBL
chembl-pic50-20260527T153246Z,CHEMBL218,CB1,CHEMBL1090403,CN(C)C(=O)Nc1c(C(=O)C(C)(C)C)oc2nc(-c3ccccc3Cl)c(-c3ccc(Cl)cc3)cc12,9.4089353929735,train,c1ccc(-c2cc3ccoc3nc2-c2ccccc2)cc1,ChEMBL
chembl-pic50-20260527T153246Z,CHEMBL218,CB1,CHEMBL1090404,CNCC(=O)Nc1c(C(=O)C(C)(C)C)oc2nc(-c3ccccc3Cl)c(-c3ccc(Cl)cc3)cc12,8.920818753952375,train,c1ccc(-c2cc3ccoc3nc2-c2ccccc2)cc1,ChEMBL
chembl-pic50-20260527T153246Z,CHEMBL218,CB1,CHEMBL1091466,CC(=O)c1oc2nc(-c3ccc(Cl)cc3Cl)c(-c3ccc(Cl)cc3)cc2c1N,7.251811972993799,train,c1ccc(-c2cc3ccoc3nc2-c2ccccc2)cc1,ChEMBL
chembl-pic50-20260527T153246Z,CHEMBL218,CB1,CHEMBL1091692,CC(C)C(=O)c1oc2nc(-c3ccccc3Cl)c(-c3ccc(Cl)cc3)cc2c1N,8.769551078621726,train,c1ccc(-c2cc3ccoc3nc2-c2ccccc2)cc1,ChEMBL
chembl-pic50-20260527T153246Z,CHEMBL218,CB1,CHEMBL1091812,Cc1ccc(C(c2ccc(Cl)cc2Cl)N2CCN(C(=O)NN3CCCCC3)CC2)cc1,7.823908740944319,train,O=C(NN1CCCCC1)N1CCN(C(c2ccccc2)c2ccccc2)CC1,ChEMBL
chembl-pic50-20260527T153246Z,CHEMBL218,CB1,CHEMBL1091814,O=C(NC1CCCCC1)N1CCN(C(c2ccc(Oc3ccccc3)cc2)c2ccc(Cl)cc2Cl)CC1,7.468521082957745,train,O=C(NC1CCCCC1)N1CCN(C(c2ccccc2)c2ccc(Oc3ccccc3)cc2)CC1,ChEMBL
chembl-pic50-20260527T153246Z,CHEMBL218,CB1,CHEMBL1091832,CC(C)C(=O)c1oc2nc(-c3ccccc3Cl)c(-c3ccc(Cl)cc3)cc2c1NC(=O)CO,9.397940008672037,train,c1ccc(-c2cc3ccoc3nc2-c2ccccc2)cc1,ChEMBL
chembl-pic50-20260527T153246Z,CHEMBL218,CB1,CHEMBL1092168,CC(=O)Nc1c(C(=O)C(C)(C)O)oc2nc(-c3ccccc3Cl)c(-c3ccc(Cl)cc3)cc12,8.267606240177031,train,c1ccc(-c2cc3ccoc3nc2-c2ccccc2)cc1,ChEMBL
chembl-pic50-20260527T153246Z,CHEMBL218,CB1,CHEMBL1092169,CC(C)(O)C(=O)c1oc2nc(-c3ccccc3Cl)c(-c3ccc(Cl)cc3)cc2c1NC(=O)CO,8.366531544420413,train,c1ccc(-c2cc3ccoc3nc2-c2ccccc2)cc1,ChEMBL
chembl-pic50-20260527T153246Z,CHEMBL218,CB1,CHEMBL1093078,O=C(NN1CCCCC1)N1CCN(C(c2ccccc2)c2ccc(Cl)cc2Cl)CC1,8.327902142064282,train,O=C(NN1CCCCC1)N1CCN(C(c2ccccc2)c2ccccc2)CC1,ChEMBL
chembl-pic50-20260527T153246Z,CHEMBL218,CB1,CHEMBL1093997,CCC(=O)c1oc2nc(-c3ccc(Cl)cc3Cl)c(-c3ccc(Cl)cc3)cc2c1N,7.769551078621726,train,c1ccc(-c2cc3ccoc3nc2-c2ccccc2)cc1,ChEMBL
chembl-pic50-20260527T153246Z,CHEMBL218,CB1,CHEMBL1094839,CC1(C)C[C@@H](NC(=O)c2ccccc2O)c2cc(-c3ccc(Cl)cc3)c(-c3ccc(Cl)cc3Cl)nc2O1,8.397940008672037,train,O=C(N[C@@H]1CCOc2nc(-c3ccccc3)c(-c3ccccc3)cc21)c1ccccc1,ChEMBL
chembl-pic50-20260527T153246Z,CHEMBL218,CB1,CHEMBL1094840,CC1(C)C[C@@H](NC(=O)c2ccccc2N)c2cc(-c3ccc(Cl)cc3)c(-c3ccc(Cl)cc3Cl)nc2O1,8.886056647693163,train,O=C(N[C@@H]1CCOc2nc(-c3ccccc3)c(-c3ccccc3)cc21)c1ccccc1,ChEMBL
chembl-pic50-20260527T153246Z,CHEMBL218,CB1,CHEMBL1095150,Cc1n[nH]cc1C(=O)N[C@@H]1CC(C)(C)Oc2nc(-c3ccc(Cl)cc3Cl)c(-c3ccc(Cl)cc3)cc21,9.522878745280337,train,O=C(N[C@@H]1CCOc2nc(-c3ccccc3)c(-c3ccccc3)cc21)c1cn[nH]c1,ChEMBL
chembl-pic50-20260527T153246Z,CHEMBL218,CB1,CHEMBL1095151,Cc1n[nH]c(C)c1C(=O)N[C@@H]1CC(C)(C)Oc2nc(-c3ccc(Cl)cc3Cl)c(-c3ccc(Cl)cc3)cc21,9.698970004336019,train,O=C(N[C@@H]1CCOc2nc(-c3ccccc3)c(-c3ccccc3)cc21)c1cn[nH]c1,ChEMBL
chembl-pic50-20260527T153246Z,CHEMBL218,CB1,CHEMBL1095158,Cc1c[nH]nc1C(=O)N[C@@H]1CC(C)(C)Oc2nc(-c3ccc(Cl)cc3Cl)c(-c3ccc(Cl)cc3)cc21,9.698970004336019,train,O=C(N[C@@H]1CCOc2nc(-c3ccccc3)c(-c3ccccc3)cc21)c1cc[nH]n1,ChEMBL
chembl-pic50-20260527T153246Z,CHEMBL218,CB1,CHEMBL1095476,Cc1[nH]nc(C(=O)N[C@@H]2CC(C)(C)Oc3nc(-c4ccc(Cl)cc4Cl)c(-c4ccc(Cl)cc4)cc32)c1C,9.301029995663981,train,O=C(N[C@@H]1CCOc2nc(-c3ccccc3)c(-c3ccccc3)cc21)c1cc[nH]n1,ChEMBL
chembl-pic50-20260527T153246Z,CHEMBL218,CB1,CHEMBL1095499,CC1(C)CC(NC(=O)C2(O)CC2)c2cc(-c3ccc(Cl)cc3)c(-c3ccc(Cl)cc3Cl)nc2O1,8.187086643357144,train,O=C(NC1CCOc2nc(-c3ccccc3)c(-c3ccccc3)cc21)C1CC1,ChEMBL
chembl-pic50-20260527T153246Z,CHEMBL218,CB1,CHEMBL1095554,CC1(C)C[C@@H](NC(=O)c2ccc3[nH]ncc3c2)c2cc(-c3ccc(Cl)cc3)c(-c3ccc(Cl)cc3Cl)nc2O1,9.221848749616356,train,O=C(N[C@@H]1CCOc2nc(-c3ccccc3)c(-c3ccccc3)cc21)c1ccc2[nH]ncc2c1,ChEMBL
chembl-pic50-20260527T153246Z,CHEMBL218,CB1,CHEMBL1095690,O=C(N1CCN(C(c2ccccc2)c2ccc(Cl)cc2Cl)CC1)C12CC3CC(CC(C3)C1)C2,6.540607512240769,train,O=C(N1CCN(C(c2ccccc2)c2ccccc2)CC1)C12CC3CC(CC(C3)C1)C2,ChEMBL
chembl-pic50-20260527T153246Z,CHEMBL218,CB1,CHEMBL1095789,CCc1cc(C(=O)N[C@@H]2CC(C)(C)Oc3nc(-c4ccc(Cl)cc4Cl)c(-c4ccc(Cl)cc4)cc32)n[nH]1,8.67778070526608,train,O=C(N[C@@H]1CCOc2nc(-c3ccccc3)c(-c3ccccc3)cc21)c1cc[nH]n1,ChEMBL
chembl-pic50-20260527T153246Z,CHEMBL218,CB1,CHEMBL1095806,Cc1cc(C(=O)N[C@H]2CC(C)(C)Oc3nc(-c4ccc(Cl)cc4Cl)c(-c4ccc(Cl)cc4)cc32)n[nH]1,8.116338564846382,train,O=C(N[C@H]1CCOc2nc(-c3ccccc3)c(-c3ccccc3)cc21)c1cc[nH]n1,ChEMBL
chembl-pic50-20260527T153246Z,CHEMBL218,CB1,CHEMBL1096182,Cc1cc(C(=O)N[C@@H]2CC(C)(C)Oc3nc(-c4ccc(Cl)cc4Cl)c(-c4ccc(Cl)cc4)cc32)n[nH]1,9.0,train,O=C(N[C@@H]1CCOc2nc(-c3ccccc3)c(-c3ccccc3)cc21)c1cc[nH]n1,ChEMBL
chembl-pic50-20260527T153246Z,CHEMBL218,CB1,CHEMBL1097840,CC1(C)C[C@@H](NC(=O)c2n[nH]c3c2CCC3)c2cc(-c3ccc(Cl)cc3)c(-c3ccc(Cl)cc3Cl)nc2O1,8.853871964321762,train,O=C(N[C@@H]1CCOc2nc(-c3ccccc3)c(-c3ccccc3)cc21)c1n[nH]c2c1CCC2,ChEMBL
chembl-pic50-20260527T153246Z,CHEMBL218,CB1,CHEMBL1097841,CC1(C)C[C@@H](NC(=O)c2cn[nH]c2)c2cc(-c3ccc(Cl)cc3)c(-c3ccc(Cl)cc3Cl)nc2O1,9.698970004336019,train,O=C(N[C@@H]1CCOc2nc(-c3ccccc3)c(-c3ccccc3)cc21)c1cn[nH]c1,ChEMBL
chembl-pic50-20260527T153246Z,CHEMBL218,CB1,CHEMBL1098876,Cc1nc(C(=O)N[C@@H]2CC(C)(C)Oc3nc(-c4ccc(Cl)cc4Cl)c(-c4ccc(Cl)cc4)cc32)n[nH]1,8.698970004336019,train,O=C(N[C@@H]1CCOc2nc(-c3ccccc3)c(-c3ccccc3)cc21)c1nc[nH]n1,ChEMBL
chembl-pic50-20260527T153246Z,CHEMBL218,CB1,CHEMBL116463,N#Cc1ccc(CCOC(=O)NC2CCN(CCCC(c3ccc(F)cc3)c3ccc(F)cc3)CC2)cc1,5.215382707367125,train,O=C(NC1CCN(CCCC(c2ccccc2)c2ccccc2)CC1)OCCc1ccccc1,ChEMBL
chembl-pic50-20260527T153246Z,CHEMBL218,CB1,CHEMBL1209598,CC(C)(Oc1ccc(C(F)(F)F)cn1)C(=O)NCC(C)(Cc1ccc(Cl)cc1)c1cccc(Br)c1,6.468521082957745,train,O=C(COc1ccccn1)NCC(Cc1ccccc1)c1ccccc1,ChEMBL
chembl-pic50-20260527T153246Z,CHEMBL218,CB1,CHEMBL1209668,CC(NC(=O)C(C)(C)Oc1ccc(C(F)(F)F)cn1)C(C)(Cc1ccc(Cl)cc1)c1cccc(Br)c1,7.6020599913279625,train,O=C(COc1ccccn1)NCC(Cc1ccccc1)c1ccccc1,ChEMBL
chembl-pic50-20260527T153246Z,CHEMBL218,CB1,CHEMBL1209669,CC(C)(Oc1ccc(C(F)(F)F)cn1)C(=O)N1CC(Cc2ccc(Cl)cc2)(c2ccccc2)C1,5.886056647693163,train,O=C(COc1ccccn1)N1CC(Cc2ccccc2)(c2ccccc2)C1,ChEMBL
chembl-pic50-20260527T153246Z,CHEMBL218,CB1,CHEMBL1209670,CC(C)(Oc1ccc(C(F)(F)F)cn1)C(=O)N1CCC(Cc2ccc(Cl)cc2)(c2ccccc2)C1,6.0915149811213505,train,O=C(COc1ccccn1)N1CCC(Cc2ccccc2)(c2ccccc2)C1,ChEMBL
chembl-pic50-20260527T153246Z,CHEMBL218,CB1,CHEMBL1209749,CC(C)(Oc1ccc(C(F)(F)F)cn1)C(=O)N1CCCC(Cc2ccc(Cl)cc2)(c2ccccc2)C1,5.698970004336019,train,O=C(COc1ccccn1)N1CCCC(Cc2ccccc2)(c2ccccc2)C1,ChEMBL
chembl-pic50-20260527T153246Z,CHEMBL218,CB1,CHEMBL1210782,CS(=O)(=O)NCCCn1c(C(=O)N2CCC(C(N)=O)(N3CCC(F)(F)CC3)CC2)cc(-c2ccc(Cl)cc2Cl)c1-c1ccc(Cl)cc1,8.853871964321762,train,O=C(c1cc(-c2ccccc2)c(-c2ccccc2)[nH]1)N1CCC(N2CCCCC2)CC1,ChEMBL
chembl-pic50-20260527T153246Z,CHEMBL218,CB1,CHEMBL1223233,O=C1N=C(Nc2cccc(C(F)(F)F)c2)S/C1=C\c1cccnc1,6.903089986991944,train,O=C1N=C(Nc2ccccc2)S/C1=C\c1cccnc1,ChEMBL
chembl-pic50-20260527T153246Z,CHEMBL218,CB1,CHEMBL1224370,COc1ccccc1-c1cccc(Cn2cnc3ccc(C(=O)NCc4cccc(F)c4)cc32)c1,6.982966660701219,train,O=C(NCc1ccccc1)c1ccc2ncn(Cc3cccc(-c4ccccc4)c3)c2c1,ChEMBL
chembl-pic50-20260527T153246Z,CHEMBL218,CB1,CHEMBL1224371,CC(C)(C)C(=O)Nc1ccc2ncn(Cc3cccc(-c4cccc5c4OCO5)c3)c2c1,7.1938200260161125,train,c1cc(Cn2cnc3ccccc32)cc(-c2cccc3c2OCO3)c1,ChEMBL
chembl-pic50-20260527T153246Z,CHEMBL218,CB1,CHEMBL1224372,COc1cc(F)ccc1-c1cccc(Cn2cnc3ccc(NC(=O)C(C)(C)C)cc32)c1,6.570247719997592,train,c1ccc(-c2cccc(Cn3cnc4ccccc43)c2)cc1,ChEMBL
chembl-pic50-20260527T153246Z,CHEMBL218,CB1,CHEMBL1224457,COc1cc(F)ccc1-c1cccc(Cn2cnc3ccc(NC(=O)C(C)(C)C)cc32)n1,7.136677139879544,train,c1ccc(-c2cccc(Cn3cnc4ccccc43)n2)cc1,ChEMBL
chembl-pic50-20260527T153246Z,CHEMBL218,CB1,CHEMBL1224458,CC(C)(C)C(=O)Nc1ccc2ccn(Cc3cccc(-c4cccc5c4OCO5)c3)c2c1,7.292429823902063,train,c1cc(Cn2ccc3ccccc32)cc(-c2cccc3c2OCO3)c1,ChEMBL
chembl-pic50-20260527T153246Z,CHEMBL218,CB1,CHEMBL1224459,COc1cc(F)ccc1-c1cccc(Cn2ccc3ccc(NC(=O)C(C)(C)C)cc32)c1,7.236572006437063,train,c1ccc(-c2cccc(Cn3ccc4ccccc43)c2)cc1,ChEMBL
chembl-pic50-20260527T153246Z,CHEMBL218,CB1,CHEMBL1224460,Cn1cc(Cc2cccc(-c3cccc4c3OCO4)c2)c2cc(NC(=O)C(C)(C)C)ccc21,7.431798275933005,train,c1cc(Cc2c[nH]c3ccccc23)cc(-c2cccc3c2OCO3)c1,ChEMBL
chembl-pic50-20260527T153246Z,CHEMBL218,CB1,CHEMBL1224533,COc1cc(F)ccc1-c1cccc(Cc2cn(C)c3ccc(NC(=O)C(C)(C)C)cc23)c1,7.346787486224656,train,c1ccc(-c2cccc(Cc3c[nH]c4ccccc34)c2)cc1,ChEMBL
chembl-pic50-20260527T153246Z,CHEMBL218,CB1,CHEMBL1224534,CC(C)(CO)C(=O)Nc1ccc2ccn(Cc3cccc(-c4cccc5c4OCO5)n3)c2c1,8.154901959985743,train,c1cc(Cn2ccc3ccccc32)nc(-c2cccc3c2OCO3)c1,ChEMBL
chembl-pic50-20260527T153246Z,CHEMBL218,CB1,CHEMBL1224535,COc1cc(F)ccc1-c1cccc(Cn2ccc3ccc(NC(=O)C(C)(C)CO)cc32)n1,7.346787486224656,train,c1ccc(-c2cccc(Cn3ccc4ccccc43)n2)cc1,ChEMBL
chembl-pic50-20260527T153246Z,CHEMBL218,CB1,CHEMBL1224536,CC(C)(O)CC(=O)Nc1ccc2ccn(Cc3cccc(-c4cccc5c4OCO5)n3)c2c1,8.522878745280337,train,c1cc(Cn2ccc3ccccc32)nc(-c2cccc3c2OCO3)c1,ChEMBL
chembl-pic50-20260527T153246Z,CHEMBL218,CB1,CHEMBL1224612,COc1cc(F)ccc1-c1cccc(Cn2ccc3ccc(NC(=O)CC(C)(C)O)cc32)n1,7.638272163982407,train,c1ccc(-c2cccc(Cn3ccc4ccccc43)n2)cc1,ChEMBL
chembl-pic50-20260527T153246Z,CHEMBL218,CB1,CHEMBL1224613,Cn1cc(Cc2cccc(-c3cccc4c3OCO4)n2)c2cc(NC(=O)C(C)(C)CO)ccc21,8.154901959985743,train,c1cc(Cc2c[nH]c3ccccc23)nc(-c2cccc3c2OCO3)c1,ChEMBL
chembl-pic50-20260527T153246Z,CHEMBL218,CB1,CHEMBL1224615,Cn1cc(Cc2cccc(-c3cccc4c3OCO4)n2)c2cc(NC(=O)CC(C)(C)O)ccc21,8.301029995663981,train,c1cc(Cc2c[nH]c3ccccc23)nc(-c2cccc3c2OCO3)c1,ChEMBL
chembl-pic50-20260527T153246Z,CHEMBL218,CB1,CHEMBL1288088,COc1ccc(/C=C/C(=O)CCC(=O)N2CCCCC2)cc1OC,5.0,train,O=C(/C=C/c1ccccc1)CCC(=O)N1CCCCC1,ChEMBL
chembl-pic50-20260527T153246Z,CHEMBL218,CB1,CHEMBL1288118,COc1ccc(/C=C/C(=O)CCC(=O)Nc2ccc(O)cc2)cc1,5.0,train,O=C(/C=C/c1ccccc1)CCC(=O)Nc1ccccc1,ChEMBL
chembl-pic50-20260527T153246Z,CHEMBL218,CB1,CHEMBL1288119,O=C(/C=C/c1ccc2ccccc2c1)CCC(=O)N1CCCCC1,5.0,train,O=C(/C=C/c1ccc2ccccc2c1)CCC(=O)N1CCCCC1,ChEMBL
chembl-pic50-20260527T153246Z,CHEMBL218,CB1,CHEMBL1288120,O=C(/C=C/c1ccc2ccccc2c1)CCC(=O)NCCO,5.0,train,c1ccc2ccccc2c1,ChEMBL
chembl-pic50-20260527T153246Z,CHEMBL218,CB1,CHEMBL1288148,O=C(/C=C/c1ccc2ccccc2c1)CCC(=O)Nc1ccc(O)cc1,5.0,train,O=C(/C=C/c1ccc2ccccc2c1)CCC(=O)Nc1ccccc1,ChEMBL
chembl-pic50-20260527T153246Z,CHEMBL218,CB1,CHEMBL1288149,O=C(/C=C/c1ccc2ccccc2c1)CCC(=O)NC1CC1,5.0,train,O=C(/C=C/c1ccc2ccccc2c1)CCC(=O)NC1CC1,ChEMBL
chembl-pic50-20260527T153246Z,CHEMBL218,CB1,CHEMBL1288150,CCOC(=O)CNC(=O)CCC(=O)/C=C/c1ccc2ccccc2c1,5.0,train,c1ccc2ccccc2c1,ChEMBL
chembl-pic50-20260527T153246Z,CHEMBL218,CB1,CHEMBL1288179,O=C(/C=C/c1ccc2ccccc2c1)CCC(=O)N(CCO)CCO,5.0,train,c1ccc2ccccc2c1,ChEMBL
chembl-pic50-20260527T153246Z,CHEMBL218,CB1,CHEMBL1288180,C[C@H](CO)NC(=O)CCC(=O)/C=C/c1ccc2ccccc2c1,5.0,train,c1ccc2ccccc2c1,ChEMBL
chembl-pic50-20260527T153246Z,CHEMBL218,CB1,CHEMBL1288208,O=C(/C=C/c1ccc2ccccc2c1)CCCC(=O)NCCO,5.0,train,c1ccc2ccccc2c1,ChEMBL
chembl-pic50-20260527T153246Z,CHEMBL218,CB1,CHEMBL1288209,O=C(/C=C/c1ccc2ccccc2c1)CCCC(=O)NC1CC1,5.0,train,O=C(/C=C/c1ccc2ccccc2c1)CCCC(=O)NC1CC1,ChEMBL
chembl-pic50-20260527T153246Z,CHEMBL218,CB1,CHEMBL1288210,CCOC(=O)CNC(=O)CCCC(=O)/C=C/c1ccc2ccccc2c1,5.0,train,c1ccc2ccccc2c1,ChEMBL
chembl-pic50-20260527T153246Z,CHEMBL218,CB1,CHEMBL1288237,C[C@@H](CO)NC(=O)CCCC(=O)/C=C/c1ccc2ccccc2c1,5.0,train,c1ccc2ccccc2c1,ChEMBL
chembl-pic50-20260527T153246Z,CHEMBL218,CB1,CHEMBL1288265,O=C(CCC(=O)N1CCOCC1)c1ccc(-c2ccccc2)cc1,5.0,train,O=C(CCC(=O)N1CCOCC1)c1ccc(-c2ccccc2)cc1,ChEMBL
chembl-pic50-20260527T153246Z,CHEMBL218,CB1,CHEMBL1288693,O=C(O)CCC(=O)/C=C/c1ccc2ccccc2c1,5.0,train,c1ccc2ccccc2c1,ChEMBL
chembl-pic50-20260527T153246Z,CHEMBL218,CB1,CHEMBL1288694,O=C(O)CCCC(=O)/C=C/c1ccc2ccccc2c1,5.0,train,c1ccc2ccccc2c1,ChEMBL
chembl-pic50-20260527T153246Z,CHEMBL218,CB1,CHEMBL1289260,COc1ccc(CCNC(=O)Nc2ccc(Cl)cc2)cc1,6.669992299127241,train,O=C(NCCc1ccccc1)Nc1ccccc1,ChEMBL
chembl-pic50-20260527T153246Z,CHEMBL218,CB1,CHEMBL1305795,COc1ccc(-c2cc(C(=O)Nc3ccc(S(=O)(=O)Nc4ncccn4)cc3)c3ccccc3n2)cc1,4.610833915635467,train,O=C(Nc1ccc(S(=O)(=O)Nc2ncccn2)cc1)c1cc(-c2ccccc2)nc2ccccc12,ChEMBL
chembl-pic50-20260527T153246Z,CHEMBL218,CB1,CHEMBL13178,COc1ccc(C(=O)c2c(C)n(CCN3CCOCC3)c3ccccc23)cc1,6.343901797987168,train,O=C(c1ccccc1)c1cn(CCN2CCOCC2)c2ccccc12,ChEMBL
chembl-pic50-20260527T153246Z,CHEMBL218,CB1,CHEMBL1332976,COc1cc2c(cc1NC(=O)C(C)Sc1ccc(NC(C)=O)cc1)oc1ccccc12,4.494850021680094,train,O=C(CSc1ccccc1)Nc1ccc2c(c1)oc1ccccc12,ChEMBL
chembl-pic50-20260527T153246Z,CHEMBL218,CB1,CHEMBL1336209,CCN(CC)S(=O)(=O)c1ccc(NC(=O)c2cc(-c3cccs3)nc3ccccc23)cc1,6.369572124974976,train,O=C(Nc1ccccc1)c1cc(-c2cccs2)nc2ccccc12,ChEMBL
chembl-pic50-20260527T153246Z,CHEMBL218,CB1,CHEMBL1354041,COc1ccc(NC(=O)c2cnn3c(O)cc(C4CCN(C(=O)OC(C)(C)C)CC4)nc23)cc1Cl,4.494850021680094,train,O=C(Nc1ccccc1)c1cnn2ccc(C3CCNCC3)nc12,ChEMBL
chembl-pic50-20260527T153246Z,CHEMBL218,CB1,CHEMBL1360165,O=C(NCCc1ccccc1)Nc1ccc(Cl)cc1,6.699991797446187,train,O=C(NCCc1ccccc1)Nc1ccccc1,ChEMBL
chembl-pic50-20260527T153246Z,CHEMBL218,CB1,CHEMBL1366039,Cc1ccc(C2(C(=O)N3CCC(n4nc(-c5ccccc5)oc4=O)CC3)CC2)cc1,4.752026733638194,train,O=C(N1CCC(n2nc(-c3ccccc3)oc2=O)CC1)C1(c2ccccc2)CC1,ChEMBL
chembl-pic50-20260527T153246Z,CHEMBL218,CB1,CHEMBL1367646,COc1ccc(S(=O)(=O)N2CCOCC2)cc1NC(=O)c1ccc(-n2nc(C)cc2C)cc1,4.692503962086787,train,O=C(Nc1cccc(S(=O)(=O)N2CCOCC2)c1)c1ccc(-n2cccn2)cc1,ChEMBL
chembl-pic50-20260527T153246Z,CHEMBL218,CB1,CHEMBL1368569,CCN(CC)S(=O)(=O)c1ccc(NC(=O)c2cc(-c3ccccc3)nc3ccccc23)cc1,6.453457336521869,train,O=C(Nc1ccccc1)c1cc(-c2ccccc2)nc2ccccc12,ChEMBL
chembl-pic50-20260527T153246Z,CHEMBL218,CB1,CHEMBL1369676,CCCN(CCC)Cc1c(C(=O)NN=C/C(C)=C\c2ccccc2)nnn1-c1nonc1N,4.494850021680094,train,O=C(NN=C/C=C\c1ccccc1)c1cn(-c2cnon2)nn1,ChEMBL
chembl-pic50-20260527T153246Z,CHEMBL218,CB1,CHEMBL1385076,Cc1cccc(N2CCN(C(=O)c3cc(S(=O)(=O)N(C)C)ccc3N3CCCC3)CC2)c1C,4.663540266151471,train,O=C(c1ccccc1N1CCCC1)N1CCN(c2ccccc2)CC1,ChEMBL
chembl-pic50-20260527T153246Z,CHEMBL218,CB1,CHEMBL1386647,Cc1nc(N2CCN(C(=O)c3cccs3)CC2)c2c3c(sc2n1)CCCC3,5.404503778174425,train,O=C(c1cccs1)N1CCN(c2ncnc3sc4c(c23)CCCC4)CC1,ChEMBL
chembl-pic50-20260527T153246Z,CHEMBL218,CB1,CHEMBL1393182,O=C(NCCN1CCOCC1)Nc1ccc(Cl)cc1,6.0999990348465305,train,O=C(NCCN1CCOCC1)Nc1ccccc1,ChEMBL
chembl-pic50-20260527T153246Z,CHEMBL218,CB1,CHEMBL1397703,O=C(Nc1cccc(S(=O)(=O)N2CCOCC2)c1)c1ccc(N2CCCC2=O)cc1,4.494850021680094,train,O=C(Nc1cccc(S(=O)(=O)N2CCOCC2)c1)c1ccc(N2CCCC2=O)cc1,ChEMBL
chembl-pic50-20260527T153246Z,CHEMBL218,CB1,CHEMBL1398414,COc1ccc(S(=O)(=O)N2CCOCC2)cc1NC(=O)c1ccc2c(c1)OCO2,4.494850021680094,train,O=C(Nc1cccc(S(=O)(=O)N2CCOCC2)c1)c1ccc2c(c1)OCO2,ChEMBL
chembl-pic50-20260527T153246Z,CHEMBL218,CB1,CHEMBL1410009,CC(C)(C)NS(=O)(=O)c1ccc(NC(=O)C(Sc2ccccc2)c2ccccc2)cc1,5.567030709125595,train,O=C(Nc1ccccc1)C(Sc1ccccc1)c1ccccc1,ChEMBL
chembl-pic50-20260527T153246Z,CHEMBL218,CB1,CHEMBL1411212,Cc1cccn2c(=O)c3cc(C(=O)NC4CCCC4)c(=N)n(C4CCCC4)c3nc12,4.494850021680094,train,N=c1c(C(=O)NC2CCCC2)cc2c(=O)n3ccccc3nc2n1C1CCCC1,ChEMBL
chembl-pic50-20260527T153246Z,CHEMBL218,CB1,CHEMBL1411573,COc1ccc(-n2cc3c(-c4cccc(Br)c4)nnc(C)c3n2)cc1,6.024108863598207,train,c1ccc(-c2nncc3nn(-c4ccccc4)cc23)cc1,ChEMBL
chembl-pic50-20260527T153246Z,CHEMBL218,CB1,CHEMBL1416169,O=C(Nc1ccc(S(=O)(=O)Nc2nccs2)cc1)c1cc(-c2ccncc2)nc2ccccc12,5.651695136951839,train,O=C(Nc1ccc(S(=O)(=O)Nc2nccs2)cc1)c1cc(-c2ccncc2)nc2ccccc12,ChEMBL
chembl-pic50-20260527T153246Z,CHEMBL218,CB1,CHEMBL1416366,C=CCN(CC=C)S(=O)(=O)c1ccc(NC(=S)NC(=O)c2ccc(-c3ccccc3)cc2)cc1,4.494850021680094,train,O=C(NC(=S)Nc1ccccc1)c1ccc(-c2ccccc2)cc1,ChEMBL
chembl-pic50-20260527T153246Z,CHEMBL218,CB1,CHEMBL1420151,CCOC(=O)c1cc2c(=O)n3ccccc3nc2n(Cc2ccccc2)c1=N,4.494850021680094,train,N=c1ccc2c(=O)n3ccccc3nc2n1Cc1ccccc1,ChEMBL
chembl-pic50-20260527T153246Z,CHEMBL218,CB1,CHEMBL1420800,COc1ccc(NS(=O)(=O)c2ccc3[nH]c(COc4cccc5ccccc45)nc3c2)cc1,5.649751981665837,train,O=S(=O)(Nc1ccccc1)c1ccc2[nH]c(COc3cccc4ccccc34)nc2c1,ChEMBL
chembl-pic50-20260527T153246Z,CHEMBL218,CB1,CHEMBL1430124,Cc1cc(C)nc(NS(=O)(=O)c2ccc(NC(=O)c3cc(-c4ccccc4)nc4ccccc34)cc2)n1,5.308034897232639,train,O=C(Nc1ccc(S(=O)(=O)Nc2ncccn2)cc1)c1cc(-c2ccccc2)nc2ccccc12,ChEMBL
chembl-pic50-20260527T153246Z,CHEMBL218,CB1,CHEMBL1431310,COc1ccc(S(=O)(=O)Nc2ccc(F)cc2)cc1N(C)S(=O)(=O)c1ccc(Cl)cc1,5.178486471595227,train,O=S(=O)(Nc1cccc(S(=O)(=O)Nc2ccccc2)c1)c1ccccc1,ChEMBL
chembl-pic50-20260527T153246Z,CHEMBL218,CB1,CHEMBL1431953,Cc1nnc(-c2cccc(Br)c2)c2cn(-c3ccc(Br)cc3)nc12,4.856985199745905,train,c1ccc(-c2nncc3nn(-c4ccccc4)cc23)cc1,ChEMBL
chembl-pic50-20260527T153246Z,CHEMBL218,CB1,CHEMBL1441155,Cc1ccc2nc3c(cc(C(=O)NCc4ccco4)c(=N)n3C3CCCC3)c(=O)n2c1,4.494850021680094,train,N=c1c(C(=O)NCc2ccco2)cc2c(=O)n3ccccc3nc2n1C1CCCC1,ChEMBL
chembl-pic50-20260527T153246Z,CHEMBL218,CB1,CHEMBL1445966,Cc1ccc2c(c1)C(c1ccc(O)cc1)(c1ccc(O)cc1)C(=O)N2C,5.241088107602026,train,O=C1Nc2ccccc2C1(c1ccccc1)c1ccccc1,ChEMBL
chembl-pic50-20260527T153246Z,CHEMBL218,CB1,CHEMBL1446359,C/C(C=NNC(=O)c1nnn(-c2nonc2N)c1CN1CCC(C)CC1)=C/c1ccccc1,4.494850021680094,train,O=C(NN=CC=Cc1ccccc1)c1nnn(-c2cnon2)c1CN1CCCCC1,ChEMBL
chembl-pic50-20260527T153246Z,CHEMBL218,CB1,CHEMBL1448070,Cc1cccc(-c2cc(C(=O)Nc3sc(C)c(C)c3C(N)=O)c3ccccc3n2)c1,4.617982957425132,train,O=C(Nc1cccs1)c1cc(-c2ccccc2)nc2ccccc12,ChEMBL
chembl-pic50-20260527T153246Z,CHEMBL218,CB1,CHEMBL1449870,N=c1c(C(=O)NC2CCCC2)cc2c(=O)n3ccccc3nc2n1C1CCCC1,4.494850021680094,train,N=c1c(C(=O)NC2CCCC2)cc2c(=O)n3ccccc3nc2n1C1CCCC1,ChEMBL
chembl-pic50-20260527T153246Z,CHEMBL218,CB1,CHEMBL1452827,CC(C)NS(=O)(=O)c1ccc(NC(=S)NC(=O)c2ccc(-c3ccccc3)cc2)cc1,4.494850021680094,train,O=C(NC(=S)Nc1ccccc1)c1ccc(-c2ccccc2)cc1,ChEMBL
chembl-pic50-20260527T153246Z,CHEMBL218,CB1,CHEMBL1452959,CCN1C(=O)C(c2ccc(O)cc2)(c2ccc(O)cc2)c2ccccc21,4.657577319177793,train,O=C1Nc2ccccc2C1(c1ccccc1)c1ccccc1,ChEMBL
chembl-pic50-20260527T153246Z,CHEMBL218,CB1,CHEMBL1453321,COc1cc2c(cc1NC(=O)CSc1ccccc1)oc1ccccc12,4.494850021680094,train,O=C(CSc1ccccc1)Nc1ccc2c(c1)oc1ccccc12,ChEMBL
chembl-pic50-20260527T153246Z,CHEMBL218,CB1,CHEMBL1453578,COc1ccc(S(=O)(=O)N2CCOCC2)cc1NC(=O)c1ccc(Cl)cc1,4.494850021680094,train,O=C(Nc1cccc(S(=O)(=O)N2CCOCC2)c1)c1ccccc1,ChEMBL
chembl-pic50-20260527T153246Z,CHEMBL218,CB1,CHEMBL1464477,Cc1ccc(-n2cc3c(-c4cccc(Br)c4)nnc(C)c3n2)cc1,5.531652669587842,train,c1ccc(-c2nncc3nn(-c4ccccc4)cc23)cc1,ChEMBL
chembl-pic50-20260527T153246Z,CHEMBL218,CB1,CHEMBL1465869,Cc1ccc2nc(-c3ccccn3)cc(C(=O)Nc3ccc(S(=O)(=O)N4CCOCC4)cc3)c2c1,5.270025714300444,train,O=C(Nc1ccc(S(=O)(=O)N2CCOCC2)cc1)c1cc(-c2ccccn2)nc2ccccc12,ChEMBL
chembl-pic50-20260527T153246Z,CHEMBL218,CB1,CHEMBL1466203,COC(=O)C1=C(N)c2c(F)cccc2C1(C#N)c1ccc(F)cc1,4.512861624522814,train,C1=CC(c2ccccc2)c2ccccc21,ChEMBL
chembl-pic50-20260527T153246Z,CHEMBL218,CB1,CHEMBL1468612,CC(C)(C)OC(=O)N1CCC(c2cc(O)n3ncc(C(=O)Nc4ccc(F)c(Cl)c4)c3n2)CC1,4.978810700930062,train,O=C(Nc1ccccc1)c1cnn2ccc(C3CCNCC3)nc12,ChEMBL
chembl-pic50-20260527T153246Z,CHEMBL218,CB1,CHEMBL1469952,CCCN(CCC)Cc1c(C(=O)NN=Cc2c[nH]c3ccccc23)nnn1-c1nonc1N,4.494850021680094,train,O=C(NN=Cc1c[nH]c2ccccc12)c1cn(-c2cnon2)nn1,ChEMBL
chembl-pic50-20260527T153246Z,CHEMBL218,CB1,CHEMBL1471590,CCCN(CCC)Cc1c(C(=O)NN=C/C(C)=C\c2ccco2)nnn1-c1nonc1N,4.494850021680094,train,O=C(NN=C/C=C\c1ccco1)c1cn(-c2cnon2)nn1,ChEMBL
chembl-pic50-20260527T153246Z,CHEMBL218,CB1,CHEMBL1494709,COc1ccc(S(=O)(=O)N2CCOCC2)cc1NC(=O)c1cc2c(s1)CCCC2,4.494850021680094,train,O=C(Nc1cccc(S(=O)(=O)N2CCOCC2)c1)c1cc2c(s1)CCCC2,ChEMBL
chembl-pic50-20260527T153246Z,CHEMBL218,CB1,CHEMBL1498988,COc1ccc(S(=O)(=O)Nc2ccc(C)cc2)cc1N(C)S(=O)(=O)c1ccc(Cl)cc1,5.22548303427145,train,O=S(=O)(Nc1cccc(S(=O)(=O)Nc2ccccc2)c1)c1ccccc1,ChEMBL
chembl-pic50-20260527T153246Z,CHEMBL218,CB1,CHEMBL1507172,Cc1cc(C)c2nc(-c3ccccn3)cc(C(=O)Nc3ccc(S(=O)(=O)Nc4cc(C)on4)cc3)c2c1,4.494850021680094,train,O=C(Nc1ccc(S(=O)(=O)Nc2ccon2)cc1)c1cc(-c2ccccn2)nc2ccccc12,ChEMBL
chembl-pic50-20260527T153246Z,CHEMBL218,CB1,CHEMBL1532240,COc1ccccc1/C=C/C(=O)NC(=S)Nc1ccc(S(=O)(=O)N(C)c2ccccc2)cc1,4.494850021680094,train,O=C(/C=C/c1ccccc1)NC(=S)Nc1ccc(S(=O)(=O)Nc2ccccc2)cc1,ChEMBL
chembl-pic50-20260527T153246Z,CHEMBL218,CB1,CHEMBL1542168,O=C(N1CCC(n2nc(-c3ccccc3)oc2=O)CC1)C1(c2ccc(Cl)cc2)CC1,5.017728766960431,train,O=C(N1CCC(n2nc(-c3ccccc3)oc2=O)CC1)C1(c2ccccc2)CC1,ChEMBL
chembl-pic50-20260527T153246Z,CHEMBL218,CB1,CHEMBL1542448,Cc1nnc(-c2cccc(Br)c2)c2cn(-c3ccccc3)nc12,5.774690718274137,train,c1ccc(-c2nncc3nn(-c4ccccc4)cc23)cc1,ChEMBL
chembl-pic50-20260527T153246Z,CHEMBL218,CB1,CHEMBL1544821,O=C(CSc1nc2ccccc2s1)N1c2ccccc2Sc2ccc(C(F)(F)F)cc21,4.494850021680094,train,O=C(CSc1nc2ccccc2s1)N1c2ccccc2Sc2ccccc21,ChEMBL
chembl-pic50-20260527T153246Z,CHEMBL218,CB1,CHEMBL1545328,O=C(CSc1nc2ccccc2s1)N1c2ccccc2Sc2ccc(Cl)cc21,4.494850021680094,train,O=C(CSc1nc2ccccc2s1)N1c2ccccc2Sc2ccccc21,ChEMBL
chembl-pic50-20260527T153246Z,CHEMBL218,CB1,CHEMBL1549881,Cc1n[nH]c(-c2ccc(O)c(C)c2O)c1Oc1ccccc1,4.931814138253839,train,c1ccc(Oc2cn[nH]c2-c2ccccc2)cc1,ChEMBL
chembl-pic50-20260527T153246Z,CHEMBL218,CB1,CHEMBL1567371,Cc1cc(C)c2nc(-c3cccnc3)cc(C(=O)Nc3ccc(S(=O)(=O)Nc4onc(C)c4C)cc3)c2c1,4.494850021680094,train,O=C(Nc1ccc(S(=O)(=O)Nc2ccno2)cc1)c1cc(-c2cccnc2)nc2ccccc12,ChEMBL
chembl-pic50-20260527T153246Z,CHEMBL218,CB1,CHEMBL1569796,O=C(NCCN1CCCCC1)Nc1ccc(Cl)cc1,5.0,train,O=C(NCCN1CCCCC1)Nc1ccccc1,ChEMBL
chembl-pic50-20260527T153246Z,CHEMBL218,CB1,CHEMBL1569918,Cc1occc1C(=O)Nc1ccc(OCc2ccccc2)cc1,4.494850021680094,train,O=C(Nc1ccc(OCc2ccccc2)cc1)c1ccoc1,ChEMBL
chembl-pic50-20260527T153246Z,CHEMBL218,CB1,CHEMBL1572633,COC(=O)C1=C(N)c2ccccc2C1(C#N)c1ccccc1,4.494850021680094,train,C1=CC(c2ccccc2)c2ccccc21,ChEMBL
chembl-pic50-20260527T153246Z,CHEMBL218,CB1,CHEMBL1578189,Cc1cccn2c(=O)c3cc(C(=O)NCc4ccco4)c(=N)n(C4CCCC4)c3nc12,4.494850021680094,train,N=c1c(C(=O)NCc2ccco2)cc2c(=O)n3ccccc3nc2n1C1CCCC1,ChEMBL
chembl-pic50-20260527T153246Z,CHEMBL218,CB1,CHEMBL158138,CN/C(=N\S(=O)(=O)c1ccc(OC)cc1)N1CC(c2ccccc2)C(c2ccc(Cl)cc2)=N1,7.0,train,O=S(=O)(N=CN1CC(c2ccccc2)C(c2ccccc2)=N1)c1ccccc1,ChEMBL
chembl-pic50-20260527T153246Z,CHEMBL218,CB1,CHEMBL1582765,COC(=O)C1=C(N)c2c(F)cccc2C1(C#N)c1ccccc1,4.494850021680094,train,C1=CC(c2ccccc2)c2ccccc21,ChEMBL
chembl-pic50-20260527T153246Z,CHEMBL218,CB1,CHEMBL1585996,CN(C)S(=O)(=O)c1ccc(N2CCCC2)c(C(=O)N2CCN(c3ccc([N+](=O)[O-])cc3)CC2)c1,4.494850021680094,train,O=C(c1ccccc1N1CCCC1)N1CCN(c2ccccc2)CC1,ChEMBL
chembl-pic50-20260527T153246Z,CHEMBL218,CB1,CHEMBL1586567,N=c1c(C(=O)NCc2ccco2)cc2c(=O)n3ccccc3nc2n1C1CCCC1,4.501689446210399,train,N=c1c(C(=O)NCc2ccco2)cc2c(=O)n3ccccc3nc2n1C1CCCC1,ChEMBL
chembl-pic50-20260527T153246Z,CHEMBL218,CB1,CHEMBL1586706,Cc1ccc(-c2cc(C(=O)Nc3ccc(S(=O)(=O)Nc4cc(C)on4)cc3)c3ccccc3n2)c(C)c1,5.039053804266168,train,O=C(Nc1ccc(S(=O)(=O)Nc2ccon2)cc1)c1cc(-c2ccccc2)nc2ccccc12,ChEMBL
chembl-pic50-20260527T153246Z,CHEMBL218,CB1,CHEMBL158784,CN/C(=N\S(=O)(=O)c1ccc(Cl)cc1)N1CC(c2ccccc2)C(c2ccc(Cl)cc2)=N1,8.720105019988361,train,O=S(=O)(N=CN1CC(c2ccccc2)C(c2ccccc2)=N1)c1ccccc1,ChEMBL
chembl-pic50-20260527T153246Z,CHEMBL218,CB1,CHEMBL1592197,CCOc1ccccc1N1CCN(C(=O)c2cc(S(=O)(=O)N(C)C)ccc2N2CCCC2)CC1,4.494850021680094,train,O=C(c1ccccc1N1CCCC1)N1CCN(c2ccccc2)CC1,ChEMBL
chembl-pic50-20260527T153246Z,CHEMBL218,CB1,CHEMBL1602521,CCOc1ccc(S(=O)(=O)N2CCOCC2)cc1NC(=O)c1ccc(N2CCCC2=O)cc1,5.302770657240282,train,O=C(Nc1cccc(S(=O)(=O)N2CCOCC2)c1)c1ccc(N2CCCC2=O)cc1,ChEMBL
chembl-pic50-20260527T153246Z,CHEMBL218,CB1,CHEMBL1611658,CCC(C)NS(=O)(=O)c1ccc(NC(=O)C(Sc2ccccc2)c2ccccc2)cc1,6.010995384301463,train,O=C(Nc1ccccc1)C(Sc1ccccc1)c1ccccc1,ChEMBL
chembl-pic50-20260527T153246Z,CHEMBL218,CB1,CHEMBL1698745,Cc1ccc2nc3c(cc(C(=O)NC4CCCC4)c(=N)n3C3CCCC3)c(=O)n2c1,4.603800652904264,train,N=c1c(C(=O)NC2CCCC2)cc2c(=O)n3ccccc3nc2n1C1CCCC1,ChEMBL
chembl-pic50-20260527T153246Z,CHEMBL218,CB1,CHEMBL1698983,Cc1ccc(-n2cc3c(-c4ccccc4)nnc(C)c3n2)cc1,5.062331685600995,train,c1ccc(-c2nncc3nn(-c4ccccc4)cc23)cc1,ChEMBL
chembl-pic50-20260527T153246Z,CHEMBL218,CB1,CHEMBL1700716,CC(C)NC(=O)c1cc2c(=O)n3ccccc3nc2n(C2CCCC2)c1=N,4.494850021680094,train,N=c1ccc2c(=O)n3ccccc3nc2n1C1CCCC1,ChEMBL
chembl-pic50-20260527T153246Z,CHEMBL218,CB1,CHEMBL1701470,CC(C)Oc1ccc(S(=O)(=O)N2CCOCC2)cc1NC(=O)c1ccc(N2CCCC2=O)cc1,4.494850021680094,train,O=C(Nc1cccc(S(=O)(=O)N2CCOCC2)c1)c1ccc(N2CCCC2=O)cc1,ChEMBL
chembl-pic50-20260527T153246Z,CHEMBL218,CB1,CHEMBL1701630,CCC1CCc2sc(C(=O)Nc3cc(S(=O)(=O)N4CCOCC4)ccc3OC)cc2C1,4.494850021680094,train,O=C(Nc1cccc(S(=O)(=O)N2CCOCC2)c1)c1cc2c(s1)CCCC2,ChEMBL
chembl-pic50-20260527T153246Z,CHEMBL218,CB1,CHEMBL1702412,Cc1nc(N2CCN(C(=O)c3ccncc3)CC2)c2c3c(sc2n1)CC(C)CC3,4.876148359032914,train,O=C(c1ccncc1)N1CCN(c2ncnc3sc4c(c23)CCCC4)CC1,ChEMBL
chembl-pic50-20260527T153246Z,CHEMBL218,CB1,CHEMBL1702427,COc1ccc(-c2csc(NC(=O)CSc3nnc4c(C)cc5cc6c(cc5n34)OCO6)n2)cc1,4.494850021680094,train,O=C(CSc1nnc2ccc3cc4c(cc3n12)OCO4)Nc1nc(-c2ccccc2)cs1,ChEMBL
chembl-pic50-20260527T153246Z,CHEMBL218,CB1,CHEMBL1703285,Cc1nc(N2CCN(C(=O)NCc3ccccc3)CC2)c2c3c(sc2n1)CCCC3,5.176525770829699,train,O=C(NCc1ccccc1)N1CCN(c2ncnc3sc4c(c23)CCCC4)CC1,ChEMBL
chembl-pic50-20260527T153246Z,CHEMBL218,CB1,CHEMBL1703615,COCCCNC(=O)c1cc2c(=O)n3ccccc3nc2n(C2CCCC2)c1=N,4.494850021680094,train,N=c1ccc2c(=O)n3ccccc3nc2n1C1CCCC1,ChEMBL
chembl-pic50-20260527T153246Z,CHEMBL218,CB1,CHEMBL1703772,O=C(N1CCC(n2nc(-c3ccccc3)oc2=O)CC1)C1(c2ccccc2)CC1,5.063486257521107,train,O=C(N1CCC(n2nc(-c3ccccc3)oc2=O)CC1)C1(c2ccccc2)CC1,ChEMBL
chembl-pic50-20260527T153246Z,CHEMBL218,CB1,CHEMBL1704084,O=C(N1CCC(n2nc(-c3ccccc3)oc2=O)CC1)C1(c2ccccc2)CCCC1,5.703334809738469,train,O=C(N1CCC(n2nc(-c3ccccc3)oc2=O)CC1)C1(c2ccccc2)CCCC1,ChEMBL
chembl-pic50-20260527T153246Z,CHEMBL218,CB1,CHEMBL1704166,Cc1cccc(N2CCN(C(=O)c3cccc(S(=O)(=O)N4CCCCC4)c3)CC2)c1C,4.494850021680094,train,O=C(c1cccc(S(=O)(=O)N2CCCCC2)c1)N1CCN(c2ccccc2)CC1,ChEMBL
chembl-pic50-20260527T153246Z,CHEMBL218,CB1,CHEMBL1705015,CC(C)Oc1ccc(S(=O)(=O)N2CCOCC2)cc1NC(=O)c1cc2ccccc2s1,4.494850021680094,train,O=C(Nc1cccc(S(=O)(=O)N2CCOCC2)c1)c1cc2ccccc2s1,ChEMBL
chembl-pic50-20260527T153246Z,CHEMBL218,CB1,CHEMBL1705027,CCc1sc(C(=O)Nc2cc(S(=O)(=O)N3CCOCC3)ccc2OC)cc1C,4.494850021680094,train,O=C(Nc1cccc(S(=O)(=O)N2CCOCC2)c1)c1cccs1,ChEMBL
chembl-pic50-20260527T153246Z,CHEMBL218,CB1,CHEMBL1705660,CCNC(=O)c1cc2c(=O)n3ccccc3nc2n(C2CCCC2)c1=N,4.494850021680094,train,N=c1ccc2c(=O)n3ccccc3nc2n1C1CCCC1,ChEMBL
chembl-pic50-20260527T153246Z,CHEMBL218,CB1,CHEMBL1705711,CCN(CC)S(=O)(=O)c1ccc(N2CCCCC2)c(C(=O)N2CCN(c3ccccc3)CC2)c1,5.028724151261895,train,O=C(c1ccccc1N1CCCCC1)N1CCN(c2ccccc2)CC1,ChEMBL
chembl-pic50-20260527T153246Z,CHEMBL218,CB1,CHEMBL1705807,Cc1nc(N2CCN(C(=O)C3CCCO3)CC2)c2c3c(sc2n1)CCCC3,4.494850021680094,train,O=C(C1CCCO1)N1CCN(c2ncnc3sc4c(c23)CCCC4)CC1,ChEMBL
chembl-pic50-20260527T153246Z,CHEMBL218,CB1,CHEMBL1706882,Cc1nc(N2CCN(C(=O)c3ccc4c(c3)nc(C)n4C)CC2)c2c3c(sc2n1)CC(C)CC3,4.707743928643524,train,O=C(c1ccc2[nH]cnc2c1)N1CCN(c2ncnc3sc4c(c23)CCCC4)CC1,ChEMBL
chembl-pic50-20260527T153246Z,CHEMBL218,CB1,CHEMBL1707517,Cc1ccc(-c2nnc(C)c3nn(-c4ccc(C)cc4)cc23)cc1,5.586700235918748,train,c1ccc(-c2nncc3nn(-c4ccccc4)cc23)cc1,ChEMBL
chembl-pic50-20260527T153246Z,CHEMBL218,CB1,CHEMBL1707797,O=C(Nc1cc(S(=O)(=O)N2CCOCC2)ccc1Cl)c1cc2c(s1)CCCC2,4.494850021680094,train,O=C(Nc1cccc(S(=O)(=O)N2CCOCC2)c1)c1cc2c(s1)CCCC2,ChEMBL
chembl-pic50-20260527T153246Z,CHEMBL218,CB1,CHEMBL1709480,O=C(Cc1ccc2c(c1)OCO2)N1CCC(n2nc(-c3ccccc3)oc2=O)CC1,4.801342913045577,train,O=C(Cc1ccc2c(c1)OCO2)N1CCC(n2nc(-c3ccccc3)oc2=O)CC1,ChEMBL
chembl-pic50-20260527T153246Z,CHEMBL218,CB1,CHEMBL1711005,CCN(CC)S(=O)(=O)c1ccc(N2CCC(C)CC2)c(C(=O)N2CCN(c3ccccc3)CC2)c1,4.494850021680094,train,O=C(c1ccccc1N1CCCCC1)N1CCN(c2ccccc2)CC1,ChEMBL
chembl-pic50-20260527T153246Z,CHEMBL218,CB1,CHEMBL1712952,COc1ccc(S(=O)(=O)N2CCOCC2)cc1NC(=O)c1ccc(OC(F)F)cc1,4.494850021680094,train,O=C(Nc1cccc(S(=O)(=O)N2CCOCC2)c1)c1ccccc1,ChEMBL
chembl-pic50-20260527T153246Z,CHEMBL218,CB1,CHEMBL1713770,COc1ccc(-c2nnc(C)c3nn(-c4ccc(C)cc4)cc23)cc1,5.448550002027125,train,c1ccc(-c2nncc3nn(-c4ccccc4)cc23)cc1,ChEMBL
chembl-pic50-20260527T153246Z,CHEMBL218,CB1,CHEMBL1714418,O=C(Nc1cccc(S(=O)(=O)N2CCOCC2)c1)c1cc2c(s1)CCCC2,4.494850021680094,train,O=C(Nc1cccc(S(=O)(=O)N2CCOCC2)c1)c1cc2c(s1)CCCC2,ChEMBL
chembl-pic50-20260527T153246Z,CHEMBL218,CB1,CHEMBL1715149,O=C(NCCc1ccc(Cl)cc1)Nc1ccc(Cl)cc1,6.790002703917631,train,O=C(NCCc1ccccc1)Nc1ccccc1,ChEMBL
chembl-pic50-20260527T153246Z,CHEMBL218,CB1,CHEMBL1715275,Cc1nc(N2CCN(C(=O)c3ccccc3)CC2)c2c3c(sc2n1)CC(C)CC3,5.774690718274137,train,O=C(c1ccccc1)N1CCN(c2ncnc3sc4c(c23)CCCC4)CC1,ChEMBL
chembl-pic50-20260527T153246Z,CHEMBL218,CB1,CHEMBL1715811,COc1ccc(S(=O)(=O)N2CCOCC2)cc1NC(=O)c1sc2cccc(F)c2c1C,4.494850021680094,train,O=C(Nc1cccc(S(=O)(=O)N2CCOCC2)c1)c1cc2ccccc2s1,ChEMBL
chembl-pic50-20260527T153246Z,CHEMBL218,CB1,CHEMBL1717402,CNC(=O)c1cc2c(=O)n3ccccc3nc2n(C2CCCC2)c1=N,4.494850021680094,train,N=c1ccc2c(=O)n3ccccc3nc2n1C1CCCC1,ChEMBL
chembl-pic50-20260527T153246Z,CHEMBL218,CB1,CHEMBL1717635,CCCc1cc(C(=O)Nc2cc(S(=O)(=O)N3CCOCC3)ccc2OC)sc1C,5.114638779968488,train,O=C(Nc1cccc(S(=O)(=O)N2CCOCC2)c1)c1cccs1,ChEMBL
chembl-pic50-20260527T153246Z,CHEMBL218,CB1,CHEMBL1718220,Cc1nnc(-c2cccc3ccccc23)c2cn(-c3cccc(Br)c3)nc12,6.179798540514359,train,c1ccc(-n2cc3c(-c4cccc5ccccc45)nncc3n2)cc1,ChEMBL
chembl-pic50-20260527T153246Z,CHEMBL218,CB1,CHEMBL1718537,Cc1nc(N2CCN(C(=O)C3CCCCC3)CC2)c2c3c(sc2n1)CCCC3,5.515700160653214,train,O=C(C1CCCCC1)N1CCN(c2ncnc3sc4c(c23)CCCC4)CC1,ChEMBL
chembl-pic50-20260527T153246Z,CHEMBL218,CB1,CHEMBL1719423,Cc1ccc(C(C)C(=O)N2CCC(n3nc(-c4ccccc4)oc3=O)CC2)cc1,5.480172006224281,train,O=C(Cc1ccccc1)N1CCC(n2nc(-c3ccccc3)oc2=O)CC1,ChEMBL
chembl-pic50-20260527T153246Z,CHEMBL218,CB1,CHEMBL1719526,CCOc1ccc(CC(=O)N2CCC(n3nc(-c4ccccc4)oc3=O)CC2)cc1,5.114638779968488,train,O=C(Cc1ccccc1)N1CCC(n2nc(-c3ccccc3)oc2=O)CC1,ChEMBL
chembl-pic50-20260527T153246Z,CHEMBL218,CB1,CHEMBL1719997,COc1ccc2c(c1)cc(C)c1nnc(SCC(=O)Nc3nc(C)cs3)n12,4.494850021680094,train,O=C(CSc1nnc2ccc3ccccc3n12)Nc1nccs1,ChEMBL
chembl-pic50-20260527T153246Z,CHEMBL218,CB1,CHEMBL1720072,N=c1c(C(=O)NCc2cccnc2)cc2c(=O)n3ccccc3nc2n1C1CCCC1,4.494850021680094,train,N=c1c(C(=O)NCc2cccnc2)cc2c(=O)n3ccccc3nc2n1C1CCCC1,ChEMBL
chembl-pic50-20260527T153246Z,CHEMBL218,CB1,CHEMBL1721058,N=c1c(C(=O)NCCc2ccccc2)cc2c(=O)n3ccccc3nc2n1C1CCCC1,4.494850021680094,train,N=c1c(C(=O)NCCc2ccccc2)cc2c(=O)n3ccccc3nc2n1C1CCCC1,ChEMBL
chembl-pic50-20260527T153246Z,CHEMBL218,CB1,CHEMBL1721827,Cc1nc(N2CCN(C(=O)C3CC3)CC2)c2c3c(sc2n1)CC(C)CC3,4.747146969020107,train,O=C(C1CC1)N1CCN(c2ncnc3sc4c(c23)CCCC4)CC1,ChEMBL
chembl-pic50-20260527T153246Z,CHEMBL218,CB1,CHEMBL1722279,Cc1cc2cc3c(cc2n2c(SCC(=O)Nc4nc(-c5ccccc5)cs4)nnc12)OCO3,4.801342913045577,train,O=C(CSc1nnc2ccc3cc4c(cc3n12)OCO4)Nc1nc(-c2ccccc2)cs1,ChEMBL
chembl-pic50-20260527T153246Z,CHEMBL218,CB1,CHEMBL1722450,Cc1ccc(-n2cc3c(-c4ccc(Cl)cc4)nnc(C)c3n2)cc1,6.060480747381382,train,c1ccc(-c2nncc3nn(-c4ccccc4)cc23)cc1,ChEMBL
chembl-pic50-20260527T153246Z,CHEMBL218,CB1,CHEMBL1722769,COc1ccc(S(=O)(=O)N2CCOCC2)cc1NC(=O)c1ccc(OCC(C)C)c(OC)c1,4.494850021680094,train,O=C(Nc1cccc(S(=O)(=O)N2CCOCC2)c1)c1ccccc1,ChEMBL
chembl-pic50-20260527T153246Z,CHEMBL218,CB1,CHEMBL1724290,COc1ccc(-c2csc(NC(=O)CSc3nnc4c(C)cc5cc6c(cc5n34)OCCO6)n2)cc1,4.494850021680094,train,O=C(CSc1nnc2ccc3cc4c(cc3n12)OCCO4)Nc1nc(-c2ccccc2)cs1,ChEMBL
chembl-pic50-20260527T153246Z,CHEMBL218,CB1,CHEMBL1724622,CN(C)S(=O)(=O)c1ccc(N2CCCC2)c(C(=O)N2CCN(c3ccccc3)CC2)c1,4.494850021680094,train,O=C(c1ccccc1N1CCCC1)N1CCN(c2ccccc2)CC1,ChEMBL
chembl-pic50-20260527T153246Z,CHEMBL218,CB1,CHEMBL1724849,CN(C)S(=O)(=O)c1ccc(N2CCCC2)c(C(=O)N2CCN(c3cccc(Cl)c3)CC2)c1,4.567030709125595,train,O=C(c1ccccc1N1CCCC1)N1CCN(c2ccccc2)CC1,ChEMBL
chembl-pic50-20260527T153246Z,CHEMBL224,5HT2A,CHEMBL1221449,CN1CCN(c2cccc(N(CC3CC3)S(=O)(=O)c3ccc4ccccc4c3)c2)CC1,7.055517327849832,external,O=S(=O)(c1ccc2ccccc2c1)N(CC1CC1)c1cccc(N2CCNCC2)c1,ChEMBL
chembl-pic50-20260527T153246Z,CHEMBL224,5HT2A,CHEMBL12420,CN(C)CCc1c[nH]c2ccccc12,6.301029995663981,external,c1ccc2[nH]ccc2c1,ChEMBL
chembl-pic50-20260527T153246Z,CHEMBL224,5HT2A,CHEMBL1255837,CC(C)[C@@]1(NC(=O)[C@@H]2C[C@@H]3c4cccc5[nH]cc(c45)C[C@H]3N(C)C2)O[C@@]2(O)[C@@H]3CCCN3C(=O)[C@H](Cc3ccccc3)N2C1=O.CS(=O)(=O)O,7.823908740944319,external,O=C(NC1OC2[C@@H]3CCCN3C(=O)[C@H](Cc3ccccc3)N2C1=O)[C@H]1CN[C@@H]2Cc3c[nH]c4cccc(c34)[C@H]2C1,ChEMBL
chembl-pic50-20260527T153246Z,CHEMBL224,5HT2A,CHEMBL128,CNS(=O)(=O)Cc1ccc2[nH]cc(CCN(C)C)c2c1,5.100000128334196,external,c1ccc2[nH]ccc2c1,ChEMBL
chembl-pic50-20260527T153246Z,CHEMBL224,5HT2A,CHEMBL1289,Clc1cc(Cl)c(OCC#CI)cc1Cl,5.616005210558267,external,c1ccccc1,ChEMBL
chembl-pic50-20260527T153246Z,CHEMBL224,5HT2A,CHEMBL159483,O=C1N[C@@H](Cc2ccc3[nH]cc(CCN4CC[C@@H](CNCc5ccccc5)C4)c3c2)CO1,5.522878745280337,external,O=C1N[C@@H](Cc2ccc3[nH]cc(CCN4CC[C@@H](CNCc5ccccc5)C4)c3c2)CO1,ChEMBL
chembl-pic50-20260527T153246Z,CHEMBL224,5HT2A,CHEMBL160070,C[C@H](NC[C@@H]1CCN(CCc2c[nH]c3ccc(C[C@H]4COC(=O)N4)cc23)C1)c1ccccc1,5.657577319177793,external,O=C1N[C@@H](Cc2ccc3[nH]cc(CCN4CC[C@@H](CNCc5ccccc5)C4)c3c2)CO1,ChEMBL
chembl-pic50-20260527T153246Z,CHEMBL224,5HT2A,CHEMBL1626,CN1CCC[C@@H]1CCO[C@](C)(c1ccccc1)c1ccc(Cl)cc1,7.494850021680094,external,c1ccc(C(OCC[C@H]2CCCN2)c2ccccc2)cc1,ChEMBL
chembl-pic50-20260527T153246Z,CHEMBL224,5HT2A,CHEMBL1630578,C[C@@H]1C[C@H]2[C@@H]3CCC4=CC(=O)C=C[C@]4(C)C3=CC[C@]2(C)[C@H]1C(=O)CN1CCN(c2cc(N3CCCC3)nc(N3CCCC3)n2)CC1,5.6985359268567,external,O=C1C=CC2C(=C1)CC[C@@H]1C2=CCC2[C@@H](C(=O)CN3CCN(c4cc(N5CCCC5)nc(N5CCCC5)n4)CC3)CC[C@H]21,ChEMBL
chembl-pic50-20260527T153246Z,CHEMBL224,5HT2A,CHEMBL1714574,CC(C)N1CCN(c2ccc(OCC3COC(Cn4cncn4)(c4ccc(Cl)cc4Cl)O3)cc2)CC1,5.087512238667676,external,c1ccc(C2(Cn3cncn3)OCC(COc3ccc(N4CCNCC4)cc3)O2)cc1,ChEMBL
chembl-pic50-20260527T153246Z,CHEMBL224,5HT2A,CHEMBL1729,COc1cc(N)c(Cl)cc1C(=O)NC1CCN(CCCOc2ccc(F)cc2)CC1OC,8.413862974769208,external,O=C(NC1CCN(CCCOc2ccccc2)CC1)c1ccccc1,ChEMBL
chembl-pic50-20260527T153246Z,CHEMBL224,5HT2A,CHEMBL1732,CN1C[C@H](C(=O)N[C@]2(C)O[C@@]3(O)[C@@H]4CCCN4C(=O)[C@H](Cc4ccccc4)N3C2=O)C[C@@H]2c3cccc4[nH]cc(c34)C[C@H]21,8.0993598160174,external,O=C(NC1OC2[C@@H]3CCCN3C(=O)[C@H](Cc3ccccc3)N2C1=O)[C@H]1CN[C@@H]2Cc3c[nH]c4cccc(c34)[C@H]2C1,ChEMBL
chembl-pic50-20260527T153246Z,CHEMBL224,5HT2A,CHEMBL1933574,CN1CCC(N(C)S(=O)(=O)c2cccc3ccsc23)CC1,5.0,external,O=S(=O)(NC1CCNCC1)c1cccc2ccsc12,ChEMBL
chembl-pic50-20260527T153246Z,CHEMBL224,5HT2A,CHEMBL197646,CN(C)CCc1c[nH]c2cccc(F)c12,6.301029995663981,external,c1ccc2[nH]ccc2c1,ChEMBL
chembl-pic50-20260527T153246Z,CHEMBL224,5HT2A,CHEMBL197664,CN(C)CCc1cn(C)c2cccc(O)c12,7.06398920428479,external,c1ccc2[nH]ccc2c1,ChEMBL
chembl-pic50-20260527T153246Z,CHEMBL224,5HT2A,CHEMBL1989287,COc1ccc2c(c1OC)C[C@@H]1c3c(cc4c(c3-2)OCO4)CCN1C,6.248720896016658,external,c1ccc2c(c1)C[C@H]1NCCc3cc4c(c-2c31)OCO4,ChEMBL
chembl-pic50-20260527T153246Z,CHEMBL224,5HT2A,CHEMBL198949,CC(=O)Nc1cc(Cl)ccc1/C=C/C(=O)N1CCN(Cc2ccc(F)cc2)C[C@H]1C,6.0,external,O=C(/C=C/c1ccccc1)N1CCN(Cc2ccccc2)CC1,ChEMBL
chembl-pic50-20260527T153246Z,CHEMBL224,5HT2A,CHEMBL21731,CNCCCC12CCC(c3ccccc31)c1ccccc12,7.1938200260161125,external,c1ccc2c(c1)C1CCC2c2ccccc21,ChEMBL
chembl-pic50-20260527T153246Z,CHEMBL224,5HT2A,CHEMBL219916,O=c1[nH]c2ccccc2n1CCCN1CCC(n2c(=O)[nH]c3cc(Cl)ccc32)CC1,7.431798275933005,external,O=c1[nH]c2ccccc2n1CCCN1CCC(n2c(=O)[nH]c3ccccc32)CC1,ChEMBL
chembl-pic50-20260527T153246Z,CHEMBL224,5HT2A,CHEMBL2376491,Cc1[nH]c2ccc(-c3ccccc3)cc2c1C1=CCNCC1,6.0,external,C1=C(c2c[nH]c3ccc(-c4ccccc4)cc23)CCNC1,ChEMBL
chembl-pic50-20260527T153246Z,CHEMBL224,5HT2A,CHEMBL2387229,Cc1cc(=O)oc2c(Cl)c(OCCCCN3CCC(c4noc5cc(F)ccc45)CC3)ccc12,7.406713932979542,external,O=c1ccc2ccc(OCCCCN3CCC(c4noc5ccccc45)CC3)cc2o1,ChEMBL
chembl-pic50-20260527T153246Z,CHEMBL224,5HT2A,CHEMBL2393230,CN1CCN(c2ncc3c(n2)CCNCC3)CC1.Cl,5.0,external,c1nc(N2CCNCC2)nc2c1CCNCC2,ChEMBL
chembl-pic50-20260527T153246Z,CHEMBL224,5HT2A,CHEMBL2393231,CNc1nc(N2CCN(C)CC2)nc2c1CCNCC2.Cl,5.0,external,c1nc(N2CCNCC2)nc2c1CCNCC2,ChEMBL
chembl-pic50-20260527T153246Z,CHEMBL224,5HT2A,CHEMBL2393232,CCNc1nc(N2CCN(C)CC2)nc2c1CCNCC2.Cl,5.0,external,c1nc(N2CCNCC2)nc2c1CCNCC2,ChEMBL
chembl-pic50-20260527T153246Z,CHEMBL224,5HT2A,CHEMBL2393233,CN1CCN(c2nc3c(c(N(C)C)n2)CCNCC3)CC1.Cl,5.0,external,c1nc(N2CCNCC2)nc2c1CCNCC2,ChEMBL
chembl-pic50-20260527T153246Z,CHEMBL224,5HT2A,CHEMBL2393234,CCN(CC)c1nc(N2CCN(C)CC2)nc2c1CCNCC2.Cl,5.0,external,c1nc(N2CCNCC2)nc2c1CCNCC2,ChEMBL
chembl-pic50-20260527T153246Z,CHEMBL224,5HT2A,CHEMBL2393237,COc1nc(N2CCN(C)CC2)nc2c1CCNCC2.Cl,5.0,external,c1nc(N2CCNCC2)nc2c1CCNCC2,ChEMBL
chembl-pic50-20260527T153246Z,CHEMBL224,5HT2A,CHEMBL2393238,CN1CCN(c2nc3c(c(OCc4ccco4)n2)CCNCC3)CC1.Cl,5.580870692258024,external,c1coc(COc2nc(N3CCNCC3)nc3c2CCNCC3)c1,ChEMBL
chembl-pic50-20260527T153246Z,CHEMBL224,5HT2A,CHEMBL1080671,Cc1c(C(=O)NCCCN2CCN(c3cccc(Cl)c3Cl)CC2)cc(-c2ccccc2)n1Cc1ccccc1,6.450996737974212,scaffold_test,O=C(NCCCN1CCN(c2ccccc2)CC1)c1cc(-c2ccccc2)n(Cc2ccccc2)c1,ChEMBL
chembl-pic50-20260527T153246Z,CHEMBL224,5HT2A,CHEMBL1081302,Cc1c(C(=O)NCCCN2CCN(c3cccc(Cl)c3)CC2)cc(-c2ccccc2)n1Cc1ccccc1,6.747146969020107,scaffold_test,O=C(NCCCN1CCN(c2ccccc2)CC1)c1cc(-c2ccccc2)n(Cc2ccccc2)c1,ChEMBL
chembl-pic50-20260527T153246Z,CHEMBL224,5HT2A,CHEMBL1087895,Cc1cccc(N2CCN(CCCNC(=O)c3cc(-c4ccccc4)n(Cc4ccccc4)c3C)CC2)c1C,6.649751981665837,scaffold_test,O=C(NCCCN1CCN(c2ccccc2)CC1)c1cc(-c2ccccc2)n(Cc2ccccc2)c1,ChEMBL
chembl-pic50-20260527T153246Z,CHEMBL224,5HT2A,CHEMBL11409,CCCN1CCN(CCCCN2C(=O)CC3(CCCC3)CC2=O)CC12COc1cccc(OC)c1C2,4.950000175844591,scaffold_test,O=C1CC2(CCCC2)CC(=O)N1CCCCN1CCNC2(COc3ccccc3C2)C1,ChEMBL
chembl-pic50-20260527T153246Z,CHEMBL224,5HT2A,CHEMBL11592,CCCN(CCCCN1C(=O)CC2(CCCC2)CC1=O)C1COc2cccc(OC)c2C1,6.0,scaffold_test,O=C1CC2(CCCC2)CC(=O)N1CCCCNC1COc2ccccc2C1,ChEMBL
chembl-pic50-20260527T153246Z,CHEMBL224,5HT2A,CHEMBL1213676,Cc1c(Cl)cccc1N1CCN(CCNC(=O)c2cc(C(C)(C)C)n(C)c2C)CC1,6.632644078973981,scaffold_test,O=C(NCCN1CCN(c2ccccc2)CC1)c1cc[nH]c1,ChEMBL
chembl-pic50-20260527T153246Z,CHEMBL224,5HT2A,CHEMBL1214595,Cc1cccc(N2CCN(CCNC(=O)c3cc(C(C)(C)C)n(C)c3C)CC2)c1C,7.443697499232712,scaffold_test,O=C(NCCN1CCN(c2ccccc2)CC1)c1cc[nH]c1,ChEMBL
chembl-pic50-20260527T153246Z,CHEMBL224,5HT2A,CHEMBL1214597,Cc1c(C(=O)NCCN2CCN(c3cccc(Cl)c3Cl)CC2)cc(C(C)(C)C)n1C.Cl,7.301029995663981,scaffold_test,O=C(NCCN1CCN(c2ccccc2)CC1)c1cc[nH]c1,ChEMBL
chembl-pic50-20260527T153246Z,CHEMBL224,5HT2A,CHEMBL1222138,CC(C)N(c1cccc(N2CCN(C)CC2)c1)S(=O)(=O)c1ccccc1,6.764471553092451,scaffold_test,O=S(=O)(Nc1cccc(N2CCNCC2)c1)c1ccccc1,ChEMBL
chembl-pic50-20260527T153246Z,CHEMBL224,5HT2A,CHEMBL1262,Clc1ccc(CO/N=C(\Cn2ccnc2)c2ccc(Cl)cc2Cl)c(Cl)c1,5.380593589113222,scaffold_test,c1ccc(CO/N=C(\Cn2ccnc2)c2ccccc2)cc1,ChEMBL
chembl-pic50-20260527T153246Z,CHEMBL224,5HT2A,CHEMBL1271757,Cc1nc(C(=O)NCCCN2CCN(c3cccc(Cl)c3Cl)CC2)cc(-c2ccccc2)n1.Cl,7.455931955649724,scaffold_test,O=C(NCCCN1CCN(c2ccccc2)CC1)c1cc(-c2ccccc2)ncn1,ChEMBL
chembl-pic50-20260527T153246Z,CHEMBL224,5HT2A,CHEMBL131482,CC1SC2(CCCC2)C(=O)N1CCCCN1CCN(c2csc3cc(F)ccc23)CC1,8.096910013008056,scaffold_test,O=C1N(CCCCN2CCN(c3csc4ccccc34)CC2)CSC12CCCC2,ChEMBL
chembl-pic50-20260527T153246Z,CHEMBL224,5HT2A,CHEMBL1385840,CC(C)[C@H]1C(=O)N2CCC[C@H]2[C@]2(O)O[C@](NC(=O)[C@@H]3C=C4c5cccc6[nH]cc(c56)C[C@H]4N(C)C3)(C(C)C)C(=O)N12,7.552841968657781,scaffold_test,O=C(NC1OC2[C@@H]3CCCN3C(=O)CN2C1=O)[C@@H]1C=C2c3cccc4[nH]cc(c34)C[C@H]2NC1,ChEMBL
chembl-pic50-20260527T153246Z,CHEMBL224,5HT2A,CHEMBL1403281,CC(C)C[C@H]1C(=O)N2CCC[C@H]2[C@]2(O)O[C@](NC(=O)[C@@H]3C=C4c5cccc6[nH]cc(c56)C[C@H]4N(C)C3)(C(C)C)C(=O)N12,7.327902142064283,scaffold_test,O=C(NC1OC2[C@@H]3CCCN3C(=O)CN2C1=O)[C@@H]1C=C2c3cccc4[nH]cc(c34)C[C@H]2NC1,ChEMBL
chembl-pic50-20260527T153246Z,CHEMBL224,5HT2A,CHEMBL141209,COC1Cc2ccccc2C2(CCN(Cc3ccccc3)CC2)O1,5.180456064458132,scaffold_test,c1ccc(CN2CCC3(CC2)OCCc2ccccc23)cc1,ChEMBL
chembl-pic50-20260527T153246Z,CHEMBL224,5HT2A,CHEMBL14460,Cc1cc2c(cc1C(F)(F)F)N(C(=O)Nc1ccc(Oc3cccnc3C)nc1)CC2,7.489454989793388,scaffold_test,O=C(Nc1ccc(Oc2cccnc2)nc1)N1CCc2ccccc21,ChEMBL
chembl-pic50-20260527T153246Z,CHEMBL224,5HT2A,CHEMBL1479,C#C[C@]1(O)CC[C@H]2[C@@H]3CCC4=Cc5oncc5C[C@]4(C)[C@H]3CC[C@@]21C,5.053056729302175,scaffold_test,C1=C2CC[C@H]3[C@@H]4CCCC4CC[C@@H]3C2Cc2cnoc21,ChEMBL
chembl-pic50-20260527T153246Z,CHEMBL224,5HT2A,CHEMBL194837,Cc1cc(OCCN(C)C)nc2ccc(NC(=O)COc3ccc(Cl)cc3Cl)cc12,9.214670164989233,scaffold_test,O=C(COc1ccccc1)Nc1ccc2ncccc2c1,ChEMBL
chembl-pic50-20260527T153246Z,CHEMBL224,5HT2A,CHEMBL2111101,CC(C)COc1ccc(CNC(=O)N(Cc2ccc(F)cc2)C2CCN(C)CC2)cc1,8.045757490560675,scaffold_test,O=C(NCc1ccccc1)N(Cc1ccccc1)C1CCNCC1,ChEMBL
chembl-pic50-20260527T153246Z,CHEMBL224,5HT2A,CHEMBL2355519,Cl.O=C(c1ccc(F)cc1)C1CCN(CCn2c(=S)[nH]c3ccccc3c2=O)CC1,8.821023052706831,scaffold_test,O=C(c1ccccc1)C1CCN(CCn2c(=S)[nH]c3ccccc3c2=O)CC1,ChEMBL
chembl-pic50-20260527T153246Z,CHEMBL224,5HT2A,CHEMBL2393239,COc1cccc(Nc2nc(N3CCN(C)CC3)nc3c2CCNCC3)c1.Cl,5.0,scaffold_test,c1ccc(Nc2nc(N3CCNCC3)nc3c2CCNCC3)cc1,ChEMBL
chembl-pic50-20260527T153246Z,CHEMBL224,5HT2A,CHEMBL2393240,CN1CCN(c2nc3c(c(Nc4ccc(F)cc4)n2)CCNCC3)CC1.Cl,6.667561540084395,scaffold_test,c1ccc(Nc2nc(N3CCNCC3)nc3c2CCNCC3)cc1,ChEMBL
chembl-pic50-20260527T153246Z,CHEMBL224,5HT2A,CHEMBL2393241,CN1CCc2nc(N3CCN(C)CC3)nc(Nc3ccc(F)cc3)c2CC1.Cl,6.164943898279883,scaffold_test,c1ccc(Nc2nc(N3CCNCC3)nc3c2CCNCC3)cc1,ChEMBL
chembl-pic50-20260527T153246Z,CHEMBL224,5HT2A,CHEMBL104,Clc1ccccc1C(c1ccccc1)(c1ccccc1)n1ccnc1,4.953036845876576,train,c1ccc(C(c2ccccc2)(c2ccccc2)n2ccnc2)cc1,ChEMBL
chembl-pic50-20260527T153246Z,CHEMBL224,5HT2A,CHEMBL1065,CC[C@@H](CO)NC(=O)[C@@H]1C=C2c3cccc4c3c(cn4C)C[C@H]2N(C)C1,7.886056647693163,train,C1=C2c3cccc4[nH]cc(c34)C[C@H]2NCC1,ChEMBL
chembl-pic50-20260527T153246Z,CHEMBL224,5HT2A,CHEMBL1080215,Cc1[nH]c(-c2ccccc2)cc1C(=O)NCCCN1CCN(c2cccc(Cl)c2)CC1,6.610833915635467,train,O=C(NCCCN1CCN(c2ccccc2)CC1)c1c[nH]c(-c2ccccc2)c1,ChEMBL
chembl-pic50-20260527T153246Z,CHEMBL224,5HT2A,CHEMBL1080522,Cc1[nH]c(-c2ccccc2)cc1C(=O)NCCN1CCN(c2cccc(Cl)c2Cl)CC1,7.3979400086720375,train,O=C(NCCN1CCN(c2ccccc2)CC1)c1c[nH]c(-c2ccccc2)c1,ChEMBL
chembl-pic50-20260527T153246Z,CHEMBL224,5HT2A,CHEMBL1080554,Cc1cccc(N2CCN(CCCCNC(=O)c3cc(-c4ccccc4)n(C)c3C)CC2)c1C,7.214670164989233,train,O=C(NCCCCN1CCN(c2ccccc2)CC1)c1c[nH]c(-c2ccccc2)c1,ChEMBL
chembl-pic50-20260527T153246Z,CHEMBL224,5HT2A,CHEMBL1080555,CCCn1c(-c2ccccc2)cc(C(=O)NCCCCN2CCN(c3cccc(C)c3C)CC2)c1C,6.101274818410507,train,O=C(NCCCCN1CCN(c2ccccc2)CC1)c1c[nH]c(-c2ccccc2)c1,ChEMBL
chembl-pic50-20260527T153246Z,CHEMBL224,5HT2A,CHEMBL1080672,Cc1c(C(=O)NCCCN2CCN(c3cccc(Cl)c3Cl)CC2)cc(-c2ccccc2)n1CC1CCCCC1,5.358228529346041,train,O=C(NCCCN1CCN(c2ccccc2)CC1)c1cc(-c2ccccc2)n(CC2CCCCC2)c1,ChEMBL
chembl-pic50-20260527T153246Z,CHEMBL224,5HT2A,CHEMBL1080683,Cc1c(C(=O)NCCN2CCN(c3cccc(Cl)c3Cl)CC2)cc(-c2ccccc2)n1C,6.756961951313706,train,O=C(NCCN1CCN(c2ccccc2)CC1)c1c[nH]c(-c2ccccc2)c1,ChEMBL
chembl-pic50-20260527T153246Z,CHEMBL224,5HT2A,CHEMBL1080711,CCCn1c(-c2ccccc2)cc(C(=O)NCCCCN2CCN(c3cccc(Cl)c3Cl)CC2)c1C,6.982966660701219,train,O=C(NCCCCN1CCN(c2ccccc2)CC1)c1c[nH]c(-c2ccccc2)c1,ChEMBL
chembl-pic50-20260527T153246Z,CHEMBL224,5HT2A,CHEMBL1080712,Cc1cccc(N2CCN(CCCCNC(=O)c3cc(-c4ccccc4)[nH]c3C)CC2)c1C,8.0,train,O=C(NCCCCN1CCN(c2ccccc2)CC1)c1c[nH]c(-c2ccccc2)c1,ChEMBL
chembl-pic50-20260527T153246Z,CHEMBL224,5HT2A,CHEMBL1080726,Cc1c(C(=O)NCCCN2CCN(c3cccc(Cl)c3)CC2)cc(-c2ccccc2)n1C,7.036212172654444,train,O=C(NCCCN1CCN(c2ccccc2)CC1)c1c[nH]c(-c2ccccc2)c1,ChEMBL
chembl-pic50-20260527T153246Z,CHEMBL224,5HT2A,CHEMBL1080727,CCn1c(-c2ccccc2)cc(C(=O)NCCCN2CCN(c3cccc(Cl)c3)CC2)c1C,7.036212172654444,train,O=C(NCCCN1CCN(c2ccccc2)CC1)c1c[nH]c(-c2ccccc2)c1,ChEMBL
chembl-pic50-20260527T153246Z,CHEMBL224,5HT2A,CHEMBL1080728,CCCn1c(-c2ccccc2)cc(C(=O)NCCCN2CCN(c3cccc(Cl)c3)CC2)c1C,6.718966632752273,train,O=C(NCCCN1CCN(c2ccccc2)CC1)c1c[nH]c(-c2ccccc2)c1,ChEMBL
chembl-pic50-20260527T153246Z,CHEMBL224,5HT2A,CHEMBL1080745,Cc1c(C(=O)NCCCN2CCN(c3cccc(Cl)c3)CC2)cc(-c2ccccc2)n1CC(C)C,6.47755576649368,train,O=C(NCCCN1CCN(c2ccccc2)CC1)c1c[nH]c(-c2ccccc2)c1,ChEMBL
chembl-pic50-20260527T153246Z,CHEMBL224,5HT2A,CHEMBL1080746,Cc1c(C(=O)NCCCN2CCN(c3cccc(Cl)c3)CC2)cc(-c2ccccc2)n1N1CCCCC1,6.355561410532162,train,O=C(NCCCN1CCN(c2ccccc2)CC1)c1cc(-c2ccccc2)n(N2CCCCC2)c1,ChEMBL
chembl-pic50-20260527T153246Z,CHEMBL224,5HT2A,CHEMBL1080747,Cc1c(C(=O)NCCCN2CCN(c3cccc(Cl)c3)CC2)cc(-c2ccccc2)n1-c1ccc(F)cc1,7.640164517660112,train,O=C(NCCCN1CCN(c2ccccc2)CC1)c1cc(-c2ccccc2)n(-c2ccccc2)c1,ChEMBL
chembl-pic50-20260527T153246Z,CHEMBL224,5HT2A,CHEMBL1081035,CCCn1c(-c2ccccc2)cc(C(=O)NCCN2CCN(c3cccc(Cl)c3Cl)CC2)c1C,6.38933983691012,train,O=C(NCCN1CCN(c2ccccc2)CC1)c1c[nH]c(-c2ccccc2)c1,ChEMBL
chembl-pic50-20260527T153246Z,CHEMBL224,5HT2A,CHEMBL1081036,Cc1c(C(=O)NCCCCN2CCN(c3cccc(Cl)c3Cl)CC2)cc(-c2ccccc2)n1C,7.552841968657781,train,O=C(NCCCCN1CCN(c2ccccc2)CC1)c1c[nH]c(-c2ccccc2)c1,ChEMBL
chembl-pic50-20260527T153246Z,CHEMBL224,5HT2A,CHEMBL1081303,Cc1c(C(=O)NCCCN2CCN(c3cccc(Cl)c3)CC2)cc(-c2ccccc2)n1CC1CCCCC1,5.97183558057553,train,O=C(NCCCN1CCN(c2ccccc2)CC1)c1cc(-c2ccccc2)n(CC2CCCCC2)c1,ChEMBL
chembl-pic50-20260527T153246Z,CHEMBL224,5HT2A,CHEMBL1081468,Cc1cccc(N2CCN(CCCNC(=O)c3cc(-c4ccccc4)[nH]c3C)CC2)c1C,6.522878745280337,train,O=C(NCCCN1CCN(c2ccccc2)CC1)c1c[nH]c(-c2ccccc2)c1,ChEMBL
chembl-pic50-20260527T153246Z,CHEMBL224,5HT2A,CHEMBL1081644,Cc1cccc(N2CCN(CCCNC(=O)c3cc(-c4ccccc4)n(C)c3C)CC2)c1C,7.2441251443275085,train,O=C(NCCCN1CCN(c2ccccc2)CC1)c1c[nH]c(-c2ccccc2)c1,ChEMBL
chembl-pic50-20260527T153246Z,CHEMBL224,5HT2A,CHEMBL1082723,C[C@H]1Cc2c([nH]c3cc(Cl)c(F)cc23)[C@@]2(N1)C(=O)Nc1ccc(Cl)cc12,5.0,train,O=C1Nc2ccccc2[C@]12NCCc1c2[nH]c2ccccc12,ChEMBL
chembl-pic50-20260527T153246Z,CHEMBL224,5HT2A,CHEMBL1084617,COc1cccc(C(=O)Nc2ccc(OCCN3CCOCC3)c(-c3ccnn3C)c2)c1,8.2839966563652,train,O=C(Nc1ccc(OCCN2CCOCC2)c(-c2ccn[nH]2)c1)c1ccccc1,ChEMBL
chembl-pic50-20260527T153246Z,CHEMBL224,5HT2A,CHEMBL1085155,Cn1nccc1-c1cc(NC(=O)c2cccc(C(F)(F)F)c2)ccc1OCCN1CCCC1,7.638272163982407,train,O=C(Nc1ccc(OCCN2CCCC2)c(-c2ccn[nH]2)c1)c1ccccc1,ChEMBL
chembl-pic50-20260527T153246Z,CHEMBL224,5HT2A,CHEMBL1086613,CCn1c(-c2ccccc2)cc(C(=O)NCCCN2CCN(c3cccc(C)c3C)CC2)c1C,7.1249387366083,train,O=C(NCCCN1CCN(c2ccccc2)CC1)c1c[nH]c(-c2ccccc2)c1,ChEMBL
chembl-pic50-20260527T153246Z,CHEMBL224,5HT2A,CHEMBL1086626,Cc1[nH]c(-c2ccccc2)cc1C(=O)NCCCN1CCN(c2cccc(Cl)c2Cl)CC1,6.522878745280337,train,O=C(NCCCN1CCN(c2ccccc2)CC1)c1c[nH]c(-c2ccccc2)c1,ChEMBL
chembl-pic50-20260527T153246Z,CHEMBL224,5HT2A,CHEMBL1086754,Cc1c(C(=O)NCCCN2CCN(c3cccc(Cl)c3Cl)CC2)cc(-c2ccccc2)n1C,7.335358024443875,train,O=C(NCCCN1CCN(c2ccccc2)CC1)c1c[nH]c(-c2ccccc2)c1,ChEMBL
chembl-pic50-20260527T153246Z,CHEMBL224,5HT2A,CHEMBL1086755,CCn1c(-c2ccccc2)cc(C(=O)NCCCN2CCN(c3cccc(Cl)c3Cl)CC2)c1C,6.424812155072339,train,O=C(NCCCN1CCN(c2ccccc2)CC1)c1c[nH]c(-c2ccccc2)c1,ChEMBL
chembl-pic50-20260527T153246Z,CHEMBL224,5HT2A,CHEMBL1086756,CCCn1c(-c2ccccc2)cc(C(=O)NCCCN2CCN(c3cccc(Cl)c3Cl)CC2)c1C,6.489454989793388,train,O=C(NCCCN1CCN(c2ccccc2)CC1)c1c[nH]c(-c2ccccc2)c1,ChEMBL
chembl-pic50-20260527T153246Z,CHEMBL224,5HT2A,CHEMBL1087773,Cc1cccc(N2CCN(CCCNC(=O)c3cc(-c4ccccc4)n(-c4ccc(F)cc4)c3C)CC2)c1C,8.161150909262744,train,O=C(NCCCN1CCN(c2ccccc2)CC1)c1cc(-c2ccccc2)n(-c2ccccc2)c1,ChEMBL
chembl-pic50-20260527T153246Z,CHEMBL224,5HT2A,CHEMBL1087896,Cc1cccc(N2CCN(CCCNC(=O)c3cc(-c4ccccc4)n(CC4CCCCC4)c3C)CC2)c1C,5.909036923404268,train,O=C(NCCCN1CCN(c2ccccc2)CC1)c1cc(-c2ccccc2)n(CC2CCCCC2)c1,ChEMBL
chembl-pic50-20260527T153246Z,CHEMBL224,5HT2A,CHEMBL1088163,CCCn1c(-c2ccccc2)cc(C(=O)NCCCN2CCN(c3cccc(C)c3C)CC2)c1C,6.889410289700751,train,O=C(NCCCN1CCN(c2ccccc2)CC1)c1c[nH]c(-c2ccccc2)c1,ChEMBL
chembl-pic50-20260527T153246Z,CHEMBL224,5HT2A,CHEMBL1088164,Cc1cccc(N2CCN(CCCNC(=O)c3cc(-c4ccccc4)n(CC(C)C)c3C)CC2)c1C,6.047207556955908,train,O=C(NCCCN1CCN(c2ccccc2)CC1)c1c[nH]c(-c2ccccc2)c1,ChEMBL
chembl-pic50-20260527T153246Z,CHEMBL224,5HT2A,CHEMBL1088165,Cc1cccc(N2CCN(CCCNC(=O)c3cc(-c4ccccc4)n(N4CCCCC4)c3C)CC2)c1C,6.876148359032914,train,O=C(NCCCN1CCN(c2ccccc2)CC1)c1cc(-c2ccccc2)n(N2CCCCC2)c1,ChEMBL
chembl-pic50-20260527T153246Z,CHEMBL224,5HT2A,CHEMBL1088312,Cc1c(C(=O)NCCCN2CCN(c3cccc(Cl)c3Cl)CC2)cc(-c2ccccc2)n1CC(C)C,6.391473966422806,train,O=C(NCCCN1CCN(c2ccccc2)CC1)c1c[nH]c(-c2ccccc2)c1,ChEMBL
chembl-pic50-20260527T153246Z,CHEMBL224,5HT2A,CHEMBL1088313,Cc1c(C(=O)NCCCN2CCN(c3cccc(Cl)c3Cl)CC2)cc(-c2ccccc2)n1N1CCCCC1,7.1732774798310075,train,O=C(NCCCN1CCN(c2ccccc2)CC1)c1cc(-c2ccccc2)n(N2CCCCC2)c1,ChEMBL
chembl-pic50-20260527T153246Z,CHEMBL224,5HT2A,CHEMBL1088314,Cc1c(C(=O)NCCCN2CCN(c3cccc(Cl)c3Cl)CC2)cc(-c2ccccc2)n1-c1ccc(F)cc1,8.387216143280265,train,O=C(NCCCN1CCN(c2ccccc2)CC1)c1cc(-c2ccccc2)n(-c2ccccc2)c1,ChEMBL
chembl-pic50-20260527T153246Z,CHEMBL224,5HT2A,CHEMBL1088874,O=C(CNC(=O)c1cccc(C(F)(F)F)c1)N[C@@H]1CCN(CCC2CCN(C(=O)c3ccccc3Cl)CC2)C1,5.0,train,O=C(CNC(=O)c1ccccc1)N[C@@H]1CCN(CCC2CCN(C(=O)c3ccccc3)CC2)C1,ChEMBL
chembl-pic50-20260527T153246Z,CHEMBL224,5HT2A,CHEMBL1089793,O=C(CNC(=O)c1cccc(C(F)(F)F)c1)N[C@@H]1CCN(CCN2CCN(C(=O)c3cc(F)ccc3F)CC2)C1,5.0,train,O=C(CNC(=O)c1ccccc1)N[C@@H]1CCN(CCN2CCN(C(=O)c3ccccc3)CC2)C1,ChEMBL
chembl-pic50-20260527T153246Z,CHEMBL224,5HT2A,CHEMBL1089881,O=C(CNC(=O)c1cccc(C(F)(F)F)c1)N[C@@H]1CCN(CCC2CCN(C(=O)c3ccccc3F)CC2)C1,5.0,train,O=C(CNC(=O)c1ccccc1)N[C@@H]1CCN(CCC2CCN(C(=O)c3ccccc3)CC2)C1,ChEMBL
chembl-pic50-20260527T153246Z,CHEMBL224,5HT2A,CHEMBL1092238,O=C(CNC(=O)c1cccc(C(F)(F)F)c1)N[C@@H]1CCN(CCN2CCN(C(=O)c3ccccc3Cl)CC2)C1,5.0,train,O=C(CNC(=O)c1ccccc1)N[C@@H]1CCN(CCN2CCN(C(=O)c3ccccc3)CC2)C1,ChEMBL
chembl-pic50-20260527T153246Z,CHEMBL224,5HT2A,CHEMBL1092921,O=C(CNC(=O)c1cccc(C(F)(F)F)c1)N[C@@H]1CCN(CCC2CCN(C(=O)c3cc(F)ccc3F)CC2)C1,5.0,train,O=C(CNC(=O)c1ccccc1)N[C@@H]1CCN(CCC2CCN(C(=O)c3ccccc3)CC2)C1,ChEMBL
chembl-pic50-20260527T153246Z,CHEMBL224,5HT2A,CHEMBL1092929,O=C(CNC(=O)c1cccc(C(F)(F)F)c1)N[C@@H]1CCN(CCC2CCN(C(=O)c3ccccc3)CC2)C1,5.0,train,O=C(CNC(=O)c1ccccc1)N[C@@H]1CCN(CCC2CCN(C(=O)c3ccccc3)CC2)C1,ChEMBL
chembl-pic50-20260527T153246Z,CHEMBL224,5HT2A,CHEMBL1093469,O=C(CNC(=O)c1cccc(C(F)(F)F)c1)N[C@@H]1CCN(CCN2CCN(C(=O)c3ccccc3)CC2)C1,5.0,train,O=C(CNC(=O)c1ccccc1)N[C@@H]1CCN(CCN2CCN(C(=O)c3ccccc3)CC2)C1,ChEMBL
chembl-pic50-20260527T153246Z,CHEMBL224,5HT2A,CHEMBL1093802,O=C(CNC(=O)c1cccc(C(F)(F)F)c1)N[C@@H]1CCN(CCN2CCN(C(=O)c3ccccc3F)CC2)C1,5.0,train,O=C(CNC(=O)c1ccccc1)N[C@@H]1CCN(CCN2CCN(C(=O)c3ccccc3)CC2)C1,ChEMBL
chembl-pic50-20260527T153246Z,CHEMBL224,5HT2A,CHEMBL11,CN(C)CCCN1c2ccccc2CCc2ccccc21,6.657577319177793,train,c1ccc2c(c1)CCc1ccccc1N2,ChEMBL
chembl-pic50-20260527T153246Z,CHEMBL224,5HT2A,CHEMBL1108,O=C(CCCN1CC=C(n2c(=O)[nH]c3ccccc32)CC1)c1ccc(F)cc1,8.587707490676953,train,O=C(CCCN1CC=C(n2c(=O)[nH]c3ccccc32)CC1)c1ccccc1,ChEMBL
chembl-pic50-20260527T153246Z,CHEMBL224,5HT2A,CHEMBL1112,O=C1CCc2ccc(OCCCCN3CCN(c4cccc(Cl)c4Cl)CC3)cc2N1,5.554395796726403,train,O=C1CCc2ccc(OCCCCN3CCN(c4ccccc4)CC3)cc2N1,ChEMBL
chembl-pic50-20260527T153246Z,CHEMBL224,5HT2A,CHEMBL1113,Clc1ccc2c(c1)C(N1CCNCC1)=Nc1ccccc1O2,8.80910828307783,train,c1ccc2c(c1)N=C(N1CCNCC1)c1ccccc1O2,ChEMBL
chembl-pic50-20260527T153246Z,CHEMBL224,5HT2A,CHEMBL1123,CCN(CC)CCOC(=O)C1(C2CCCCC2)CCCCC1,6.619788758288394,train,C1CCC(C2CCCCC2)CC1,ChEMBL
chembl-pic50-20260527T153246Z,CHEMBL224,5HT2A,CHEMBL11262,CCCN(CCC)CC1COc2cccc(OC)c2C1,4.800000052738446,train,c1ccc2c(c1)CCCO2,ChEMBL
chembl-pic50-20260527T153246Z,CHEMBL224,5HT2A,CHEMBL113956,CCOc1ccc(CCNC(=O)N2CCN(CCCC(c3ccc(F)cc3)c3ccc(F)cc3)CC2)cc1,6.636388020107856,train,O=C(NCCc1ccccc1)N1CCN(CCCC(c2ccccc2)c2ccccc2)CC1,ChEMBL
chembl-pic50-20260527T153246Z,CHEMBL224,5HT2A,CHEMBL11425,O=C1CC2(CCCC2)CC(=O)N1CCCCNCC1COc2ccccc2C1,7.250031916490597,train,O=C1CC2(CCCC2)CC(=O)N1CCCCNCC1COc2ccccc2C1,ChEMBL
chembl-pic50-20260527T153246Z,CHEMBL224,5HT2A,CHEMBL115249,CCOc1ccc(CCOC(=O)N2CCN(CCCc3ccccc3)CC2)cc1,6.008773924307505,train,O=C(OCCc1ccccc1)N1CCN(CCCc2ccccc2)CC1,ChEMBL
chembl-pic50-20260527T153246Z,CHEMBL224,5HT2A,CHEMBL116463,N#Cc1ccc(CCOC(=O)NC2CCN(CCCC(c3ccc(F)cc3)c3ccc(F)cc3)CC2)cc1,6.165579296318468,train,O=C(NC1CCN(CCCC(c2ccccc2)c2ccccc2)CC1)OCCc1ccccc1,ChEMBL
chembl-pic50-20260527T153246Z,CHEMBL224,5HT2A,CHEMBL116735,O=C(CCc1ccc(F)cc1)N1CCN(CCCC(c2ccc(F)cc2)c2ccc(F)cc2)CC1,5.987162775294828,train,O=C(CCc1ccccc1)N1CCN(CCCC(c2ccccc2)c2ccccc2)CC1,ChEMBL
chembl-pic50-20260527T153246Z,CHEMBL224,5HT2A,CHEMBL1172,Clc1ccc2c(c1)CCc1cccnc1C2=C1CCNCC1,7.481486060122112,train,c1ccc2c(c1)CCc1cccnc1C2=C1CCNCC1,ChEMBL
chembl-pic50-20260527T153246Z,CHEMBL224,5HT2A,CHEMBL117537,O=C(CCCc1ccccc1)N1CCN(CCCC(c2ccc(F)cc2)c2ccc(F)cc2)CC1,6.022276394711152,train,O=C(CCCc1ccccc1)N1CCN(CCCC(c2ccccc2)c2ccccc2)CC1,ChEMBL
chembl-pic50-20260527T153246Z,CHEMBL224,5HT2A,CHEMBL119443,C[C@@H](CO)NC(=O)[C@@H]1C=C2c3cccc4[nH]cc(c34)C[C@H]2N(C)C1,8.656591406196142,train,C1=C2c3cccc4[nH]cc(c34)C[C@H]2NCC1,ChEMBL
chembl-pic50-20260527T153246Z,CHEMBL224,5HT2A,CHEMBL1200406,CN(C)CCOC(c1ccccc1)c1ccccc1.Cn1c(=O)c2[nH]c(Cl)nc2n(C)c1=O,6.159266765388193,train,O=c1[nH]c(=O)c2[nH]cnc2[nH]1.c1ccc(Cc2ccccc2)cc1,ChEMBL
chembl-pic50-20260527T153246Z,CHEMBL224,5HT2A,CHEMBL1201203,CN1[C@@H]2CC[C@H]1C[C@@H](OC(c1ccccc1)c1ccccc1)C2,7.619788758288394,train,c1ccc(C(O[C@H]2C[C@H]3CC[C@@H](C2)N3)c2ccccc2)cc1,ChEMBL
chembl-pic50-20260527T153246Z,CHEMBL224,5HT2A,CHEMBL1201216,Cc1ccccc1N1CCN(CCc2nnc3n2CCCC3)CC1,6.217527375833714,train,c1ccc(N2CCN(CCc3nnc4n3CCCC4)CC2)cc1,ChEMBL
chembl-pic50-20260527T153246Z,CHEMBL224,5HT2A,CHEMBL1201353,CN(C)CC[C@@H](c1ccc(Cl)cc1)c1ccccn1,5.432738307646125,train,c1ccc(Cc2ccccn2)cc1,ChEMBL
chembl-pic50-20260527T153246Z,CHEMBL224,5HT2A,CHEMBL1201356,CC[C@@H](CO)NC(=O)[C@@H]1C=C2c3cccc4[nH]cc(c34)C[C@H]2N(C)C1,8.593971055036384,train,C1=C2c3cccc4[nH]cc(c34)C[C@H]2NCC1,ChEMBL
chembl-pic50-20260527T153246Z,CHEMBL224,5HT2A,CHEMBL1210154,C/C(=N\OC(=O)Nc1ccccc1)c1cccc(-c2cccs2)c1,5.0,train,O=C(Nc1ccccc1)ON=Cc1cccc(-c2cccs2)c1,ChEMBL
chembl-pic50-20260527T153246Z,CHEMBL224,5HT2A,CHEMBL1212957,Cc1c(C(=O)NCCCN2CCN(c3cccc(Cl)c3Cl)CC2)cc(-c2cccnc2)n1C,6.679853713888946,train,O=C(NCCCN1CCN(c2ccccc2)CC1)c1c[nH]c(-c2cccnc2)c1,ChEMBL
chembl-pic50-20260527T153246Z,CHEMBL224,5HT2A,CHEMBL1213673,Cc1[nH]c(C(C)(C)C)cc1C(=O)NCCCN1CCN(c2cccc(Cl)c2Cl)CC1.Cl,6.97061622231479,train,O=C(NCCCN1CCN(c2ccccc2)CC1)c1cc[nH]c1,ChEMBL
chembl-pic50-20260527T153246Z,CHEMBL224,5HT2A,CHEMBL1213674,Cc1c(C(=O)NCCCN2CCN(c3cccc(Cl)c3Cl)CC2)cc(C(C)(C)C)n1C,6.787812395596042,train,O=C(NCCCN1CCN(c2ccccc2)CC1)c1cc[nH]c1,ChEMBL
chembl-pic50-20260527T153246Z,CHEMBL224,5HT2A,CHEMBL1213675,Cc1c(Cl)cccc1N1CCN(CCNC(=O)c2cc(-c3ccccc3)n(C)c2C)CC1,6.818156412055227,train,O=C(NCCN1CCN(c2ccccc2)CC1)c1c[nH]c(-c2ccccc2)c1,ChEMBL
chembl-pic50-20260527T153246Z,CHEMBL224,5HT2A,CHEMBL1213856,Cc1c(C(=O)NCCCN2CCN(c3ccc(Cl)cc3Cl)CC2)cc(-c2ccccc2)n1C,6.671620396561262,train,O=C(NCCCN1CCN(c2ccccc2)CC1)c1c[nH]c(-c2ccccc2)c1,ChEMBL
chembl-pic50-20260527T153246Z,CHEMBL224,5HT2A,CHEMBL1213931,Cc1c(C(=O)NCCCN2CCN(c3ccccc3Br)CC2)cc(-c2ccccc2)n1C,6.655607726314889,train,O=C(NCCCN1CCN(c2ccccc2)CC1)c1c[nH]c(-c2ccccc2)c1,ChEMBL
chembl-pic50-20260527T153246Z,CHEMBL224,5HT2A,CHEMBL1213932,COc1cccc(N2CCN(CCCNC(=O)c3cc(-c4ccccc4)n(C)c3C)CC2)c1OC,6.176525770829699,train,O=C(NCCCN1CCN(c2ccccc2)CC1)c1c[nH]c(-c2ccccc2)c1,ChEMBL
chembl-pic50-20260527T153246Z,CHEMBL224,5HT2A,CHEMBL1213933,Cc1c(C(=O)NCCCN2CCN(c3ccc(F)cc3)CC2)cc(-c2ccccc2)n1C,7.657577319177793,train,O=C(NCCCN1CCN(c2ccccc2)CC1)c1c[nH]c(-c2ccccc2)c1,ChEMBL
chembl-pic50-20260527T153246Z,CHEMBL224,5HT2A,CHEMBL1213934,Cc1c(C(=O)NCCCN2CCN(c3cccc4cccnc34)CC2)cc(-c2ccccc2)n1C,6.453457336521869,train,O=C(NCCCN1CCN(c2cccc3cccnc23)CC1)c1c[nH]c(-c2ccccc2)c1,ChEMBL
chembl-pic50-20260527T153246Z,CHEMBL224,5HT2A,CHEMBL1213985,Cc1ccc2cccc(N3CCN(CCCNC(=O)c4cc(-c5ccccc5)n(C)c4C)CC3)c2n1,6.079876673709276,train,O=C(NCCCN1CCN(c2cccc3cccnc23)CC1)c1c[nH]c(-c2ccccc2)c1,ChEMBL
chembl-pic50-20260527T153246Z,CHEMBL224,5HT2A,CHEMBL1214045,CCCn1c(-c2ccccc2)cc(C(=O)NCCCN2CCN(c3ccc(Cl)c(Cl)c3)CC2)c1C.Cl,7.267606240177032,train,O=C(NCCCN1CCN(c2ccccc2)CC1)c1c[nH]c(-c2ccccc2)c1,ChEMBL
chembl-pic50-20260527T153246Z,CHEMBL224,5HT2A,CHEMBL1214046,CCCn1c(-c2ccccc2)cc(C(=O)NCCCN2CCN(c3cccc(Br)c3)CC2)c1C,6.655607726314889,train,O=C(NCCCN1CCN(c2ccccc2)CC1)c1c[nH]c(-c2ccccc2)c1,ChEMBL
chembl-pic50-20260527T153246Z,CHEMBL224,5HT2A,CHEMBL1214047,CCCn1c(-c2ccccc2)cc(C(=O)NCCCN2CCN(c3ccccc3OC)CC2)c1C,6.020907099361674,train,O=C(NCCCN1CCN(c2ccccc2)CC1)c1c[nH]c(-c2ccccc2)c1,ChEMBL
chembl-pic50-20260527T153246Z,CHEMBL224,5HT2A,CHEMBL1214113,CCCn1c(-c2ccccc2)cc(C(=O)NCCCN2CCN(c3cccc(OC)c3)CC2)c1C,6.815308569182402,train,O=C(NCCCN1CCN(c2ccccc2)CC1)c1c[nH]c(-c2ccccc2)c1,ChEMBL
chembl-pic50-20260527T153246Z,CHEMBL224,5HT2A,CHEMBL1214114,CCCn1c(-c2ccccc2)cc(C(=O)NCCCN2CCN(c3cccc(OC)c3OC)CC2)c1C,6.058488567365597,train,O=C(NCCCN1CCN(c2ccccc2)CC1)c1c[nH]c(-c2ccccc2)c1,ChEMBL
chembl-pic50-20260527T153246Z,CHEMBL224,5HT2A,CHEMBL1214115,CCCn1c(-c2ccccc2)cc(C(=O)NCCCN2CCN(c3cc(F)ccc3F)CC2)c1C,6.8696662315049934,train,O=C(NCCCN1CCN(c2ccccc2)CC1)c1c[nH]c(-c2ccccc2)c1,ChEMBL
chembl-pic50-20260527T153246Z,CHEMBL224,5HT2A,CHEMBL1214116,CCCn1c(-c2ccccc2)cc(C(=O)NCCCN2CCN(c3cccc(C(F)(F)F)c3)CC2)c1C.Cl,6.3872161432802645,train,O=C(NCCCN1CCN(c2ccccc2)CC1)c1c[nH]c(-c2ccccc2)c1,ChEMBL
chembl-pic50-20260527T153246Z,CHEMBL224,5HT2A,CHEMBL1214175,CCCn1c(-c2ccccc2)cc(C(=O)NCCCN2CCN(c3cccc4cccnc34)CC2)c1C,6.6777807052660805,train,O=C(NCCCN1CCN(c2cccc3cccnc23)CC1)c1c[nH]c(-c2ccccc2)c1,ChEMBL
chembl-pic50-20260527T153246Z,CHEMBL224,5HT2A,CHEMBL1214176,CCCn1c(-c2ccccc2)cc(C(=O)N(C)CCCN2CCN(c3cccc(C)c3C)CC2)c1C,7.769551078621726,train,O=C(NCCCN1CCN(c2ccccc2)CC1)c1c[nH]c(-c2ccccc2)c1,ChEMBL
chembl-pic50-20260527T153246Z,CHEMBL224,5HT2A,CHEMBL1214177,Cc1c(C(=O)N(C)CCCN2CCN(c3cccc(Cl)c3Cl)CC2)cc(-c2ccccc2)n1C,7.4089353929735005,train,O=C(NCCCN1CCN(c2ccccc2)CC1)c1c[nH]c(-c2ccccc2)c1,ChEMBL
chembl-pic50-20260527T153246Z,CHEMBL224,5HT2A,CHEMBL1214178,CCCn1c(-c2ccccc2)cc(C(=O)N(C)CCCN2CCN(c3cccc(Cl)c3Cl)CC2)c1C.Cl,7.481486060122112,train,O=C(NCCCN1CCN(c2ccccc2)CC1)c1c[nH]c(-c2ccccc2)c1,ChEMBL
chembl-pic50-20260527T153246Z,CHEMBL224,5HT2A,CHEMBL1214302,Cc1[nH]c(-c2ccccc2)c(C)c1C(=O)NCCN1CCN(c2cccc(Cl)c2Cl)CC1.Cl,7.431798275933005,train,O=C(NCCN1CCN(c2ccccc2)CC1)c1c[nH]c(-c2ccccc2)c1,ChEMBL
chembl-pic50-20260527T153246Z,CHEMBL224,5HT2A,CHEMBL1214303,Cc1c(C(=O)NCCN2CCN(c3cccc(Cl)c3Cl)CC2)c(C)n(C)c1-c1ccccc1.Cl,7.481486060122112,train,O=C(NCCN1CCN(c2ccccc2)CC1)c1c[nH]c(-c2ccccc2)c1,ChEMBL
chembl-pic50-20260527T153246Z,CHEMBL224,5HT2A,CHEMBL1214304,CCCn1c(C)c(C(=O)NCCN2CCN(c3cccc(Cl)c3Cl)CC2)c(C)c1-c1ccccc1.Cl,7.6020599913279625,train,O=C(NCCN1CCN(c2ccccc2)CC1)c1c[nH]c(-c2ccccc2)c1,ChEMBL
chembl-pic50-20260527T153246Z,CHEMBL224,5HT2A,CHEMBL1214305,Cc1[nH]c(-c2ccccc2)c(C)c1C(=O)NCCCN1CCN(c2cccc(Cl)c2Cl)CC1.Cl,7.4089353929735005,train,O=C(NCCCN1CCN(c2ccccc2)CC1)c1c[nH]c(-c2ccccc2)c1,ChEMBL
chembl-pic50-20260527T153246Z,CHEMBL224,5HT2A,CHEMBL1214366,Cc1cccc(N2CCN(CCCNC(=O)c3cc(-c4ccc(Cl)cc4)[nH]c3C)CC2)c1C.Cl,7.036212172654444,train,O=C(NCCCN1CCN(c2ccccc2)CC1)c1c[nH]c(-c2ccccc2)c1,ChEMBL
chembl-pic50-20260527T153246Z,CHEMBL224,5HT2A,CHEMBL1214367,Cc1cccc(N2CCN(CCCNC(=O)c3cc(-c4ccc(Cl)cc4)n(C)c3C)CC2)c1C.Cl,6.671620396561262,train,O=C(NCCCN1CCN(c2ccccc2)CC1)c1c[nH]c(-c2ccccc2)c1,ChEMBL
chembl-pic50-20260527T153246Z,CHEMBL224,5HT2A,CHEMBL1214425,CCn1c(-c2ccc(Cl)cc2)cc(C(=O)NCCCN2CCN(c3cccc(C)c3C)CC2)c1C.Cl,6.82102305270683,train,O=C(NCCCN1CCN(c2ccccc2)CC1)c1c[nH]c(-c2ccccc2)c1,ChEMBL
chembl-pic50-20260527T153246Z,CHEMBL224,5HT2A,CHEMBL1214426,CCCn1c(-c2ccc(Cl)cc2)cc(C(=O)NCCCN2CCN(c3cccc(C)c3C)CC2)c1C.Cl,6.716698771296451,train,O=C(NCCCN1CCN(c2ccccc2)CC1)c1c[nH]c(-c2ccccc2)c1,ChEMBL
chembl-pic50-20260527T153246Z,CHEMBL224,5HT2A,CHEMBL1214427,Cc1[nH]c(-c2ccc(Cl)cc2)cc1C(=O)NCCCN1CCN(c2cccc(Cl)c2Cl)CC1.Cl,6.978810700930062,train,O=C(NCCCN1CCN(c2ccccc2)CC1)c1c[nH]c(-c2ccccc2)c1,ChEMBL
chembl-pic50-20260527T153246Z,CHEMBL224,5HT2A,CHEMBL1214428,Cc1c(C(=O)NCCCN2CCN(c3cccc(Cl)c3Cl)CC2)cc(-c2ccc(Cl)cc2)n1C,6.634512015109101,train,O=C(NCCCN1CCN(c2ccccc2)CC1)c1c[nH]c(-c2ccccc2)c1,ChEMBL
chembl-pic50-20260527T153246Z,CHEMBL224,5HT2A,CHEMBL1214488,CCn1c(-c2ccc(Cl)cc2)cc(C(=O)NCCCN2CCN(c3cccc(Cl)c3Cl)CC2)c1C.Cl,6.815308569182402,train,O=C(NCCCN1CCN(c2ccccc2)CC1)c1c[nH]c(-c2ccccc2)c1,ChEMBL
chembl-pic50-20260527T153246Z,CHEMBL224,5HT2A,CHEMBL1214489,CCCn1c(-c2ccc(Cl)cc2)cc(C(=O)NCCCN2CCN(c3cccc(Cl)c3Cl)CC2)c1C.Cl,6.47755576649368,train,O=C(NCCCN1CCN(c2ccccc2)CC1)c1c[nH]c(-c2ccccc2)c1,ChEMBL
chembl-pic50-20260527T153246Z,CHEMBL224,5HT2A,CHEMBL1214546,CCCn1c(-c2cccnc2)cc(C(=O)NCCCN2CCN(c3cccc(Cl)c3Cl)CC2)c1C,7.337242168318426,train,O=C(NCCCN1CCN(c2ccccc2)CC1)c1c[nH]c(-c2cccnc2)c1,ChEMBL
chembl-pic50-20260527T153246Z,CHEMBL224,5HT2A,CHEMBL1214547,Cc1c(C(=O)NCCCN2CCN(c3cccc(Cl)c3Cl)CC2)cc(-c2ccncc2)n1C,7.4089353929735005,train,O=C(NCCCN1CCN(c2ccccc2)CC1)c1c[nH]c(-c2ccncc2)c1,ChEMBL
chembl-pic50-20260527T153246Z,CHEMBL224,5HT2A,CHEMBL1214594,CCCn1c(-c2ccncc2)cc(C(=O)NCCCN2CCN(c3cccc(Cl)c3Cl)CC2)c1C,7.468521082957745,train,O=C(NCCCN1CCN(c2ccccc2)CC1)c1c[nH]c(-c2ccncc2)c1,ChEMBL
chembl-pic50-20260527T153246Z,CHEMBL224,5HT2A,CHEMBL1214596,Cc1cccc(N2CCN(CCCNC(=O)c3cc(C(C)(C)C)n(C)c3C)CC2)c1C,6.413412695328245,train,O=C(NCCCN1CCN(c2ccccc2)CC1)c1cc[nH]c1,ChEMBL
chembl-pic50-20260527T153246Z,CHEMBL224,5HT2A,CHEMBL1214879,Cc1[nH]nc(C(=O)N2CCN(CC(=O)c3ccc(F)cc3)CC2)c1Br,8.337242168318426,train,O=C(CN1CCN(C(=O)c2cc[nH]n2)CC1)c1ccccc1,ChEMBL
chembl-pic50-20260527T153246Z,CHEMBL224,5HT2A,CHEMBL1221,Clc1ccc(CSC(Cn2ccnc2)c2ccc(Cl)cc2Cl)cc1,5.405717971188194,train,c1ccc(CSC(Cn2ccnc2)c2ccccc2)cc1,ChEMBL
chembl-pic50-20260527T153246Z,CHEMBL224,5HT2A,CHEMBL1221452,CN1CCN(c2cccc(N(Cc3ccccc3)S(=O)(=O)c3ccc4ccccc4c3)c2)CC1,7.301029995663981,train,O=S(=O)(c1ccc2ccccc2c1)N(Cc1ccccc1)c1cccc(N2CCNCC2)c1,ChEMBL
chembl-pic50-20260527T153246Z,CHEMBL224,5HT2A,CHEMBL1221497,CN1CCN(c2cccc(NS(=O)(=O)c3ccc4ccccc4c3)c2)CC1,5.791558643561433,train,O=S(=O)(Nc1cccc(N2CCNCC2)c1)c1ccc2ccccc2c1,ChEMBL
chembl-pic50-20260527T153246Z,CHEMBL224,5HT2A,CHEMBL1222134,CC(C)N(c1cccc(N2CCN(C)CC2)c1)S(=O)(=O)c1ccc2ccccc2c1,6.928117992693875,train,O=S(=O)(Nc1cccc(N2CCNCC2)c1)c1ccc2ccccc2c1,ChEMBL
chembl-pic50-20260527T153246Z,CHEMBL224,5HT2A,CHEMBL1222234,CC(C)N(c1cccc(N2CCN(C)CC2)c1)S(=O)(=O)c1cccc2ccccc12,6.913640169325252,train,O=S(=O)(Nc1cccc(N2CCNCC2)c1)c1cccc2ccccc12,ChEMBL
chembl-pic50-20260527T153246Z,CHEMBL224,5HT2A,CHEMBL1222362,CN1CCN(c2cccc(N(C)S(=O)(=O)c3ccc4ccccc4c3)c2)CC1,5.846795099915716,train,O=S(=O)(Nc1cccc(N2CCNCC2)c1)c1ccc2ccccc2c1,ChEMBL
chembl-pic50-20260527T153246Z,CHEMBL224,5HT2A,CHEMBL1222363,CCCN(c1cccc(N2CCN(C)CC2)c1)S(=O)(=O)c1ccc2ccccc2c1,6.410050398674292,train,O=S(=O)(Nc1cccc(N2CCNCC2)c1)c1ccc2ccccc2c1,ChEMBL
chembl-pic50-20260527T153246Z,CHEMBL224,5HT2A,CHEMBL1222364,CCN(c1cccc(N2CCN(C)CC2)c1)S(=O)(=O)c1ccc2ccccc2c1,6.661543506395395,train,O=S(=O)(Nc1cccc(N2CCNCC2)c1)c1ccc2ccccc2c1,ChEMBL
chembl-pic50-20260527T153246Z,CHEMBL224,5HT2A,CHEMBL1232461,CCNC(=O)C[C@@H]1N=C(c2ccc(Cl)cc2)c2cc(OC)ccc2-n2c(C)nnc21,4.3979400086720375,train,c1ccc(C2=NCc3nncn3-c3ccccc32)cc1,ChEMBL
chembl-pic50-20260527T153246Z,CHEMBL224,5HT2A,CHEMBL1256737,CS(=O)(=O)O.CSc1ccc2c(c1)C(N1CCN(C)CC1)Cc1ccccc1S2,7.251811972993799,train,c1ccc2c(c1)CC(N1CCNCC1)c1ccccc1S2,ChEMBL
chembl-pic50-20260527T153246Z,CHEMBL224,5HT2A,CHEMBL1271698,Cc1cc(C(=O)NCCCN2CCN(c3cccc(Cl)c3Cl)CC2)nc(C)n1.Cl,6.779891911959945,train,O=C(NCCCN1CCN(c2ccccc2)CC1)c1ccncn1,ChEMBL
chembl-pic50-20260527T153246Z,CHEMBL224,5HT2A,CHEMBL1271756,Cc1nc(C(=O)NCCCN2CCN(c3cccc(Cl)c3Cl)CC2)cc(C(C)C)n1.Cl,6.94692155651658,train,O=C(NCCCN1CCN(c2ccccc2)CC1)c1ccncn1,ChEMBL
chembl-pic50-20260527T153246Z,CHEMBL224,5HT2A,CHEMBL1271815,Cc1nc(C(=O)NCCCN2CCN(c3cccc(C)c3C)CC2)cc(C(C)C)n1.Cl,6.309803919971486,train,O=C(NCCCN1CCN(c2ccccc2)CC1)c1ccncn1,ChEMBL
chembl-pic50-20260527T153246Z,CHEMBL224,5HT2A,CHEMBL1271816,Cc1nc(C(=O)NCCCN2CCN(c3cccc(C)c3C)CC2)cc(C(C)(C)C)n1.Cl,6.33913452199613,train,O=C(NCCCN1CCN(c2ccccc2)CC1)c1ccncn1,ChEMBL
chembl-pic50-20260527T153246Z,CHEMBL224,5HT2A,CHEMBL1271873,Cc1cc(C(=O)NCCCN2CCN(c3cccc(C)c3C)CC2)nc(C(C)(C)C)n1.Cl,6.562249437179612,train,O=C(NCCCN1CCN(c2ccccc2)CC1)c1ccncn1,ChEMBL
chembl-pic50-20260527T153246Z,CHEMBL224,5HT2A,CHEMBL1271874,Cc1cc(C(=O)NCCN2CCN(c3cccc(C)c3C)CC2)nc(C(C)(C)C)n1.Cl,7.161150909262744,train,O=C(NCCN1CCN(c2ccccc2)CC1)c1ccncn1,ChEMBL
chembl-pic50-20260527T153246Z,CHEMBL224,5HT2A,CHEMBL1271929,CSc1nc(C)cc(C(=O)NCCCN2CCN(c3cccc(C)c3C)CC2)n1.Cl,7.267606240177032,train,O=C(NCCCN1CCN(c2ccccc2)CC1)c1ccncn1,ChEMBL
chembl-pic50-20260527T153246Z,CHEMBL224,5HT2A,CHEMBL1271930,CSc1nc(C)cc(C(=O)NCCN2CCN(c3cccc(C)c3C)CC2)n1.Cl,7.327902142064283,train,O=C(NCCN1CCN(c2ccccc2)CC1)c1ccncn1,ChEMBL
chembl-pic50-20260527T153246Z,CHEMBL224,5HT2A,CHEMBL1271984,CSc1nc(C)cc(C(=O)NCCN2CCN(c3cccc(Cl)c3Cl)CC2)n1.Cl,7.259637310505756,train,O=C(NCCN1CCN(c2ccccc2)CC1)c1ccncn1,ChEMBL
chembl-pic50-20260527T153246Z,CHEMBL224,5HT2A,CHEMBL1271985,Cc1cc(C(=O)NCCCN2CCN(c3cccc(C)c3C)CC2)nc(C2CC2)n1.Cl,6.59176003468815,train,O=C(NCCCN1CCN(c2ccccc2)CC1)c1ccnc(C2CC2)n1,ChEMBL
chembl-pic50-20260527T153246Z,CHEMBL224,5HT2A,CHEMBL1272040,COc1c(C)nc(C)nc1C(=O)NCCCN1CCN(c2cccc(C)c2C)CC1.Cl,6.128427064454121,train,O=C(NCCCN1CCN(c2ccccc2)CC1)c1ccncn1,ChEMBL
chembl-pic50-20260527T153246Z,CHEMBL224,5HT2A,CHEMBL1272041,COc1c(C)nc(C)nc1C(=O)NCCN1CCN(c2cccc(C)c2C)CC1.Cl,6.0746879085003505,train,O=C(NCCN1CCN(c2ccccc2)CC1)c1ccncn1,ChEMBL
chembl-pic50-20260527T153246Z,CHEMBL224,5HT2A,CHEMBL1272092,COc1c(C)nc(C)nc1C(=O)NCCN1CCN(c2cccc(Cl)c2Cl)CC1.Cl,6.580044251510242,train,O=C(NCCN1CCN(c2ccccc2)CC1)c1ccncn1,ChEMBL
chembl-pic50-20260527T153246Z,CHEMBL224,5HT2A,CHEMBL1275709,CN(C)[C@@H]1CC[C@H](c2c[nH]c3ccc(C#N)cc23)C1,6.075720713938118,train,c1ccc2c(C3CCCC3)c[nH]c2c1,ChEMBL
chembl-pic50-20260527T153246Z,CHEMBL224,5HT2A,CHEMBL1275791,CN(C)[C@H]1CC[C@@H](c2c[nH]c3ccc(F)cc23)C1,4.552841968657781,train,c1ccc2c(C3CCCC3)c[nH]c2c1,ChEMBL
chembl-pic50-20260527T153246Z,CHEMBL224,5HT2A,CHEMBL138458,COC1Cc2ccccc2C2(CCN(CCCc3ccccc3)CC2)O1,6.337242168318426,train,c1ccc(CCCN2CCC3(CC2)OCCc2ccccc23)cc1,ChEMBL
chembl-pic50-20260527T153246Z,CHEMBL224,5HT2A,CHEMBL138809,COC1OC2(CCN(Cc3ccccc3)CC2)c2ccccc21,5.0,train,c1ccc(CN2CCC3(CC2)OCc2ccccc23)cc1,ChEMBL
chembl-pic50-20260527T153246Z,CHEMBL224,5HT2A,CHEMBL1411979,CN(C)CCN(Cc1cccs1)c1ccccn1,6.2020403562628035,train,c1ccc(NCc2cccs2)nc1,ChEMBL
chembl-pic50-20260527T153246Z,CHEMBL224,5HT2A,CHEMBL1471412,CN1CCC(N(C)S(=O)(=O)c2ccc(Cl)cc2)CC1,6.270025714300444,train,O=S(=O)(NC1CCNCC1)c1ccccc1,ChEMBL
chembl-pic50-20260527T153246Z,CHEMBL224,5HT2A,CHEMBL1509570,COc1ccc(S(=O)(=O)N(C)C2CCN(C)CC2)cc1,6.080398976215889,train,O=S(=O)(NC1CCNCC1)c1ccccc1,ChEMBL
chembl-pic50-20260527T153246Z,CHEMBL224,5HT2A,CHEMBL1550957,Cc1[nH]c2ccccc2c1C1=CCNCC1,5.823908740944319,train,C1=C(c2c[nH]c3ccccc23)CCNC1,ChEMBL
chembl-pic50-20260527T153246Z,CHEMBL224,5HT2A,CHEMBL157138,CCN(CC)C(=O)N[C@H]1C=C2c3cccc4[nH]cc(c34)C[C@H]2N(C)C1,8.517126416391246,train,C1=C2c3cccc4[nH]cc(c34)C[C@H]2NCC1,ChEMBL
chembl-pic50-20260527T153246Z,CHEMBL224,5HT2A,CHEMBL1617116,CN1CCC(N(C)S(=O)(=O)c2ccc(C(C)(C)C)cc2)CC1,6.284832642151542,train,O=S(=O)(NC1CCNCC1)c1ccccc1,ChEMBL
chembl-pic50-20260527T153246Z,CHEMBL224,5HT2A,CHEMBL161780,CNS(=O)(=O)Cc1ccc2[nH]cc(CCN3CC[C@@H](CNCc4ccccc4)C3)c2c1,5.236572006437063,train,c1ccc(CNC[C@@H]2CCN(CCc3c[nH]c4ccccc34)C2)cc1,ChEMBL
chembl-pic50-20260527T153246Z,CHEMBL224,5HT2A,CHEMBL1621,Cc1nc2n(c(=O)c1CCN1CCC(c3noc4cc(F)ccc34)CC1)CCCC2O,8.2839966563652,train,O=c1c(CCN2CCC(c3noc4ccccc34)CC2)cnc2n1CCCC2,ChEMBL
chembl-pic50-20260527T153246Z,CHEMBL224,5HT2A,CHEMBL1628227,CN(C)CCC=C1c2ccccc2COc2ccccc21,7.42021640338319,train,C=C1c2ccccc2COc2ccccc21,ChEMBL
chembl-pic50-20260527T153246Z,CHEMBL224,5HT2A,CHEMBL1642116,CN1CCN(c2ccc3c(c2)N(S(=O)(=O)c2ccc4ccccc4c2)CCC3=O)CC1,6.436518914605589,train,O=C1CCN(S(=O)(=O)c2ccc3ccccc3c2)c2cc(N3CCNCC3)ccc21,ChEMBL
chembl-pic50-20260527T153246Z,CHEMBL224,5HT2A,CHEMBL1642117,CN1CCN(c2cccc3c2C(=O)CCN3S(=O)(=O)c2ccc3ccccc3c2)CC1,6.119186407719209,train,O=C1CCN(S(=O)(=O)c2ccc3ccccc3c2)c2cccc(N3CCNCC3)c21,ChEMBL
chembl-pic50-20260527T153246Z,CHEMBL224,5HT2A,CHEMBL1642118,CC1CC(=O)c2ccc(N3CCN(C)CC3)cc2N1S(=O)(=O)c1ccc2ccccc2c1,5.835052627378158,train,O=C1CCN(S(=O)(=O)c2ccc3ccccc3c2)c2cc(N3CCNCC3)ccc21,ChEMBL
chembl-pic50-20260527T153246Z,CHEMBL224,5HT2A,CHEMBL1642123,CC1CC(=O)c2c(N3CCN(C)CC3)cccc2N1S(=O)(=O)c1ccc2ccccc2c1,7.318758762624412,train,O=C1CCN(S(=O)(=O)c2ccc3ccccc3c2)c2cccc(N3CCNCC3)c21,ChEMBL
chembl-pic50-20260527T153246Z,CHEMBL224,5HT2A,CHEMBL1642126,CCC1CC(=O)c2c(N3CCN(C)CC3)cccc2N1S(=O)(=O)c1ccc2ccccc2c1,6.341988603342887,train,O=C1CCN(S(=O)(=O)c2ccc3ccccc3c2)c2cccc(N3CCNCC3)c21,ChEMBL
chembl-pic50-20260527T153246Z,CHEMBL224,5HT2A,CHEMBL1642128,Cc1cc(N2CCN(C)CC2)c2c(c1)N(S(=O)(=O)c1ccc3ccccc3c1)C(C)CC2=O,6.152427340857888,train,O=C1CCN(S(=O)(=O)c2ccc3ccccc3c2)c2cccc(N3CCNCC3)c21,ChEMBL
chembl-pic50-20260527T153246Z,CHEMBL224,5HT2A,CHEMBL17157,CC(C)(C)c1ccc(C(O)CCCN2CCC(C(O)(c3ccccc3)c3ccccc3)CC2)cc1,6.5934598195660445,train,c1ccc(CCCCN2CCC(C(c3ccccc3)c3ccccc3)CC2)cc1,ChEMBL
chembl-pic50-20260527T153246Z,CHEMBL224,5HT2A,CHEMBL179234,O=C(c1ccc2nc(N3CCN(C4CC4)CC3)ccc2c1)C1CC1,5.0,train,O=C(c1ccc2nc(N3CCN(C4CC4)CC3)ccc2c1)C1CC1,ChEMBL
chembl-pic50-20260527T153246Z,CHEMBL224,5HT2A,CHEMBL179578,c1ccc2nc(N3CCN(C4CC4)CC3)ccc2c1,5.0,train,c1ccc2nc(N3CCN(C4CC4)CC3)ccc2c1,ChEMBL
chembl-pic50-20260527T153246Z,CHEMBL224,5HT2A,CHEMBL179993,CCN(C(=O)Cc1ccc(S(=O)(=O)N(C)C)cc1)C1CCN(CCC(c2ccccc2)c2ccccc2)CC1,6.096910013008056,train,O=C(Cc1ccccc1)NC1CCN(CCC(c2ccccc2)c2ccccc2)CC1,ChEMBL
chembl-pic50-20260527T153246Z,CHEMBL224,5HT2A,CHEMBL184717,Cc1cc(N2CCN(C)CC2)nc2ccc(NC(=O)COc3ccc(Cl)cc3)cc12,5.661543506395395,train,O=C(COc1ccccc1)Nc1ccc2nc(N3CCNCC3)ccc2c1,ChEMBL
chembl-pic50-20260527T153246Z,CHEMBL224,5HT2A,CHEMBL1852333,CCCc1nc(C(=O)NCCCN2CCN(c3cccc(C)c3C)CC2)cn1-c1ccccc1,6.876148359032914,train,O=C(NCCCN1CCN(c2ccccc2)CC1)c1cn(-c2ccccc2)cn1,ChEMBL
chembl-pic50-20260527T153246Z,CHEMBL224,5HT2A,CHEMBL1852339,CCc1nc(C(=O)NCCN2CCN(c3cccc(Cl)c3Cl)CC2)c(C)n1-c1ccccc1,7.568636235841013,train,O=C(NCCN1CCN(c2ccccc2)CC1)c1cn(-c2ccccc2)cn1,ChEMBL
chembl-pic50-20260527T153246Z,CHEMBL224,5HT2A,CHEMBL1852341,Cc1nc(C(=O)NCCCN2CCN(c3cccc(Cl)c3Cl)CC2)c(C)n1-c1ccccc1,7.730487055782084,train,O=C(NCCCN1CCN(c2ccccc2)CC1)c1cn(-c2ccccc2)cn1,ChEMBL
chembl-pic50-20260527T153246Z,CHEMBL224,5HT2A,CHEMBL1852345,CCCc1nc(C(=O)NCCCN2CCN(c3cccc(C)c3C)CC2)c(C)n1-c1ccc(OC)cc1,7.149966742310231,train,O=C(NCCCN1CCN(c2ccccc2)CC1)c1cn(-c2ccccc2)cn1,ChEMBL
chembl-pic50-20260527T153246Z,CHEMBL224,5HT2A,CHEMBL1852346,COc1ccccc1-n1c(C)nc(C(=O)NCCCN2CCN(c3cccc(C)c3C)CC2)c1C,6.841637507904751,train,O=C(NCCCN1CCN(c2ccccc2)CC1)c1cn(-c2ccccc2)cn1,ChEMBL
chembl-pic50-20260527T153246Z,CHEMBL224,5HT2A,CHEMBL1852358,Cc1c(Cl)cccc1N1CCN(C[C@@H](O)CNC(=O)c2nc(-c3ccccc3)n(-c3ccc(F)cc3)c2C)CC1,7.696803942579511,train,O=C(NCCCN1CCN(c2ccccc2)CC1)c1cn(-c2ccccc2)c(-c2ccccc2)n1,ChEMBL
chembl-pic50-20260527T153246Z,CHEMBL224,5HT2A,CHEMBL1852359,Cc1cccc(N2CCN(CCCNC(=O)c3nc(C)n(-c4ccccc4Cl)c3C)CC2)c1C,7.096910013008056,train,O=C(NCCCN1CCN(c2ccccc2)CC1)c1cn(-c2ccccc2)cn1,ChEMBL
chembl-pic50-20260527T153246Z,CHEMBL224,5HT2A,CHEMBL1852361,CCCc1nc(C(=O)NCCCN2CCN(c3cccc(C)c3C)CC2)cn1-c1ccc(Cl)cc1,7.489454989793388,train,O=C(NCCCN1CCN(c2ccccc2)CC1)c1cn(-c2ccccc2)cn1,ChEMBL
chembl-pic50-20260527T153246Z,CHEMBL224,5HT2A,CHEMBL1852362,CCCc1nc(C(=O)NCC(O)CN2CCN(c3cccc(C)c3C)CC2)c(C)n1-c1ccc(OC)cc1,6.899629454882437,train,O=C(NCCCN1CCN(c2ccccc2)CC1)c1cn(-c2ccccc2)cn1,ChEMBL
chembl-pic50-20260527T153246Z,CHEMBL224,5HT2A,CHEMBL1852370,Cc1nc(C(=O)NCCCN2CCN(c3cccc(Cl)c3Cl)CC2)c(C)n1-c1ccccc1F,7.774690718274137,train,O=C(NCCCN1CCN(c2ccccc2)CC1)c1cn(-c2ccccc2)cn1,ChEMBL
chembl-pic50-20260527T153246Z,CHEMBL224,5HT2A,CHEMBL1852372,CCCc1nc(C(=O)NCCCN2CCN(c3cccc(Cl)c3Cl)CC2)c(C)n1-c1ccccc1,7.6777807052660805,train,O=C(NCCCN1CCN(c2ccccc2)CC1)c1cn(-c2ccccc2)cn1,ChEMBL
chembl-pic50-20260527T153246Z,CHEMBL224,5HT2A,CHEMBL1852373,COc1ccc(-n2cc(C(=O)NCCCN3CCN(c4cccc(C)c4C)CC3)nc2-c2ccccc2)cc1,7.721246399047171,train,O=C(NCCCN1CCN(c2ccccc2)CC1)c1cn(-c2ccccc2)c(-c2ccccc2)n1,ChEMBL
chembl-pic50-20260527T153246Z,CHEMBL224,5HT2A,CHEMBL1852374,Cc1cccc(N2CCN(C[C@@H](O)CNC(=O)c3nc(C)n(-c4ccccc4)c3C)CC2)c1C,6.189767482004916,train,O=C(NCCCN1CCN(c2ccccc2)CC1)c1cn(-c2ccccc2)cn1,ChEMBL
chembl-pic50-20260527T153246Z,CHEMBL224,5HT2A,CHEMBL1852387,Cc1cccc(N2CCN(CC(O)CNC(=O)c3nc(-c4ccccc4)n(-c4ccccc4)c3C)CC2)c1C,7.23210238398191,train,O=C(NCCCN1CCN(c2ccccc2)CC1)c1cn(-c2ccccc2)c(-c2ccccc2)n1,ChEMBL
chembl-pic50-20260527T153246Z,CHEMBL224,5HT2A,CHEMBL1852418,Cc1c(Cl)cccc1N1CCN(CCCNC(=O)c2nc(C)n(CC(C)C)c2C)CC1,7.341988603342887,train,O=C(NCCCN1CCN(c2ccccc2)CC1)c1c[nH]cn1,ChEMBL
chembl-pic50-20260527T153246Z,CHEMBL224,5HT2A,CHEMBL1852420,CCCn1c(C)nc(C(=O)NCC(O)CN2CCN(c3cccc(C)c3C)CC2)c1C,6.075720713938118,train,O=C(NCCCN1CCN(c2ccccc2)CC1)c1c[nH]cn1,ChEMBL
chembl-pic50-20260527T153246Z,CHEMBL224,5HT2A,CHEMBL1852422,COc1ccccc1-n1c(C)nc(C(=O)NCCCN2CCN(c3cccc(Cl)c3Cl)CC2)c1C,7.987162775294828,train,O=C(NCCCN1CCN(c2ccccc2)CC1)c1cn(-c2ccccc2)cn1,ChEMBL
chembl-pic50-20260527T153246Z,CHEMBL224,5HT2A,CHEMBL1852466,COc1ccccc1-n1c(C)nc(C(=O)NCCCN2CCN(c3cccc(Cl)c3C)CC2)c1C,7.892790030352131,train,O=C(NCCCN1CCN(c2ccccc2)CC1)c1cn(-c2ccccc2)cn1,ChEMBL
chembl-pic50-20260527T153246Z,CHEMBL224,5HT2A,CHEMBL1852472,CCCc1nc(C(=O)NCCN2CCN(c3cccc(Cl)c3Cl)CC2)c(C)n1-c1ccccc1,7.4089353929735005,train,O=C(NCCN1CCN(c2ccccc2)CC1)c1cn(-c2ccccc2)cn1,ChEMBL
chembl-pic50-20260527T153246Z,CHEMBL224,5HT2A,CHEMBL1852485,COc1ccc(-n2c(C)nc(C(=O)NCCCN3CCN(c4cccc(Cl)c4Cl)CC3)c2C)cc1,7.698970004336019,train,O=C(NCCCN1CCN(c2ccccc2)CC1)c1cn(-c2ccccc2)cn1,ChEMBL
chembl-pic50-20260527T153246Z,CHEMBL224,5HT2A,CHEMBL1852501,Cc1cccc(N2CCN(C[C@H](O)CNC(=O)c3nc(C)n(-c4ccccc4)c3C)CC2)c1C,7.139661993429006,train,O=C(NCCCN1CCN(c2ccccc2)CC1)c1cn(-c2ccccc2)cn1,ChEMBL
chembl-pic50-20260527T153246Z,CHEMBL224,5HT2A,CHEMBL1852503,Cc1nc(C(=O)NCCCN2CCN(c3cccc(Cl)c3Cl)CC2)c(C)n1-c1ccc2c(c1)OCCO2,8.063989204284791,train,O=C(NCCCN1CCN(c2ccccc2)CC1)c1cn(-c2ccc3c(c2)OCCO3)cn1,ChEMBL
chembl-pic50-20260527T153246Z,CHEMBL224,5HT2A,CHEMBL1852505,COc1ccc(-n2c(C)nc(C(=O)NCCCN3CCN(c4cccc(Cl)c4C)CC3)c2C)cc1,7.636388020107856,train,O=C(NCCCN1CCN(c2ccccc2)CC1)c1cn(-c2ccccc2)cn1,ChEMBL
chembl-pic50-20260527T153246Z,CHEMBL224,5HT2A,CHEMBL1852507,Cc1cccc(N2CCN(C[C@H](O)CNC(=O)c3nc(C)n(-c4ccccc4F)c3C)CC2)c1C,6.568636235841013,train,O=C(NCCCN1CCN(c2ccccc2)CC1)c1cn(-c2ccccc2)cn1,ChEMBL
chembl-pic50-20260527T153246Z,CHEMBL224,5HT2A,CHEMBL1852513,Cc1cccc(N2CCN(C[C@@H](O)CNC(=O)c3nc(C)n(-c4ccccc4F)c3C)CC2)c1C,6.61261017366127,train,O=C(NCCCN1CCN(c2ccccc2)CC1)c1cn(-c2ccccc2)cn1,ChEMBL
chembl-pic50-20260527T153246Z,CHEMBL224,5HT2A,CHEMBL1852514,Cc1cccc(N2CCN(CC(O)CNC(=O)c3nc(C)n(CC(C)C)c3C)CC2)c1C,5.995248844408999,train,O=C(NCCCN1CCN(c2ccccc2)CC1)c1c[nH]cn1,ChEMBL
chembl-pic50-20260527T153246Z,CHEMBL224,5HT2A,CHEMBL1852516,Cc1nc(C(=O)NCCN2CCN(c3cccc(Cl)c3Cl)CC2)c(C)n1-c1ccccc1,7.508638306165727,train,O=C(NCCN1CCN(c2ccccc2)CC1)c1cn(-c2ccccc2)cn1,ChEMBL
chembl-pic50-20260527T153246Z,CHEMBL224,5HT2A,CHEMBL1852517,CCCc1nc(C(=O)NCCCN2CCN(c3cccc(Cl)c3C)CC2)c(C)n1-c1ccc(OC)cc1,7.818156412055227,train,O=C(NCCCN1CCN(c2ccccc2)CC1)c1cn(-c2ccccc2)cn1,ChEMBL
chembl-pic50-20260527T153246Z,CHEMBL224,5HT2A,CHEMBL1852552,Cc1c(Cl)cccc1N1CCN(CCCNC(=O)c2nc(C)n(-c3ccccc3F)c2C)CC1,7.3979400086720375,train,O=C(NCCCN1CCN(c2ccccc2)CC1)c1cn(-c2ccccc2)cn1,ChEMBL
chembl-pic50-20260527T153246Z,CHEMBL224,5HT2A,CHEMBL1852587,Cc1cccc(N2CCN(CCCNC(=O)c3nc(C)n(CC(C)C)c3C)CC2)c1C,6.663540266151471,train,O=C(NCCCN1CCN(c2ccccc2)CC1)c1c[nH]cn1,ChEMBL
chembl-pic50-20260527T153246Z,CHEMBL224,5HT2A,CHEMBL1852617,Cc1cccc(N2CCN(CCCNC(=O)c3nc(C(C)C)n(-c4ccccc4)c3C)CC2)c1C,6.978810700930062,train,O=C(NCCCN1CCN(c2ccccc2)CC1)c1cn(-c2ccccc2)cn1,ChEMBL
chembl-pic50-20260527T153246Z,CHEMBL224,5HT2A,CHEMBL1852659,CCCc1nc(C(=O)NCCCN2CCN(c3cccc(Cl)c3Cl)CC2)c(C)n1-c1ccc(OC)cc1,8.286509456906057,train,O=C(NCCCN1CCN(c2ccccc2)CC1)c1cn(-c2ccccc2)cn1,ChEMBL
chembl-pic50-20260527T153246Z,CHEMBL224,5HT2A,CHEMBL1852665,COc1ccccc1-n1c(C)nc(C(=O)NCC(O)CN2CCN(c3cccc(Cl)c3Cl)CC2)c1C,7.283162276700476,train,O=C(NCCCN1CCN(c2ccccc2)CC1)c1cn(-c2ccccc2)cn1,ChEMBL
chembl-pic50-20260527T153246Z,CHEMBL224,5HT2A,CHEMBL1852666,Cc1nc(C(=O)NCC(O)CN2CCN(c3cccc(Cl)c3Cl)CC2)c(C)n1-c1ccc2c(c1)OCCO2,8.006123085058789,train,O=C(NCCCN1CCN(c2ccccc2)CC1)c1cn(-c2ccc3c(c2)OCCO3)cn1,ChEMBL
chembl-pic50-20260527T153246Z,CHEMBL224,5HT2A,CHEMBL1852774,CCCc1nc(C(=O)NCC(O)CN2CCN(c3cccc(Cl)c3Cl)CC2)c(C)n1-c1ccc(OC)cc1,7.199970640755866,train,O=C(NCCCN1CCN(c2ccccc2)CC1)c1cn(-c2ccccc2)cn1,ChEMBL
chembl-pic50-20260527T153246Z,CHEMBL224,5HT2A,CHEMBL1852777,Cc1c(C(=O)NCC(O)CN2CCN(c3cccc(Cl)c3Cl)CC2)nc(-c2ccccc2)n1-c1ccccc1,7.619788758288394,train,O=C(NCCCN1CCN(c2ccccc2)CC1)c1cn(-c2ccccc2)c(-c2ccccc2)n1,ChEMBL
chembl-pic50-20260527T153246Z,CHEMBL224,5HT2A,CHEMBL1852779,COc1cc(OC)cc(-n2c(C)nc(C(=O)NCCCN3CCN(c4cccc(C)c4C)CC3)c2C)c1,7.494850021680094,train,O=C(NCCCN1CCN(c2ccccc2)CC1)c1cn(-c2ccccc2)cn1,ChEMBL
chembl-pic50-20260527T153246Z,CHEMBL224,5HT2A,CHEMBL1852811,CCc1nc(C(=O)NCCCN2CCN(c3cccc(Cl)c3Cl)CC2)c(C)n1-c1ccccc1,7.318758762624412,train,O=C(NCCCN1CCN(c2ccccc2)CC1)c1cn(-c2ccccc2)cn1,ChEMBL
chembl-pic50-20260527T153246Z,CHEMBL224,5HT2A,CHEMBL18785,COc1ccc2[nH]cc(C3=CCNCC3)c2c1,6.0,train,C1=C(c2c[nH]c3ccccc23)CCNC1,ChEMBL
chembl-pic50-20260527T153246Z,CHEMBL224,5HT2A,CHEMBL189118,Cc1cc(N(C)CCN(C)C)nc2ccc(NC(=O)/C=C/c3ccc(OC(F)(F)F)cc3)cc12,5.721246399047171,train,O=C(/C=C/c1ccccc1)Nc1ccc2ncccc2c1,ChEMBL
chembl-pic50-20260527T153246Z,CHEMBL224,5HT2A,CHEMBL1909065,CO[C@@H]1[C@@H](OC)[C@H](C)[C@@](O)(CC(=O)O)O[C@H]1[C@H](C)[C@H]1O[C@@]2(CC[C@@](C)([C@H]3CC[C@@](C)([C@@H]4O[C@@H]([C@H]5O[C@](C)(O)[C@H](C)C[C@@H]5C)C[C@@H]4O[C@@H]4C[C@H](OC)[C@@H](OC)[C@H](C)O4)O3)O2)C[C@H](O)[C@H]1C,8.060780364145181,train,C1CC[C@H](C[C@@H]2CCC[C@]3(CCC([C@H]4CCC([C@@H]5O[C@@H]([C@@H]6CCCCO6)C[C@@H]5O[C@@H]5CCCCO5)O4)O3)O2)OC1,ChEMBL
chembl-pic50-20260527T153246Z,CHEMBL224,5HT2A,CHEMBL1909072,NC(=O)C1CCN(CCCN2c3ccccc3Sc3ccc(Cl)cc32)CC1,8.712646227285253,train,c1ccc2c(c1)Sc1ccccc1N2CCCN1CCCCC1,ChEMBL
chembl-pic50-20260527T153246Z,CHEMBL224,5HT2A,CHEMBL19215,CN1C[C@H](CNC(=O)OCc2ccccc2)C[C@@H]2c3cccc4c3c(cn4C)C[C@H]21,9.40340290437354,train,O=C(NC[C@H]1CN[C@@H]2Cc3c[nH]c4cccc(c34)[C@H]2C1)OCc1ccccc1,ChEMBL
chembl-pic50-20260527T153246Z,CHEMBL224,5HT2A,CHEMBL1933396,CN1CCC(N(C)S(=O)(=O)c2ccc(F)cc2)CC1,5.229147988357856,train,O=S(=O)(NC1CCNCC1)c1ccccc1,ChEMBL
chembl-pic50-20260527T153246Z,CHEMBL224,5HT2A,CHEMBL1933397,CN1CCC(N(C)S(=O)(=O)c2ccc(I)cc2)CC1,6.795880017344075,train,O=S(=O)(NC1CCNCC1)c1ccccc1,ChEMBL
chembl-pic50-20260527T153246Z,CHEMBL224,5HT2A,CHEMBL1933398,CN1CCC(N(C)S(=O)(=O)c2ccccc2)CC1,5.991825815993574,train,O=S(=O)(NC1CCNCC1)c1ccccc1,ChEMBL
chembl-pic50-20260527T153246Z,CHEMBL224,5HT2A,CHEMBL1933399,Cc1ccc(S(=O)(=O)N(C)C2CCN(C)CC2)cc1,5.671620396561262,train,O=S(=O)(NC1CCNCC1)c1ccccc1,ChEMBL
chembl-pic50-20260527T153246Z,CHEMBL224,5HT2A,CHEMBL1933400,CC(C)c1ccc(S(=O)(=O)N(C)C2CCN(C)CC2)cc1,6.79317412396815,train,O=S(=O)(NC1CCNCC1)c1ccccc1,ChEMBL
chembl-pic50-20260527T153246Z,CHEMBL224,5HT2A,CHEMBL1933401,CCc1ccc(S(=O)(=O)N(C)C2CCN(C)CC2)cc1,6.3448615651886175,train,O=S(=O)(NC1CCNCC1)c1ccccc1,ChEMBL
chembl-pic50-20260527T153246Z,CHEMBL224,5HT2A,CHEMBL1933402,CCCc1ccc(S(=O)(=O)N(C)C2CCN(C)CC2)cc1,6.482804102050026,train,O=S(=O)(NC1CCNCC1)c1ccccc1,ChEMBL
chembl-pic50-20260527T153246Z,CHEMBL224,5HT2A,CHEMBL1933403,CN1CCC(N(C)S(=O)(=O)c2ccc(-c3ccccc3)cc2)CC1,6.55129368009492,train,O=S(=O)(NC1CCNCC1)c1ccc(-c2ccccc2)cc1,ChEMBL
chembl-pic50-20260527T153246Z,CHEMBL224,5HT2A,CHEMBL1933404,CCCCOc1ccc(S(=O)(=O)N(C)C2CCN(C)CC2)cc1,7.113509274827518,train,O=S(=O)(NC1CCNCC1)c1ccccc1,ChEMBL
chembl-pic50-20260527T153246Z,CHEMBL224,5HT2A,CHEMBL1933405,CN1CCC(N(C)S(=O)(=O)c2ccc(OC(F)(F)F)cc2)CC1,5.611188586526477,train,O=S(=O)(NC1CCNCC1)c1ccccc1,ChEMBL
chembl-pic50-20260527T153246Z,CHEMBL224,5HT2A,CHEMBL1933406,CN1CCC(N(C)S(=O)(=O)c2ccc(C#N)cc2)CC1,5.0,train,O=S(=O)(NC1CCNCC1)c1ccccc1,ChEMBL
chembl-pic50-20260527T153246Z,CHEMBL224,5HT2A,CHEMBL1933407,CN1CCC(N(C)S(=O)(=O)c2ccc([N+](=O)[O-])cc2)CC1,5.0,train,O=S(=O)(NC1CCNCC1)c1ccccc1,ChEMBL
chembl-pic50-20260527T153246Z,CHEMBL224,5HT2A,CHEMBL1933408,CN1CCC(N(C)S(=O)(=O)c2ccc(C(F)(F)F)cc2)CC1,5.773915884024176,train,O=S(=O)(NC1CCNCC1)c1ccccc1,ChEMBL
chembl-pic50-20260527T153246Z,CHEMBL224,5HT2A,CHEMBL1933409,CN1CCC(N(C)S(=O)(=O)c2cccc(F)c2)CC1,5.730720610228102,train,O=S(=O)(NC1CCNCC1)c1ccccc1,ChEMBL
chembl-pic50-20260527T153246Z,CHEMBL224,5HT2A,CHEMBL1933410,CN1CCC(N(C)S(=O)(=O)c2cccc(Cl)c2)CC1,6.006123085058789,train,O=S(=O)(NC1CCNCC1)c1ccccc1,ChEMBL
chembl-pic50-20260527T153246Z,CHEMBL224,5HT2A,CHEMBL1933411,Cc1cccc(S(=O)(=O)N(C)C2CCN(C)CC2)c1,5.462180904926726,train,O=S(=O)(NC1CCNCC1)c1ccccc1,ChEMBL
chembl-pic50-20260527T153246Z,CHEMBL224,5HT2A,CHEMBL1933412,CN1CCC(N(C)S(=O)(=O)c2ccccc2F)CC1,5.0,train,O=S(=O)(NC1CCNCC1)c1ccccc1,ChEMBL
chembl-pic50-20260527T153246Z,CHEMBL224,5HT2A,CHEMBL1933413,CN1CCC(N(C)S(=O)(=O)c2ccccc2Cl)CC1,5.497572880015567,train,O=S(=O)(NC1CCNCC1)c1ccccc1,ChEMBL
chembl-pic50-20260527T153246Z,CHEMBL224,5HT2A,CHEMBL1933414,Cc1ccccc1S(=O)(=O)N(C)C1CCN(C)CC1,5.809668301829708,train,O=S(=O)(NC1CCNCC1)c1ccccc1,ChEMBL
chembl-pic50-20260527T153246Z,CHEMBL224,5HT2A,CHEMBL1933572,Cc1ccc(S(=O)(=O)N(C)C2CCN(C)CC2)cc1C,5.223298816011589,train,O=S(=O)(NC1CCNCC1)c1ccccc1,ChEMBL
chembl-pic50-20260527T153246Z,CHEMBL224,5HT2A,CHEMBL1933573,CN1CCC(N(C)S(=O)(=O)c2cccc3ccccc23)CC1,6.29929628285498,train,O=S(=O)(NC1CCNCC1)c1cccc2ccccc12,ChEMBL
chembl-pic50-20260527T153246Z,CHEMBL224,5HT2A,CHEMBL194305,COc1ccc2[nH]c(C)c(C3=CCNCC3)c2c1,6.0,train,C1=C(c2c[nH]c3ccccc23)CCNC1,ChEMBL
chembl-pic50-20260527T153246Z,CHEMBL224,5HT2A,CHEMBL2017291,COc1cc2c(cc1-c1c(C)noc1C)ncc1[nH]c(=O)n([C@H](C)c3ccccn3)c12,4.3979400086720375,train,O=c1[nH]c2cnc3cc(-c4cnoc4)ccc3c2n1Cc1ccccn1,ChEMBL
chembl-pic50-20260527T153246Z,CHEMBL224,5HT2A,CHEMBL2107510,Cl.O=C(NCCN1CCN(c2ncccn2)CC1)C12CC3CC(CC(C3)C1)C2,7.4723700991286615,train,O=C(NCCN1CCN(c2ncccn2)CC1)C12CC3CC(CC(C3)C1)C2,ChEMBL
chembl-pic50-20260527T153246Z,CHEMBL224,5HT2A,CHEMBL2110300,CN(C)[C@H]1C[C@H](c2c[nH]c3ccc(CC4COC(=O)N4)cc32)C1,5.0,train,O=C1NC(Cc2ccc3[nH]cc(C4CCC4)c3c2)CO1,ChEMBL
chembl-pic50-20260527T153246Z,CHEMBL224,5HT2A,CHEMBL21343,CCN(CC)C(=O)[C@@H]1C=C2c3cccc4[nH]cc(c34)C[C@H]2NC1,8.221848749616356,train,C1=C2c3cccc4[nH]cc(c34)C[C@H]2NCC1,ChEMBL
chembl-pic50-20260527T153246Z,CHEMBL224,5HT2A,CHEMBL2158704,COc1ccc(N2CCN(CC[C@@H](OC(N)=O)c3ccccc3)CC2)cc1,5.236572006437063,train,c1ccc(CCCN2CCN(c3ccccc3)CC2)cc1,ChEMBL
chembl-pic50-20260527T153246Z,CHEMBL224,5HT2A,CHEMBL218206,Cc1ccc(C2=CC(NC(C)(C)C)=NCCN2)c(C)c1,7.1487416512809245,train,C1=NCCNC(c2ccccc2)=C1,ChEMBL
chembl-pic50-20260527T153246Z,CHEMBL224,5HT2A,CHEMBL218336,CCN(CC)C1=NCCNC(c2ccc(C)cc2)=C1,6.0,train,C1=NCCNC(c2ccccc2)=C1,ChEMBL
chembl-pic50-20260527T153246Z,CHEMBL224,5HT2A,CHEMBL218343,CC(C)(C)NC1=NCCNC(c2cccc(C(F)(F)F)c2)=C1,6.289036881004725,train,C1=NCCNC(c2ccccc2)=C1,ChEMBL
chembl-pic50-20260527T153246Z,CHEMBL224,5HT2A,CHEMBL218479,CCC(C)(CC)NC1=NCCNC(c2ccccc2F)=C1,7.838631997765025,train,C1=NCCNC(c2ccccc2)=C1,ChEMBL
chembl-pic50-20260527T153246Z,CHEMBL224,5HT2A,CHEMBL218533,CCN(CC)C1=NCCNC(c2ccccc2F)=C1,6.0,train,C1=NCCNC(c2ccccc2)=C1,ChEMBL
chembl-pic50-20260527T153246Z,CHEMBL224,5HT2A,CHEMBL218587,CCC(CC)(CC)NC1=NCCNC(c2ccc(F)cc2F)=C1,8.431798275933005,train,C1=NCCNC(c2ccccc2)=C1,ChEMBL
chembl-pic50-20260527T153246Z,CHEMBL224,5HT2A,CHEMBL218589,Cc1ccc(C2=CC(NC(C)(C)Cc3ccccc3)=NCCN2)cc1,8.619788758288394,train,C1=C(c2ccccc2)NCCN=C1NCCc1ccccc1,ChEMBL
chembl-pic50-20260527T153246Z,CHEMBL224,5HT2A,CHEMBL218592,CC(C)(C)NC1=NCCNC(c2ccc(F)cc2)=C1,7.6777807052660805,train,C1=NCCNC(c2ccccc2)=C1,ChEMBL
chembl-pic50-20260527T153246Z,CHEMBL224,5HT2A,CHEMBL219215,CC1(NC2=NCCNC(c3ccc(F)cc3)=C2)CCCCC1,8.795880017344075,train,C1=C(c2ccccc2)NCCN=C1NC1CCCCC1,ChEMBL
chembl-pic50-20260527T153246Z,CHEMBL224,5HT2A,CHEMBL219265,CCC(C)(CC)NC1=NCCNC(c2ccc(F)cc2)=C1,8.823908740944319,train,C1=NCCNC(c2ccccc2)=C1,ChEMBL
chembl-pic50-20260527T153246Z,CHEMBL224,5HT2A,CHEMBL219267,Cc1ccc(C2=CC(NC(C)(C)C)=NCCN2)c(F)c1,7.853871964321762,train,C1=NCCNC(c2ccccc2)=C1,ChEMBL
chembl-pic50-20260527T153246Z,CHEMBL224,5HT2A,CHEMBL2206440,COc1ccccc1C1CCN(c2ccn3c(CC4CC4)nnc3c2Cl)CC1,5.886056647693163,train,c1ccc(C2CCN(c3ccn4c(CC5CC5)nnc4c3)CC2)cc1,ChEMBL
chembl-pic50-20260527T153246Z,CHEMBL224,5HT2A,CHEMBL221249,Cc1ccc(C2=CC(N3CCOCC3)=NCCN2)cc1,6.0,train,C1=C(c2ccccc2)NCCN=C1N1CCOCC1,ChEMBL
chembl-pic50-20260527T153246Z,CHEMBL224,5HT2A,CHEMBL221250,CCC1(NC2=NCCNC(c3ccc(F)cc3)=C2)CCCC1,9.096910013008056,train,C1=C(c2ccccc2)NCCN=C1NC1CCCC1,ChEMBL
chembl-pic50-20260527T153246Z,CHEMBL224,5HT2A,CHEMBL221297,CC(C)(C)NC1=NCCNC(c2ccc(F)cc2F)=C1,7.958607314841775,train,C1=NCCNC(c2ccccc2)=C1,ChEMBL
chembl-pic50-20260527T153246Z,CHEMBL224,5HT2A,CHEMBL221305,CCC(C)(CC)NC1=NCCNC(c2ccc(C)cc2)=C1,7.826813731587726,train,C1=NCCNC(c2ccccc2)=C1,ChEMBL
chembl-pic50-20260527T153246Z,CHEMBL224,5HT2A,CHEMBL221387,CC(C)(C)NC1=NCCNC(c2ccccc2)=C1,7.455931955649724,train,C1=NCCNC(c2ccccc2)=C1,ChEMBL
chembl-pic50-20260527T153246Z,CHEMBL224,5HT2A,CHEMBL221753,CC(C)(C)CC(C)(C)c1ccc(OCCOCC[N+](C)(C)Cc2ccccc2)cc1.[Cl-],6.889410289700751,train,c1ccc(C[NH2+]CCOCCOc2ccccc2)cc1,ChEMBL
chembl-pic50-20260527T153246Z,CHEMBL224,5HT2A,CHEMBL222320,CC(C)(C)NC1=NCCNC(c2ccccc2F)=C1,7.7447274948966935,train,C1=NCCNC(c2ccccc2)=C1,ChEMBL
chembl-pic50-20260527T153246Z,CHEMBL224,5HT2A,CHEMBL2322611,COCCCOc1cc(C(=O)N(C[C@@H]2CNC[C@H]2Cc2ccccc2)C(C)C)ccc1OC.Cl,6.0,train,O=C(NC[C@@H]1CNC[C@H]1Cc1ccccc1)c1ccccc1,ChEMBL
chembl-pic50-20260527T153246Z,CHEMBL224,5HT2A,CHEMBL2323579,CCNC(=O)N(CCCN(C)C)C(=O)[C@@H]1C[C@@H]2c3cccc4c3c(cn4C)C[C@H]2N(C)C1,4.939302159646388,train,c1cc2c3c(c[nH]c3c1)C[C@H]1NCCC[C@H]21,ChEMBL
chembl-pic50-20260527T153246Z,CHEMBL224,5HT2A,CHEMBL2376482,Cc1[nH]c2ccc(Br)cc2c1C1=CCNCC1,6.3979400086720375,train,C1=C(c2c[nH]c3ccccc23)CCNC1,ChEMBL
chembl-pic50-20260527T153246Z,CHEMBL224,5HT2A,CHEMBL2376483,Cc1[nH]c2ccc(F)cc2c1C1=CCNCC1,6.022276394711152,train,C1=C(c2c[nH]c3ccccc23)CCNC1,ChEMBL
chembl-pic50-20260527T153246Z,CHEMBL224,5HT2A,CHEMBL2376484,Cc1[nH]c2ccc(OS(=O)(=O)C(F)(F)F)cc2c1C1=CCNCC1,6.0,train,C1=C(c2c[nH]c3ccccc23)CCNC1,ChEMBL
chembl-pic50-20260527T153246Z,CHEMBL224,5HT2A,CHEMBL2376487,Cc1[nH]c2ccc([N+](=O)[O-])cc2c1C1=CCNCC1,6.0,train,C1=C(c2c[nH]c3ccccc23)CCNC1,ChEMBL
chembl-pic50-20260527T153246Z,CHEMBL224,5HT2A,CHEMBL2376490,Cc1[nH]c2ccc(-c3ccsc3)cc2c1C1=CCNCC1,6.0,train,C1=C(c2c[nH]c3ccc(-c4ccsc4)cc23)CCNC1,ChEMBL
chembl-pic50-20260527T153246Z,CHEMBL224,5HT2A,CHEMBL2393235,CN1CCN(c2nc3c(c(N4CCOCC4)n2)CCNCC3)CC1.Cl,5.0,train,C1Cc2nc(N3CCNCC3)nc(N3CCOCC3)c2CCN1,ChEMBL
chembl-pic50-20260527T153246Z,CHEMBL224,5HT2A,CHEMBL2393236,CN1CCN(c2nc3c(c(N4CCSCC4)n2)CCNCC3)CC1.Cl,5.0,train,C1Cc2nc(N3CCNCC3)nc(N3CCSCC3)c2CCN1,ChEMBL
chembl-pic50-20260527T153246Z,CHEMBL224,5HT2A,CHEMBL2393242,Cl.c1ccc(Cc2nc3c(c(N4CCSCC4)n2)CCNCC3)cc1,5.8958544494459915,train,c1ccc(Cc2nc3c(c(N4CCSCC4)n2)CCNCC3)cc1,ChEMBL
chembl-pic50-20260527T153246Z,CHEMBL233,μ-opioid,CHEMBL114299,O=C(OCc1cc2c(cc1Cl)OCO2)N1CCC(n2c(=O)c(=O)[nH]c3ccccc32)CC1,5.586700235918748,external,O=C(OCc1ccc2c(c1)OCO2)N1CCC(n2c(=O)c(=O)[nH]c3ccccc32)CC1,ChEMBL
chembl-pic50-20260527T153246Z,CHEMBL233,μ-opioid,CHEMBL115222,CNC(=O)CN1CN(c2ccccc2)C2(CCN(Cc3cc4c(cc3Cl)OCO4)CC2)C1=O,9.045757490560675,external,O=C1NCN(c2ccccc2)C12CCN(Cc1ccc3c(c1)OCO3)CC2,ChEMBL
chembl-pic50-20260527T153246Z,CHEMBL233,μ-opioid,CHEMBL115249,CCOc1ccc(CCOC(=O)N2CCN(CCCc3ccccc3)CC2)cc1,5.772113295386326,external,O=C(OCCc1ccccc1)N1CCN(CCCc2ccccc2)CC1,ChEMBL
chembl-pic50-20260527T153246Z,CHEMBL233,μ-opioid,CHEMBL115652,O=C1NCN(c2ccccc2)C12CCN(Cc1cc3c(cc1Cl)OCO3)CC2,8.698970004336019,external,O=C1NCN(c2ccccc2)C12CCN(Cc1ccc3c(c1)OCO3)CC2,ChEMBL
chembl-pic50-20260527T153246Z,CHEMBL233,μ-opioid,CHEMBL116463,N#Cc1ccc(CCOC(=O)NC2CCN(CCCC(c3ccc(F)cc3)c3ccc(F)cc3)CC2)cc1,5.184090349113226,external,O=C(NC1CCN(CCCC(c2ccccc2)c2ccccc2)CC1)OCCc1ccccc1,ChEMBL
chembl-pic50-20260527T153246Z,CHEMBL233,μ-opioid,CHEMBL1223815,Cc1ccc(CN2[C@@H]3CC[C@H]2C[C@@H](Oc2cccc(C(N)=O)c2)C3)s1,6.142064735280571,external,c1ccc(O[C@H]2C[C@H]3CC[C@@H](C2)N3Cc2cccs2)cc1,ChEMBL
chembl-pic50-20260527T153246Z,CHEMBL233,μ-opioid,CHEMBL1223870,CN(C)C(=O)N[C@H]1CC[C@H](CCN2[C@@H]3CC[C@H]2C[C@@H](Oc2cccc(C(N)=O)c2)C3)CC1,4.724412259482439,external,c1ccc(O[C@H]2C[C@H]3CC[C@@H](C2)N3CCC2CCCCC2)cc1,ChEMBL
chembl-pic50-20260527T153246Z,CHEMBL233,μ-opioid,CHEMBL1223872,CN(C)C(=O)N[C@H]1CC[C@@H](CCN2[C@@H]3CC[C@H]2C[C@@H](Oc2cccc(C(N)=O)c2)C3)CC1,4.786907448747517,external,c1ccc(O[C@H]2C[C@H]3CC[C@@H](C2)N3CCC2CCCCC2)cc1,ChEMBL
chembl-pic50-20260527T153246Z,CHEMBL233,μ-opioid,CHEMBL1223953,NC(=O)c1cccc(C[C@@H]2C[C@H]3CC[C@@H](C2)N3Cc2ccccc2)c1,4.924088238517222,external,c1ccc(C[C@@H]2C[C@H]3CC[C@@H](C2)N3Cc2ccccc2)cc1,ChEMBL
chembl-pic50-20260527T153246Z,CHEMBL233,μ-opioid,CHEMBL1254685,C[C@H]1CN(CCC(=O)Nc2ccccc2)[C@@H]2Cc3ccc(O)cc3[C@]1(C)C2,8.318758762624412,external,O=C(CCN1CCC2C[C@H]1Cc1ccccc12)Nc1ccccc1,ChEMBL
chembl-pic50-20260527T153246Z,CHEMBL233,μ-opioid,CHEMBL1257346,O=C(Nc1cccc(NC(=O)c2cccc(N3CCOCC3)c2)c1)c1cccc(OC2CCN(CC3CC3)CC2)c1,4.522878745280337,external,O=C(Nc1cccc(NC(=O)c2cccc(N3CCOCC3)c2)c1)c1cccc(OC2CCN(CC3CC3)CC2)c1,ChEMBL
chembl-pic50-20260527T153246Z,CHEMBL233,μ-opioid,CHEMBL1257347,Cc1ccc([C@@H](C)N2[C@@H]3CC[C@H]2C[C@H](Oc2cccc(C(N)=O)c2)C3)s1,5.568958054664114,external,c1ccc(O[C@@H]2C[C@H]3CC[C@@H](C2)N3Cc2cccs2)cc1,ChEMBL
chembl-pic50-20260527T153246Z,CHEMBL233,μ-opioid,CHEMBL1257577,NC(=O)c1cccc(O[C@@H]2C[C@H]3CC[C@@H](C2)N3Cc2cccs2)c1,5.028770552723759,external,c1ccc(O[C@@H]2C[C@H]3CC[C@@H](C2)N3Cc2cccs2)cc1,ChEMBL
chembl-pic50-20260527T153246Z,CHEMBL233,μ-opioid,CHEMBL1257578,Cc1ccc(CN2[C@@H]3CC[C@H]2C[C@H](Oc2cccc(C(N)=O)c2)C3)s1,6.141462802430361,external,c1ccc(O[C@@H]2C[C@H]3CC[C@@H](C2)N3Cc2cccs2)cc1,ChEMBL
chembl-pic50-20260527T153246Z,CHEMBL233,μ-opioid,CHEMBL1258616,Cc1ccc(C(C)N2[C@@H]3CC[C@H]2C[C@H](Oc2cccc(C(N)=O)c2)C3)s1,5.07037674848476,external,c1ccc(O[C@@H]2C[C@H]3CC[C@@H](C2)N3Cc2cccs2)cc1,ChEMBL
chembl-pic50-20260527T153246Z,CHEMBL233,μ-opioid,CHEMBL127788,CCN(CC)C(=O)c1ccc(C(=C2CCN(CC3CC3)CC2)c2ccccc2)cc1,5.4698003017969175,external,c1ccc(C(=C2CCN(CC3CC3)CC2)c2ccccc2)cc1,ChEMBL
chembl-pic50-20260527T153246Z,CHEMBL233,μ-opioid,CHEMBL133719,Cc1cc(O)cc(C)c1[C@H](C)[C@H](N)C(=O)N[C@H](C(=O)NCC(=O)N[C@@H](Cc1ccccc1)C(=O)N[C@H](C(=O)O)C(C)(C)S)C(C)(C)S,6.142667503568732,external,O=C(CCc1ccccc1)NCC(=O)NCC(=O)NCCc1ccccc1,ChEMBL
chembl-pic50-20260527T153246Z,CHEMBL233,μ-opioid,CHEMBL134652,Cc1cc(O)cc(C)c1[C@@H](C)[C@@H](N)C(=O)N[C@H](C(=O)NCC(=O)N[C@@H](Cc1ccccc1)C(=O)N[C@H](C(=O)O)C(C)(C)S)C(C)(C)S,4.113509274827518,external,O=C(CCc1ccccc1)NCC(=O)NCC(=O)NCCc1ccccc1,ChEMBL
chembl-pic50-20260527T153246Z,CHEMBL233,μ-opioid,CHEMBL136421,CNC(=O)c1cccc([C@]2(C)CCN(CCc3ccccc3)C[C@@H]2C)c1,7.619788758288394,external,c1ccc(CCN2CCC(c3ccccc3)CC2)cc1,ChEMBL
chembl-pic50-20260527T153246Z,CHEMBL233,μ-opioid,CHEMBL13786,CSCC[C@H](NC(=O)[C@H](Cc1ccccc1)NC(=O)CNC(=O)CNC(=O)[C@@H](N)Cc1ccc(O)cc1)C(=O)O,7.886056647693163,external,O=C(CCc1ccccc1)NCC(=O)NCC(=O)NCCc1ccccc1,ChEMBL
chembl-pic50-20260527T153246Z,CHEMBL233,μ-opioid,CHEMBL138036,C[C@H]1CN(CCc2ccccc2)CC[C@@]1(C)c1cccc(CO)c1,8.67778070526608,external,c1ccc(CCN2CCC(c3ccccc3)CC2)cc1,ChEMBL
chembl-pic50-20260527T153246Z,CHEMBL233,μ-opioid,CHEMBL138750,CC(=O)Nc1cccc([C@]2(C)CCN(CCc3ccccc3)C[C@@H]2C)c1,7.795880017344075,external,c1ccc(CCN2CCC(c3ccccc3)CC2)cc1,ChEMBL
chembl-pic50-20260527T153246Z,CHEMBL233,μ-opioid,CHEMBL1403281,CC(C)C[C@H]1C(=O)N2CCC[C@H]2[C@]2(O)O[C@](NC(=O)[C@@H]3C=C4c5cccc6[nH]cc(c56)C[C@H]4N(C)C3)(C(C)C)C(=O)N12,5.614930223668066,external,O=C(NC1OC2[C@@H]3CCCN3C(=O)CN2C1=O)[C@@H]1C=C2c3cccc4[nH]cc(c34)C[C@H]2NC1,ChEMBL
chembl-pic50-20260527T153246Z,CHEMBL233,μ-opioid,CHEMBL1442185,Cc1ccccc1Cn1nnc2c1C(=O)c1ccccc1C2=O,5.0,external,O=C1c2ccccc2C(=O)c2c1nnn2Cc1ccccc1,ChEMBL
chembl-pic50-20260527T153246Z,CHEMBL233,μ-opioid,CHEMBL146756,O=C(/C=C/C(=O)Oc1ccc2c(c1)[C@@]13CCCC[C@H]1[C@@H](C2)N(CC1CCC1)CC3)Oc1ccc2c(c1)[C@@]13CCCC[C@H]1[C@@H](C2)N(CC1CCC1)CC3,6.214670164989233,external,O=C(/C=C/C(=O)Oc1ccc2c(c1)[C@@]13CCCC[C@H]1[C@@H](C2)N(CC1CCC1)CC3)Oc1ccc2c(c1)[C@@]13CCCC[C@H]1[C@@H](C2)N(CC1CCC1)CC3,ChEMBL
chembl-pic50-20260527T153246Z,CHEMBL233,μ-opioid,CHEMBL14784,Cc1ccc(C(C)Nc2cccn(C(CN3CCCC3)c3ccccc3)c2=O)cc1,5.0,external,O=c1c(NCc2ccccc2)cccn1C(CN1CCCC1)c1ccccc1,ChEMBL
chembl-pic50-20260527T153246Z,CHEMBL233,μ-opioid,CHEMBL1602191,O=C(c1ccccn1)N(Cc1cc2ccccc2nc1O)C1CCCCC1,4.494850021680094,external,O=C(c1ccccn1)N(Cc1cnc2ccccc2c1)C1CCCCC1,ChEMBL
chembl-pic50-20260527T153246Z,CHEMBL233,μ-opioid,CHEMBL1699129,Cc1ccc(S(=O)(=O)NCc2ccc(C(=O)NCCCN(Cc3ccccc3)C(C)C)cc2)cc1,4.494850021680094,external,O=C(NCCCNCc1ccccc1)c1ccc(CNS(=O)(=O)c2ccccc2)cc1,ChEMBL
chembl-pic50-20260527T153246Z,CHEMBL233,μ-opioid,CHEMBL1701286,CC(C)N(CCNC(=O)c1ccc(CNS(=O)(=O)c2ccc3ccccc3c2)cc1)Cc1ccccc1,4.494850021680094,external,O=C(NCCNCc1ccccc1)c1ccc(CNS(=O)(=O)c2ccc3ccccc3c2)cc1,ChEMBL
chembl-pic50-20260527T153246Z,CHEMBL233,μ-opioid,CHEMBL1702857,Cc1ccc(S(=O)(=O)NCc2ccc(C(=O)NCCN3CCN(c4ccccc4)CC3)cc2)cc1,4.494850021680094,external,O=C(NCCN1CCN(c2ccccc2)CC1)c1ccc(CNS(=O)(=O)c2ccccc2)cc1,ChEMBL
chembl-pic50-20260527T153246Z,CHEMBL233,μ-opioid,CHEMBL1710148,Cc1ccc(S(=O)(=O)NCc2ccc(C(=O)NC3CCN(Cc4ccccc4)C3)cc2)cc1,4.494850021680094,external,O=C(NC1CCN(Cc2ccccc2)C1)c1ccc(CNS(=O)(=O)c2ccccc2)cc1,ChEMBL
chembl-pic50-20260527T153246Z,CHEMBL233,μ-opioid,CHEMBL1720217,COc1ccc(CC2(CO)CCN(Cc3nccn3-c3cccc(C)c3)CC2)cc1,4.494850021680094,external,c1ccc(CC2CCN(Cc3nccn3-c3ccccc3)CC2)cc1,ChEMBL
chembl-pic50-20260527T153246Z,CHEMBL233,μ-opioid,CHEMBL1725189,O=C(Cn1c(=O)c2cccn2c2cccnc21)NCCCN1CCOCC1,4.494850021680094,external,O=C(Cn1c(=O)c2cccn2c2cccnc21)NCCCN1CCOCC1,ChEMBL
chembl-pic50-20260527T153246Z,CHEMBL233,μ-opioid,CHEMBL104,Clc1ccccc1C(c1ccccc1)(c1ccccc1)n1ccnc1,5.7442452133569555,scaffold_test,c1ccc(C(c2ccccc2)(c2ccccc2)n2ccnc2)cc1,ChEMBL
chembl-pic50-20260527T153246Z,CHEMBL233,μ-opioid,CHEMBL10872,CC(C)[C@@H](CN1CC[C@@](C)(c2cccc(O)c2)[C@@H](C)C1)NC(=O)[C@H]1Cc2ccccc2CN1,7.3872161432802645,scaffold_test,O=C(NCCN1CCC(c2ccccc2)CC1)[C@H]1Cc2ccccc2CN1,ChEMBL
chembl-pic50-20260527T153246Z,CHEMBL233,μ-opioid,CHEMBL113956,CCOc1ccc(CCNC(=O)N2CCN(CCCC(c3ccc(F)cc3)c3ccc(F)cc3)CC2)cc1,5.342466112442014,scaffold_test,O=C(NCCc1ccccc1)N1CCN(CCCC(c2ccccc2)c2ccccc2)CC1,ChEMBL
chembl-pic50-20260527T153246Z,CHEMBL233,μ-opioid,CHEMBL114824,O=C(Cc1c[nH]c2ccc(Br)cc12)N1CCN(c2ccc([N+](=O)[O-])c3nonc23)CC1,5.0,scaffold_test,O=C(Cc1c[nH]c2ccccc12)N1CCN(c2cccc3nonc23)CC1,ChEMBL
chembl-pic50-20260527T153246Z,CHEMBL233,μ-opioid,CHEMBL114940,O=C(OCc1cc2c(cc1[N+](=O)[O-])OCO2)N1CC=C(n2c(O)nc3ccccc32)CC1,5.0,scaffold_test,O=C(OCc1ccc2c(c1)OCO2)N1CC=C(n2cnc3ccccc32)CC1,ChEMBL
chembl-pic50-20260527T153246Z,CHEMBL233,μ-opioid,CHEMBL115280,O=C1NCN(c2ccccc2)C12CCN(Cc1cccc(Oc3ccccc3)c1)CC2,7.078313524516398,scaffold_test,O=C1NCN(c2ccccc2)C12CCN(Cc1cccc(Oc3ccccc3)c1)CC2,ChEMBL
chembl-pic50-20260527T153246Z,CHEMBL233,μ-opioid,CHEMBL115444,O=C(OCc1cc2c(cc1Cl)OCO2)N1CCC(n2c(O)nc3ccccc32)CC1,6.8326826652518236,scaffold_test,O=C(OCc1ccc2c(c1)OCO2)N1CCC(n2cnc3ccccc32)CC1,ChEMBL
chembl-pic50-20260527T153246Z,CHEMBL233,μ-opioid,CHEMBL115549,O=C(OCc1cc2c(cc1[N+](=O)[O-])OCO2)N1CCC(n2c(O)nc3ccccc32)CC1,5.978810700930062,scaffold_test,O=C(OCc1ccc2c(c1)OCO2)N1CCC(n2cnc3ccccc32)CC1,ChEMBL
chembl-pic50-20260527T153246Z,CHEMBL233,μ-opioid,CHEMBL117537,O=C(CCCc1ccccc1)N1CCN(CCCC(c2ccc(F)cc2)c2ccc(F)cc2)CC1,5.419075024324381,scaffold_test,O=C(CCCc1ccccc1)N1CCN(CCCC(c2ccccc2)c2ccccc2)CC1,ChEMBL
chembl-pic50-20260527T153246Z,CHEMBL233,μ-opioid,CHEMBL1223873,NC(=O)c1cccc(O[C@H]2C[C@H]3CC[C@@H](C2)N3Cc2ccccc2)c1,4.971347426366881,scaffold_test,c1ccc(CN2[C@@H]3CC[C@H]2C[C@@H](Oc2ccccc2)C3)cc1,ChEMBL
chembl-pic50-20260527T153246Z,CHEMBL233,μ-opioid,CHEMBL1223952,NC(=O)c1cccc(C[C@H]2C[C@H]3CC[C@@H](C2)N3Cc2ccccc2)c1,5.404393565134397,scaffold_test,c1ccc(C[C@H]2C[C@H]3CC[C@@H](C2)N3Cc2ccccc2)cc1,ChEMBL
chembl-pic50-20260527T153246Z,CHEMBL233,μ-opioid,CHEMBL1224139,NC(=O)c1cc(F)cc(O[C@H]2C[C@H]3CC[C@@H](C2)N3Cc2ccccc2)c1,5.092373695156733,scaffold_test,c1ccc(CN2[C@@H]3CC[C@H]2C[C@@H](Oc2ccccc2)C3)cc1,ChEMBL
chembl-pic50-20260527T153246Z,CHEMBL233,μ-opioid,CHEMBL1224140,Cc1cc(O[C@H]2C[C@H]3CC[C@@H](C2)N3Cc2ccccc2)cc(C(N)=O)c1,4.768555897082569,scaffold_test,c1ccc(CN2[C@@H]3CC[C@H]2C[C@@H](Oc2ccccc2)C3)cc1,ChEMBL
chembl-pic50-20260527T153246Z,CHEMBL233,μ-opioid,CHEMBL1224141,Cc1ccc(C(N)=O)cc1O[C@H]1C[C@H]2CC[C@@H](C1)N2Cc1ccccc1,4.637517525248826,scaffold_test,c1ccc(CN2[C@@H]3CC[C@H]2C[C@@H](Oc2ccccc2)C3)cc1,ChEMBL
chembl-pic50-20260527T153246Z,CHEMBL233,μ-opioid,CHEMBL1224142,Cc1c(O[C@H]2C[C@H]3CC[C@@H](C2)N3Cc2ccccc2)cccc1C(N)=O,4.5734236806648285,scaffold_test,c1ccc(CN2[C@@H]3CC[C@H]2C[C@@H](Oc2ccccc2)C3)cc1,ChEMBL
chembl-pic50-20260527T153246Z,CHEMBL233,μ-opioid,CHEMBL1224215,Cc1cc(C(N)=O)ccc1O[C@H]1C[C@H]2CC[C@@H](C1)N2Cc1ccccc1,6.377785977033705,scaffold_test,c1ccc(CN2[C@@H]3CC[C@H]2C[C@@H](Oc2ccccc2)C3)cc1,ChEMBL
chembl-pic50-20260527T153246Z,CHEMBL233,μ-opioid,CHEMBL1224216,NC(=O)c1ccc(O[C@H]2C[C@H]3CC[C@@H](C2)N3Cc2ccccc2)c(F)c1,5.086822166009532,scaffold_test,c1ccc(CN2[C@@H]3CC[C@H]2C[C@@H](Oc2ccccc2)C3)cc1,ChEMBL
chembl-pic50-20260527T153246Z,CHEMBL233,μ-opioid,CHEMBL1224288,Oc1cccc(O[C@H]2C[C@H]3CC[C@@H](C2)N3Cc2ccccc2)c1,4.653060537301009,scaffold_test,c1ccc(CN2[C@@H]3CC[C@H]2C[C@@H](Oc2ccccc2)C3)cc1,ChEMBL
chembl-pic50-20260527T153246Z,CHEMBL233,μ-opioid,CHEMBL1258502,NC(=O)c1cccc(O[C@@H]2C[C@H]3CC[C@@H](C2)N3CC(=O)N2CCCC2)c1,4.6759234202605136,scaffold_test,O=C(CN1[C@@H]2CC[C@H]1C[C@H](Oc1ccccc1)C2)N1CCCC1,ChEMBL
chembl-pic50-20260527T153246Z,CHEMBL233,μ-opioid,CHEMBL126141,CCN(CC)C(=O)c1ccc(C(=C2CCN(CC=C(C)C)CC2)c2ccccc2)cc1,5.987162775294828,scaffold_test,c1ccc(C(=C2CCNCC2)c2ccccc2)cc1,ChEMBL
chembl-pic50-20260527T153246Z,CHEMBL233,μ-opioid,CHEMBL126255,C=CCN1CCC(=C(c2ccccc2)c2ccc(C(=O)N(CC)CC)cc2)CC1,5.47755576649368,scaffold_test,c1ccc(C(=C2CCNCC2)c2ccccc2)cc1,ChEMBL
chembl-pic50-20260527T153246Z,CHEMBL233,μ-opioid,CHEMBL126370,CCN(CC)C(=O)c1ccc(C(=C2CCNCC2)c2ccccc2F)cc1,5.525783735923745,scaffold_test,c1ccc(C(=C2CCNCC2)c2ccccc2)cc1,ChEMBL
chembl-pic50-20260527T153246Z,CHEMBL233,μ-opioid,CHEMBL126842,CCN(CC)C(=O)c1ccc(C(=C2CCN(C)CC2)c2ccccc2)cc1,5.0,scaffold_test,c1ccc(C(=C2CCNCC2)c2ccccc2)cc1,ChEMBL
chembl-pic50-20260527T153246Z,CHEMBL233,μ-opioid,CHEMBL126857,CCN(CC)C(=O)c1ccc(C(=C2CCNCC2)c2ccc(Cl)c(Cl)c2)cc1,5.586700235918748,scaffold_test,c1ccc(C(=C2CCNCC2)c2ccccc2)cc1,ChEMBL
chembl-pic50-20260527T153246Z,CHEMBL233,μ-opioid,CHEMBL126884,CCN(CC)C(=O)c1ccc(C(=C2CCNCC2)c2c(C)cccc2C)cc1,5.991399828238082,scaffold_test,c1ccc(C(=C2CCNCC2)c2ccccc2)cc1,ChEMBL
chembl-pic50-20260527T153246Z,CHEMBL233,μ-opioid,CHEMBL126946,CCN(CC)C(=O)c1ccc(C(=C2CCNCC2)c2ccc(F)cc2)cc1,5.0,scaffold_test,c1ccc(C(=C2CCNCC2)c2ccccc2)cc1,ChEMBL
chembl-pic50-20260527T153246Z,CHEMBL233,μ-opioid,CHEMBL127007,CCN(CC)C(=O)c1ccc(C(=C2CCNCC2)c2ccc(Cl)cc2)cc1,5.296708621881339,scaffold_test,c1ccc(C(=C2CCNCC2)c2ccccc2)cc1,ChEMBL
chembl-pic50-20260527T153246Z,CHEMBL233,μ-opioid,CHEMBL127495,CCN(CC)C(=O)c1ccc(C(=C2CCNCC2)c2cccc(N)c2)cc1,5.223298816011589,scaffold_test,c1ccc(C(=C2CCNCC2)c2ccccc2)cc1,ChEMBL
chembl-pic50-20260527T153246Z,CHEMBL233,μ-opioid,CHEMBL127761,CCN(CC)C(=O)c1ccc(C(c2cccc3c2OC(C)(C)C3)N2CCNCC2)cc1,6.105130343254747,scaffold_test,c1ccc(C(c2cccc3c2OCC3)N2CCNCC2)cc1,ChEMBL
chembl-pic50-20260527T153246Z,CHEMBL233,μ-opioid,CHEMBL127802,CCCCN1CCC(=C(c2ccccc2)c2ccc(C(=O)N(CC)CC)cc2)CC1,5.384049948343599,scaffold_test,c1ccc(C(=C2CCNCC2)c2ccccc2)cc1,ChEMBL
chembl-pic50-20260527T153246Z,CHEMBL233,μ-opioid,CHEMBL129300,CCN(CC)C(=O)c1ccc(C(=C2CCNCC2)c2cccc(C(C)=O)c2)cc1,5.482804102050026,scaffold_test,c1ccc(C(=C2CCNCC2)c2ccccc2)cc1,ChEMBL
chembl-pic50-20260527T153246Z,CHEMBL233,μ-opioid,CHEMBL129420,CCN(CC)C(=O)c1ccc(C(c2cccc3cccnc23)N2CCNCC2)cc1,6.199282921717615,scaffold_test,c1ccc(C(c2cccc3cccnc23)N2CCNCC2)cc1,ChEMBL
chembl-pic50-20260527T153246Z,CHEMBL233,μ-opioid,CHEMBL129693,CCN(CC)C(=O)c1ccc(C(=C2CCNCC2)c2ccc(SC)cc2)cc1,5.170053304058364,scaffold_test,c1ccc(C(=C2CCNCC2)c2ccccc2)cc1,ChEMBL
chembl-pic50-20260527T153246Z,CHEMBL233,μ-opioid,CHEMBL1372205,Cc1csc2c(NC3CCN(Cc4ccccc4)CC3)ncnc12,4.301029995663981,scaffold_test,c1ccc(CN2CCC(Nc3ncnc4ccsc34)CC2)cc1,ChEMBL
chembl-pic50-20260527T153246Z,CHEMBL233,μ-opioid,CHEMBL1405968,O=C(NC(NC(=S)Nc1c(Cl)cc(Cl)cc1Cl)C(Cl)(Cl)Cl)OCc1ccccc1,4.494850021680094,scaffold_test,O=C(NCNC(=S)Nc1ccccc1)OCc1ccccc1,ChEMBL
chembl-pic50-20260527T153246Z,CHEMBL233,μ-opioid,CHEMBL1416769,O=C(NC(NC(=S)Nc1cccc(Cl)c1)C(Cl)(Cl)Cl)OCc1ccccc1,4.494850021680094,scaffold_test,O=C(NCNC(=S)Nc1ccccc1)OCc1ccccc1,ChEMBL
chembl-pic50-20260527T153246Z,CHEMBL233,μ-opioid,CHEMBL1430524,COc1ccc(C)cc1NC(=O)CSc1nnc(-c2ccccn2)n1Cc1ccco1,4.494850021680094,scaffold_test,O=C(CSc1nnc(-c2ccccn2)n1Cc1ccco1)Nc1ccccc1,ChEMBL
chembl-pic50-20260527T153246Z,CHEMBL233,μ-opioid,CHEMBL1445729,COc1cc(Cl)c(C)cc1NC(=O)CSc1nnc(-c2ccccn2)n1Cc1ccco1,4.494850021680094,scaffold_test,O=C(CSc1nnc(-c2ccccn2)n1Cc1ccco1)Nc1ccccc1,ChEMBL
chembl-pic50-20260527T153246Z,CHEMBL233,μ-opioid,CHEMBL1448902,Oc1ccc(C=NNc2ccnc3cc(Cl)ccc23)cc1O,4.494850021680094,scaffold_test,C(=NNc1ccnc2ccccc12)c1ccccc1,ChEMBL
chembl-pic50-20260527T153246Z,CHEMBL233,μ-opioid,CHEMBL1461661,O=C(NC(NC(=S)Nc1c(Cl)cccc1Cl)C(Cl)(Cl)Cl)OCc1ccccc1,5.074172425375258,scaffold_test,O=C(NCNC(=S)Nc1ccccc1)OCc1ccccc1,ChEMBL
chembl-pic50-20260527T153246Z,CHEMBL233,μ-opioid,CHEMBL15257,O=c1c(-c2ccc(Cl)cc2Cl)cncn1C(CN1CCCC1)c1ccccc1,5.017728766960431,scaffold_test,O=c1c(-c2ccccc2)cncn1C(CN1CCCC1)c1ccccc1,ChEMBL
chembl-pic50-20260527T153246Z,CHEMBL233,μ-opioid,CHEMBL1594497,CCC(=NNc1ccnc2cc(Cl)ccc12)c1ccc(O)cc1,4.494850021680094,scaffold_test,C(=NNc1ccnc2ccccc12)c1ccccc1,ChEMBL
chembl-pic50-20260527T153246Z,CHEMBL233,μ-opioid,CHEMBL1685,C[C@@]12CCCCC[C@@H](Cc3ccc(O)cc31)[C@@H]2N,6.886056647693163,scaffold_test,c1ccc2c(c1)C[C@@H]1CCCCCC2C1,ChEMBL
chembl-pic50-20260527T153246Z,CHEMBL233,μ-opioid,CHEMBL1707460,O=C(NC(NC(=S)Nc1ccc(Br)cc1)C(Cl)(Cl)Cl)OCc1ccccc1,4.494850021680094,scaffold_test,O=C(NCNC(=S)Nc1ccccc1)OCc1ccccc1,ChEMBL
chembl-pic50-20260527T153246Z,CHEMBL233,μ-opioid,CHEMBL1710618,O=C(NC(NC(=S)Nc1ccc(Cl)cc1Cl)C(Cl)(Cl)Cl)OCc1ccccc1,4.494850021680094,scaffold_test,O=C(NCNC(=S)Nc1ccccc1)OCc1ccccc1,ChEMBL
chembl-pic50-20260527T153246Z,CHEMBL233,μ-opioid,CHEMBL1710676,Cc1ccc(NC(=S)NC(NC(=O)OCc2ccccc2)C(Cl)(Cl)Cl)c(C)c1,4.494850021680094,scaffold_test,O=C(NCNC(=S)Nc1ccccc1)OCc1ccccc1,ChEMBL
chembl-pic50-20260527T153246Z,CHEMBL233,μ-opioid,CHEMBL1716867,Cc1ccc(NC(=S)NC(NC(=O)OCc2ccccc2)C(Cl)(Cl)Cl)cc1,4.494850021680094,scaffold_test,O=C(NCNC(=S)Nc1ccccc1)OCc1ccccc1,ChEMBL
chembl-pic50-20260527T153246Z,CHEMBL233,μ-opioid,CHEMBL1718305,O=C(NC(NC(=S)Nc1ccc(F)cc1)C(Cl)(Cl)Cl)OCc1ccccc1,4.494850021680094,scaffold_test,O=C(NCNC(=S)Nc1ccccc1)OCc1ccccc1,ChEMBL
chembl-pic50-20260527T153246Z,CHEMBL233,μ-opioid,CHEMBL1719035,O=C(NC(NC(=S)Nc1ccc(Cl)c(Cl)c1)C(Cl)(Cl)Cl)OCc1ccccc1,4.494850021680094,scaffold_test,O=C(NCNC(=S)Nc1ccccc1)OCc1ccccc1,ChEMBL
chembl-pic50-20260527T153246Z,CHEMBL233,μ-opioid,CHEMBL1725095,O=C(Cn1c(=O)c2cccn2c2cccnc21)NCCCN1CCN(Cc2ccccc2)CC1,4.494850021680094,scaffold_test,O=C(Cn1c(=O)c2cccn2c2cccnc21)NCCCN1CCN(Cc2ccccc2)CC1,ChEMBL
chembl-pic50-20260527T153246Z,CHEMBL233,μ-opioid,CHEMBL100116,CC(C)=CCN1CCC2(C)c3cc(O)ccc3CC1C2C,6.552841968657781,train,c1ccc2c(c1)CC1CC2CCN1,ChEMBL
chembl-pic50-20260527T153246Z,CHEMBL233,μ-opioid,CHEMBL101231,C=CCN1C[C@H](C)N([C@H](c2ccc(C(=O)N3CCCC3)cc2)c2cccc(OC)c2)C[C@H]1C,5.208590084332839,train,O=C(c1ccc([C@H](c2ccccc2)N2CCNCC2)cc1)N1CCCC1,ChEMBL
chembl-pic50-20260527T153246Z,CHEMBL233,μ-opioid,CHEMBL101316,C=CCN1C[C@H](C)N([C@H](c2ccc(C(=O)N(CCC)CCC)cc2)c2cccc(OC)c2)C[C@H]1C,5.215882183537077,train,c1ccc(C(c2ccccc2)N2CCNCC2)cc1,ChEMBL
chembl-pic50-20260527T153246Z,CHEMBL233,μ-opioid,CHEMBL102150,C=CCN1C[C@H](C)N([C@H](c2ccc(C(=O)N(CC)CCCC)cc2)c2cccc(OC)c2)C[C@H]1C,5.476253533188435,train,c1ccc(C(c2ccccc2)N2CCNCC2)cc1,ChEMBL
chembl-pic50-20260527T153246Z,CHEMBL233,μ-opioid,CHEMBL1052,CCOC(=O)C1(c2ccccc2)CCNCC1,5.958607314841775,train,c1ccc(C2CCNCC2)cc1,ChEMBL
chembl-pic50-20260527T153246Z,CHEMBL233,μ-opioid,CHEMBL1082723,C[C@H]1Cc2c([nH]c3cc(Cl)c(F)cc23)[C@@]2(N1)C(=O)Nc1ccc(Cl)cc12,5.0,train,O=C1Nc2ccccc2[C@]12NCCc1c2[nH]c2ccccc12,ChEMBL
chembl-pic50-20260527T153246Z,CHEMBL233,μ-opioid,CHEMBL111918,O=C(O)CN1CN(c2ccccc2)C2(CCN(C(=O)OCc3cc4c(cc3Cl)OCO4)CC2)C1=O,6.133712660915805,train,O=C(OCc1ccc2c(c1)OCO2)N1CCC2(CC1)C(=O)NCN2c1ccccc1,ChEMBL
chembl-pic50-20260527T153246Z,CHEMBL233,μ-opioid,CHEMBL112191,COc1ccc(CN2CCC(n3c(O)nc4ccccc43)CC2)c(Cl)c1,7.795880017344075,train,c1ccc(CN2CCC(n3cnc4ccccc43)CC2)cc1,ChEMBL
chembl-pic50-20260527T153246Z,CHEMBL233,μ-opioid,CHEMBL113811,O=C(NCc1ccc2c(c1)OCO2)N1CCC2(CC1)C(=O)NCN2c1ccccc1,5.0,train,O=C(NCc1ccc2c(c1)OCO2)N1CCC2(CC1)C(=O)NCN2c1ccccc1,ChEMBL
chembl-pic50-20260527T153246Z,CHEMBL233,μ-opioid,CHEMBL114,CC(C)(C)NC(=O)[C@@H]1C[C@@H]2CCCC[C@@H]2CN1C[C@@H](O)[C@H](Cc1ccccc1)NC(=O)[C@H](CC(N)=O)NC(=O)c1ccc2ccccc2n1,5.0165992618194615,train,O=C(CNC(=O)c1ccc2ccccc2n1)N[C@H](CCN1CC[C@@H]2CCCC[C@@H]2C1)Cc1ccccc1,ChEMBL
chembl-pic50-20260527T153246Z,CHEMBL233,μ-opioid,CHEMBL114204,COc1cc(CC(=O)N2CCC(n3c(O)nc4ccccc43)CC2)c([N+](=O)[O-])cc1OC,5.0,train,O=C(Cc1ccccc1)N1CCC(n2cnc3ccccc32)CC1,ChEMBL
chembl-pic50-20260527T153246Z,CHEMBL233,μ-opioid,CHEMBL114280,Oc1nc2ccccc2n1CCCNCc1cc2c(cc1Cl)OCO2,6.628932137728263,train,c1ccc2c(c1)ncn2CCCNCc1ccc2c(c1)OCO2,ChEMBL
chembl-pic50-20260527T153246Z,CHEMBL233,μ-opioid,CHEMBL114327,O=C(NCCn1c(O)nc2ccccc21)OCc1cc2c(cc1Cl)OCO2,5.0,train,O=C(NCCn1cnc2ccccc21)OCc1ccc2c(c1)OCO2,ChEMBL
chembl-pic50-20260527T153246Z,CHEMBL233,μ-opioid,CHEMBL114379,Oc1nc2ccccc2n1C1CCN(Cc2cc3c(cc2Cl)OCO3)CC1,8.920818753952375,train,c1ccc2c(c1)ncn2C1CCN(Cc2ccc3c(c2)OCO3)CC1,ChEMBL
chembl-pic50-20260527T153246Z,CHEMBL233,μ-opioid,CHEMBL114484,Cc1ccc(CN2CCC(n3c(O)nc4ccccc43)CC2)c(Cl)c1,7.795880017344075,train,c1ccc(CN2CCC(n3cnc4ccccc43)CC2)cc1,ChEMBL
chembl-pic50-20260527T153246Z,CHEMBL233,μ-opioid,CHEMBL114825,CNC(=O)CN1CN(c2ccccc2)C2(CCN(C(=O)OCc3cc4c(cc3Cl)OCO4)CC2)C1=O,6.747146969020107,train,O=C(OCc1ccc2c(c1)OCO2)N1CCC2(CC1)C(=O)NCN2c1ccccc1,ChEMBL
chembl-pic50-20260527T153246Z,CHEMBL233,μ-opioid,CHEMBL115076,O=C(OCc1cc2c(cc1Cl)OCO2)N1CCC2(CC1)C(=O)NCN2c1ccccc1,5.761953896871205,train,O=C(OCc1ccc2c(c1)OCO2)N1CCC2(CC1)C(=O)NCN2c1ccccc1,ChEMBL
chembl-pic50-20260527T153246Z,CHEMBL233,μ-opioid,CHEMBL115229,O=[N+]([O-])c1cc2c(cc1CN1CC=C(n3c(O)nc4ccccc43)CC1)OCO2,7.714442690992226,train,C1=C(n2cnc3ccccc32)CCN(Cc2ccc3c(c2)OCO3)C1,ChEMBL
chembl-pic50-20260527T153246Z,CHEMBL233,μ-opioid,CHEMBL115284,O=C(OCc1cc2c(cc1Cl)OCO2)N1CCC(N2C(=O)CNc3ccccc32)CC1,5.586700235918748,train,O=C(OCc1ccc2c(c1)OCO2)N1CCC(N2C(=O)CNc3ccccc32)CC1,ChEMBL
chembl-pic50-20260527T153246Z,CHEMBL233,μ-opioid,CHEMBL115709,N#Cc1ccc(CCOC(=O)N2CCN(C/C=C/c3ccccc3)CC2)cc1,6.705533773838407,train,O=C(OCCc1ccccc1)N1CCN(C/C=C/c2ccccc2)CC1,ChEMBL
chembl-pic50-20260527T153246Z,CHEMBL233,μ-opioid,CHEMBL1163015,COc1cc(N)c(Cl)cc1C(=O)NCCN(C)CC1CCCCC1(O)c1cccc(O)c1,6.721246399047171,train,O=C(NCCNCC1CCCCC1c1ccccc1)c1ccccc1,ChEMBL
chembl-pic50-20260527T153246Z,CHEMBL233,μ-opioid,CHEMBL116735,O=C(CCc1ccc(F)cc1)N1CCN(CCCC(c2ccc(F)cc2)c2ccc(F)cc2)CC1,5.436518914605589,train,O=C(CCc1ccccc1)N1CCN(CCCC(c2ccccc2)c2ccccc2)CC1,ChEMBL
chembl-pic50-20260527T153246Z,CHEMBL233,μ-opioid,CHEMBL118865,CN(C(=O)Cc1ccc(Cl)c(Cl)c1)C1CCC2(CCCO2)CC1N1CCCC1,6.6307841425898575,train,O=C(Cc1ccccc1)NC1CCC2(CCCO2)CC1N1CCCC1,ChEMBL
chembl-pic50-20260527T153246Z,CHEMBL233,μ-opioid,CHEMBL1210154,C/C(=N\OC(=O)Nc1ccccc1)c1cccc(-c2cccs2)c1,5.0,train,O=C(Nc1ccccc1)ON=Cc1cccc(-c2cccs2)c1,ChEMBL
chembl-pic50-20260527T153246Z,CHEMBL233,μ-opioid,CHEMBL1223816,NC(=O)c1cccc(O[C@H]2C[C@H]3CC[C@@H](C2)N3CC2CCCCC2)c1,5.73849922680172,train,c1ccc(O[C@H]2C[C@H]3CC[C@@H](C2)N3CC2CCCCC2)cc1,ChEMBL
chembl-pic50-20260527T153246Z,CHEMBL233,μ-opioid,CHEMBL1223817,CN(C)C(=O)N[C@H]1CC[C@H](CN2[C@@H]3CC[C@H]2C[C@@H](Oc2cccc(C(N)=O)c2)C3)CC1,4.522878745280337,train,c1ccc(O[C@H]2C[C@H]3CC[C@@H](C2)N3CC2CCCCC2)cc1,ChEMBL
chembl-pic50-20260527T153246Z,CHEMBL233,μ-opioid,CHEMBL1223871,CN(C)C(=O)N[C@H]1CC[C@@H](CN2[C@@H]3CC[C@H]2C[C@@H](Oc2cccc(C(N)=O)c2)C3)CC1,4.732523198865951,train,c1ccc(O[C@H]2C[C@H]3CC[C@@H](C2)N3CC2CCCCC2)cc1,ChEMBL
chembl-pic50-20260527T153246Z,CHEMBL233,μ-opioid,CHEMBL1223951,NC(=O)c1cccc(O[C@@H]2C[C@H]3CC[C@@H](C2)N3Cc2ccccc2)c1,4.97138808493377,train,c1ccc(CN2[C@@H]3CC[C@H]2C[C@H](Oc2ccccc2)C3)cc1,ChEMBL
chembl-pic50-20260527T153246Z,CHEMBL233,μ-opioid,CHEMBL1223954,NC(=O)c1cccc(S[C@H]2C[C@H]3CC[C@@H](C2)N3Cc2ccccc2)c1,5.511872503752541,train,c1ccc(CN2[C@@H]3CC[C@H]2C[C@@H](Sc2ccccc2)C3)cc1,ChEMBL
chembl-pic50-20260527T153246Z,CHEMBL233,μ-opioid,CHEMBL1224065,NC(=O)c1cccc(N[C@H]2C[C@H]3CC[C@@H](C2)N3Cc2ccccc2)c1,4.768555897082569,train,c1ccc(CN2[C@@H]3CC[C@H]2C[C@@H](Nc2ccccc2)C3)cc1,ChEMBL
chembl-pic50-20260527T153246Z,CHEMBL233,μ-opioid,CHEMBL1224066,NC(=O)c1ccnc(O[C@H]2C[C@H]3CC[C@@H](C2)N3Cc2ccccc2)c1,4.522878745280337,train,c1ccc(CN2[C@@H]3CC[C@H]2C[C@@H](Oc2ccccn2)C3)cc1,ChEMBL
chembl-pic50-20260527T153246Z,CHEMBL233,μ-opioid,CHEMBL1232461,CCNC(=O)C[C@@H]1N=C(c2ccc(Cl)cc2)c2cc(OC)ccc2-n2c(C)nnc21,4.0,train,c1ccc(C2=NCc3nncn3-c3ccccc32)cc1,ChEMBL
chembl-pic50-20260527T153246Z,CHEMBL233,μ-opioid,CHEMBL123679,CCCCN1CCN(C(c2ccccc2)c2ccc(C(=O)N(CC)CC)cc2)CC1,6.313363730737707,train,c1ccc(C(c2ccccc2)N2CCNCC2)cc1,ChEMBL
chembl-pic50-20260527T153246Z,CHEMBL233,μ-opioid,CHEMBL123693,CCCCCC(C)N,7.853871964321762,train,CCCCCC(C)N,ChEMBL
chembl-pic50-20260527T153246Z,CHEMBL233,μ-opioid,CHEMBL1237044,COc1cccc(C2(O)CCCCC2CN(C)C)c1,5.119186407719209,train,c1ccc(C2CCCCC2)cc1,ChEMBL
chembl-pic50-20260527T153246Z,CHEMBL233,μ-opioid,CHEMBL124642,CCN(CC)C(=O)c1ccc(C(c2ccccc2)N2CCN(C)CC2)cc1,5.0,train,c1ccc(C(c2ccccc2)N2CCNCC2)cc1,ChEMBL
chembl-pic50-20260527T153246Z,CHEMBL233,μ-opioid,CHEMBL125248,CCN(CC)C(=O)c1ccc(C(c2ccccc2)N2CCN(CC3CC3)CC2)cc1,5.6201508212371705,train,c1ccc(C(c2ccccc2)N2CCN(CC3CC3)CC2)cc1,ChEMBL
chembl-pic50-20260527T153246Z,CHEMBL233,μ-opioid,CHEMBL1255595,Cc1ccc(CN2[C@@H]3CC[C@H]2C[C@H](Oc2cccc(C(N)=O)c2)C3)o1,4.964410182756542,train,c1ccc(O[C@@H]2C[C@H]3CC[C@@H](C2)N3Cc2ccco2)cc1,ChEMBL
chembl-pic50-20260527T153246Z,CHEMBL233,μ-opioid,CHEMBL1255837,CC(C)[C@@]1(NC(=O)[C@@H]2C[C@@H]3c4cccc5[nH]cc(c45)C[C@H]3N(C)C2)O[C@@]2(O)[C@@H]3CCCN3C(=O)[C@H](Cc3ccccc3)N2C1=O.CS(=O)(=O)O,6.070581074285707,train,O=C(NC1OC2[C@@H]3CCCN3C(=O)[C@H](Cc3ccccc3)N2C1=O)[C@H]1CN[C@@H]2Cc3c[nH]c4cccc(c34)[C@H]2C1,ChEMBL
chembl-pic50-20260527T153246Z,CHEMBL233,μ-opioid,CHEMBL1257226,C[C@H](c1ccccc1)N1[C@@H]2CC[C@H]1C[C@H](Oc1cccc(C(N)=O)c1)C2,4.612912861338995,train,c1ccc(CN2[C@@H]3CC[C@H]2C[C@H](Oc2ccccc2)C3)cc1,ChEMBL
chembl-pic50-20260527T153246Z,CHEMBL233,μ-opioid,CHEMBL1257227,C[C@@H](c1ccccc1)N1[C@@H]2CC[C@H]1C[C@H](Oc1cccc(C(N)=O)c1)C2,4.522878745280337,train,c1ccc(CN2[C@@H]3CC[C@H]2C[C@H](Oc2ccccc2)C3)cc1,ChEMBL
chembl-pic50-20260527T153246Z,CHEMBL233,μ-opioid,CHEMBL125734,CCN(CC)C(=O)c1ccc(C(c2cccc3ccccc23)N2CCNCC2)cc1,6.1095789811990855,train,c1ccc(C(c2cccc3ccccc23)N2CCNCC2)cc1,ChEMBL
chembl-pic50-20260527T153246Z,CHEMBL233,μ-opioid,CHEMBL1257348,COc1cccc([C@@H](C)N2[C@@H]3CC[C@H]2C[C@H](Oc2cccc(C(N)=O)c2)C3)c1,5.980468315468745,train,c1ccc(CN2[C@@H]3CC[C@H]2C[C@H](Oc2ccccc2)C3)cc1,ChEMBL
chembl-pic50-20260527T153246Z,CHEMBL233,μ-opioid,CHEMBL125742,CCN(CC)C(=O)c1ccc(C(c2cccc(OC)c2)N2CCNCC2)cc1,5.276544327964814,train,c1ccc(C(c2ccccc2)N2CCNCC2)cc1,ChEMBL
chembl-pic50-20260527T153246Z,CHEMBL233,μ-opioid,CHEMBL1257457,NC(=O)c1cccc(OC2CCN(Cc3ccccc3)CC2)c1,4.522878745280337,train,c1ccc(CN2CCC(Oc3ccccc3)CC2)cc1,ChEMBL
chembl-pic50-20260527T153246Z,CHEMBL233,μ-opioid,CHEMBL1257458,Cc1ccc([C@@H](C)N2[C@@H]3CC[C@H]2C[C@H](Oc2cccc(C(N)=O)c2)C3)cn1,5.722161666997953,train,c1ccc(O[C@@H]2C[C@H]3CC[C@@H](C2)N3Cc2cccnc2)cc1,ChEMBL
chembl-pic50-20260527T153246Z,CHEMBL233,μ-opioid,CHEMBL1257459,C[C@H](c1ccnc(Cl)c1)N1[C@@H]2CC[C@H]1C[C@H](Oc1cccc(C(N)=O)c1)C2,4.639577005670751,train,c1ccc(O[C@@H]2C[C@H]3CC[C@@H](C2)N3Cc2ccncc2)cc1,ChEMBL
chembl-pic50-20260527T153246Z,CHEMBL233,μ-opioid,CHEMBL1257579,C[C@H](c1ccc(Cl)nc1)N1[C@@H]2CC[C@H]1C[C@H](Oc1cccc(C(N)=O)c1)C2,5.711303739409744,train,c1ccc(O[C@@H]2C[C@H]3CC[C@@H](C2)N3Cc2cccnc2)cc1,ChEMBL
chembl-pic50-20260527T153246Z,CHEMBL233,μ-opioid,CHEMBL1257698,NC(=O)c1cccc(O[C@@H]2C[C@H]3CC[C@@H](C2)N3CCc2ccccc2)c1,6.372634143407267,train,c1ccc(CCN2[C@@H]3CC[C@H]2C[C@H](Oc2ccccc2)C3)cc1,ChEMBL
chembl-pic50-20260527T153246Z,CHEMBL233,μ-opioid,CHEMBL1257820,NC(=O)c1cccc(O[C@@H]2C[C@H]3CC[C@@H](C2)N3CCCc2ccccc2)c1,6.18111458540599,train,c1ccc(CCCN2[C@@H]3CC[C@H]2C[C@H](Oc2ccccc2)C3)cc1,ChEMBL
chembl-pic50-20260527T153246Z,CHEMBL233,μ-opioid,CHEMBL1257821,Cc1ccc(CN2[C@@H]3CC[C@H]2C[C@H](Oc2cccc(C(N)=O)c2)C3)cc1,6.31695296176115,train,c1ccc(CN2[C@@H]3CC[C@H]2C[C@H](Oc2ccccc2)C3)cc1,ChEMBL
chembl-pic50-20260527T153246Z,CHEMBL233,μ-opioid,CHEMBL1257937,Cc1cccc(CN2[C@@H]3CC[C@H]2C[C@H](Oc2cccc(C(N)=O)c2)C3)c1,5.577082019232337,train,c1ccc(CN2[C@@H]3CC[C@H]2C[C@H](Oc2ccccc2)C3)cc1,ChEMBL
chembl-pic50-20260527T153246Z,CHEMBL233,μ-opioid,CHEMBL1257938,Cc1ccccc1CN1[C@@H]2CC[C@H]1C[C@H](Oc1cccc(C(N)=O)c1)C2,4.755623905979428,train,c1ccc(CN2[C@@H]3CC[C@H]2C[C@H](Oc2ccccc2)C3)cc1,ChEMBL
chembl-pic50-20260527T153246Z,CHEMBL233,μ-opioid,CHEMBL1258047,NC(=O)c1cccc(O[C@@H]2C[C@H]3CC[C@@H](C2)N3Cc2ccncc2)c1,5.104909103065601,train,c1ccc(O[C@@H]2C[C@H]3CC[C@@H](C2)N3Cc2ccncc2)cc1,ChEMBL
chembl-pic50-20260527T153246Z,CHEMBL233,μ-opioid,CHEMBL1258048,NC(=O)c1cccc(O[C@@H]2C[C@H]3CC[C@@H](C2)N3Cc2cccnc2)c1,5.538501473216981,train,c1ccc(O[C@@H]2C[C@H]3CC[C@@H](C2)N3Cc2cccnc2)cc1,ChEMBL
chembl-pic50-20260527T153246Z,CHEMBL233,μ-opioid,CHEMBL1258164,NC(=O)c1cccc(O[C@@H]2C[C@H]3CC[C@@H](C2)N3Cc2ccccn2)c1,4.721223542044355,train,c1ccc(O[C@@H]2C[C@H]3CC[C@@H](C2)N3Cc2ccccn2)cc1,ChEMBL
chembl-pic50-20260527T153246Z,CHEMBL233,μ-opioid,CHEMBL1258166,NC(=O)c1cccc(O[C@@H]2C[C@H]3CC[C@@H](C2)N3CC2CC2)c1,4.522878745280337,train,c1ccc(O[C@@H]2C[C@H]3CC[C@@H](C2)N3CC2CC2)cc1,ChEMBL
chembl-pic50-20260527T153246Z,CHEMBL233,μ-opioid,CHEMBL1258279,NC(=O)c1cccc(O[C@@H]2C[C@H]3CC[C@@H](C2)N3CC2CCCCC2)c1,5.73849922680172,train,c1ccc(O[C@@H]2C[C@H]3CC[C@@H](C2)N3CC2CCCCC2)cc1,ChEMBL
chembl-pic50-20260527T153246Z,CHEMBL233,μ-opioid,CHEMBL1258280,NC(=O)c1cccc(O[C@@H]2C[C@H]3CC[C@@H](C2)N3Cc2ccc3c(c2)OCO3)c1,6.512861624522813,train,c1ccc(O[C@@H]2C[C@H]3CC[C@@H](C2)N3Cc2ccc3c(c2)OCO3)cc1,ChEMBL
chembl-pic50-20260527T153246Z,CHEMBL233,μ-opioid,CHEMBL1258391,CS(=O)(=O)Cc1ccc(CN2[C@@H]3CC[C@H]2C[C@H](Oc2cccc(C(N)=O)c2)C3)cc1,6.239577516576788,train,c1ccc(CN2[C@@H]3CC[C@H]2C[C@H](Oc2ccccc2)C3)cc1,ChEMBL
chembl-pic50-20260527T153246Z,CHEMBL233,μ-opioid,CHEMBL1258392,Cn1cc(CN2[C@@H]3CC[C@H]2C[C@H](Oc2cccc(C(N)=O)c2)C3)cn1,5.0253962079129675,train,c1ccc(O[C@@H]2C[C@H]3CC[C@@H](C2)N3Cc2cn[nH]c2)cc1,ChEMBL
chembl-pic50-20260527T153246Z,CHEMBL233,μ-opioid,CHEMBL1258503,NC(=O)c1cccc(O[C@@H]2C[C@H]3CC[C@@H](C2)N3CC(=O)Nc2ccccc2)c1,6.5968794788241825,train,O=C(CN1[C@@H]2CC[C@H]1C[C@H](Oc1ccccc1)C2)Nc1ccccc1,ChEMBL
chembl-pic50-20260527T153246Z,CHEMBL233,μ-opioid,CHEMBL1258615,CC(c1ccccc1)N1[C@@H]2CC[C@H]1C[C@H](Oc1cccc(C(N)=O)c1)C2,4.702524006675788,train,c1ccc(CN2[C@@H]3CC[C@H]2C[C@H](Oc2ccccc2)C3)cc1,ChEMBL
chembl-pic50-20260527T153246Z,CHEMBL233,μ-opioid,CHEMBL1258724,Cc1ccccc1C(C)N1[C@@H]2CC[C@H]1C[C@H](Oc1cccc(C(N)=O)c1)C2,4.775078654415969,train,c1ccc(CN2[C@@H]3CC[C@H]2C[C@H](Oc2ccccc2)C3)cc1,ChEMBL
chembl-pic50-20260527T153246Z,CHEMBL233,μ-opioid,CHEMBL1258725,NC(=O)c1cccc(O[C@@H]2C[C@H]3CC[C@@H](C2)N3C2CCCc3ccccc32)c1,4.6440506772122045,train,c1ccc(O[C@@H]2C[C@H]3CC[C@@H](C2)N3C2CCCc3ccccc32)cc1,ChEMBL
chembl-pic50-20260527T153246Z,CHEMBL233,μ-opioid,CHEMBL1258845,NC(=O)c1cccc(O[C@@H]2C[C@H]3CC[C@@H](C2)N3C2CCCCC2)c1,5.026410376572743,train,c1ccc(O[C@@H]2C[C@H]3CC[C@@H](C2)N3C2CCCCC2)cc1,ChEMBL
chembl-pic50-20260527T153246Z,CHEMBL233,μ-opioid,CHEMBL1258961,NC(=O)c1cccc(O[C@@H]2C[C@H]3CC[C@@H](C2)N3C2(c3ccccc3)CC2)c1,4.522878745280337,train,c1ccc(O[C@@H]2C[C@H]3CC[C@@H](C2)N3C2(c3ccccc3)CC2)cc1,ChEMBL
chembl-pic50-20260527T153246Z,CHEMBL233,μ-opioid,CHEMBL1258962,CC(c1ccncc1)N1[C@@H]2CC[C@H]1C[C@H](Oc1cccc(C(N)=O)c1)C2,4.522878745280337,train,c1ccc(O[C@@H]2C[C@H]3CC[C@@H](C2)N3Cc2ccncc2)cc1,ChEMBL
chembl-pic50-20260527T153246Z,CHEMBL233,μ-opioid,CHEMBL126223,CCN(CC)C(=O)c1ccc(C(c2ccc3ccccc3c2)N2CCNCC2)cc1,5.572351628813068,train,c1ccc(C(c2ccc3ccccc3c2)N2CCNCC2)cc1,ChEMBL
chembl-pic50-20260527T153246Z,CHEMBL233,μ-opioid,CHEMBL126366,CCN(CC)C(=O)c1ccc(C(c2cccc3cnccc23)N2CCNCC2)cc1,5.830619504688051,train,c1ccc(C(c2cccc3cnccc23)N2CCNCC2)cc1,ChEMBL
chembl-pic50-20260527T153246Z,CHEMBL233,μ-opioid,CHEMBL126382,CCN(CC)C(=O)c1ccc(C(c2ccccc2)C2CCNCC2)cc1,5.0,train,c1ccc(C(c2ccccc2)C2CCNCC2)cc1,ChEMBL
chembl-pic50-20260527T153246Z,CHEMBL233,μ-opioid,CHEMBL126819,CCN(CC)C(=O)c1ccc(C(c2ccc3cccnc3c2)N2CCNCC2)cc1,5.9931062920521,train,c1ccc(C(c2ccc3cccnc3c2)N2CCNCC2)cc1,ChEMBL
chembl-pic50-20260527T153246Z,CHEMBL233,μ-opioid,CHEMBL127434,CCN(CC)C(=O)c1ccc(C(c2cccc(OC)c2)N2CC(C)(C)NCC2C)cc1,6.2076083105017466,train,c1ccc(C(c2ccccc2)N2CCNCC2)cc1,ChEMBL
chembl-pic50-20260527T153246Z,CHEMBL233,μ-opioid,CHEMBL127507,CCN(CC)C(=O)c1ccc(C(c2ccccc2)N2CCCNCC2)cc1,5.640164517660112,train,c1ccc(C(c2ccccc2)N2CCCNCC2)cc1,ChEMBL
chembl-pic50-20260527T153246Z,CHEMBL233,μ-opioid,CHEMBL1276308,CC#C[C@]1(O)CC[C@H]2[C@@H]3CCC4=CC(=O)CCC4=C3[C@@H](c3ccc(N(C)C)cc3)C[C@@]21C,5.609594843519919,train,O=C1C=C2CC[C@@H]3C(=C2CC1)[C@@H](c1ccccc1)CC1CCC[C@H]13,ChEMBL
chembl-pic50-20260527T153246Z,CHEMBL233,μ-opioid,CHEMBL127638,CCN(CC)C(=O)c1ccc(C(c2ccc(OC)cc2)N2CCNCC2)cc1,5.343135508451083,train,c1ccc(C(c2ccccc2)N2CCNCC2)cc1,ChEMBL
chembl-pic50-20260527T153246Z,CHEMBL233,μ-opioid,CHEMBL1278088,Nn1c(CCCCN2CCN(c3ccc4ccccc4n3)CC2)nc2c(c1=O)CCCC2,6.0,train,O=c1[nH]c(CCCCN2CCN(c3ccc4ccccc4n3)CC2)nc2c1CCCC2,ChEMBL
chembl-pic50-20260527T153246Z,CHEMBL233,μ-opioid,CHEMBL128005,CCN(CC)C(=O)c1ccc(C(c2ccc(C)cc2)N2CCNCC2)cc1,5.14923127307112,train,c1ccc(C(c2ccccc2)N2CCNCC2)cc1,ChEMBL
chembl-pic50-20260527T153246Z,CHEMBL233,μ-opioid,CHEMBL128006,CCN(CC)C(=O)c1ccc(C(c2ccc(Cl)cc2)N2CCNCC2)cc1,5.273272790973428,train,c1ccc(C(c2ccccc2)N2CCNCC2)cc1,ChEMBL
chembl-pic50-20260527T153246Z,CHEMBL233,μ-opioid,CHEMBL129034,CCN(CC)C(=O)c1ccc(C(=C2CCNCC2)c2cccc3ccccc23)cc1,6.087777943467584,train,c1ccc(C(=C2CCNCC2)c2cccc3ccccc23)cc1,ChEMBL
chembl-pic50-20260527T153246Z,CHEMBL233,μ-opioid,CHEMBL129315,CCN(CC)C(=O)c1ccc(C(=C2CCNCC2)c2cccs2)cc1,5.26440110030182,train,c1ccc(C(=C2CCNCC2)c2cccs2)cc1,ChEMBL
chembl-pic50-20260527T153246Z,CHEMBL233,μ-opioid,CHEMBL1311570,Brc1ccc(CSc2nnc(-c3ccccn3)n2Cc2ccco2)cc1,4.494850021680094,train,c1ccc(CSc2nnc(-c3ccccn3)n2Cc2ccco2)cc1,ChEMBL
chembl-pic50-20260527T153246Z,CHEMBL233,μ-opioid,CHEMBL1333440,O=C(c1ccccn1)N(Cc1cccs1)C1(C(=O)NC2CCCCC2)CCCCC1,4.494850021680094,train,O=C(c1ccccn1)N(Cc1cccs1)C1(C(=O)NC2CCCCC2)CCCCC1,ChEMBL
chembl-pic50-20260527T153246Z,CHEMBL233,μ-opioid,CHEMBL1342964,COc1ccc(CN(CC2CCCO2)C(=O)CN2C(=O)COc3ccccc32)cc1OC,4.494850021680094,train,O=C(CN1C(=O)COc2ccccc21)N(Cc1ccccc1)CC1CCCO1,ChEMBL
chembl-pic50-20260527T153246Z,CHEMBL233,μ-opioid,CHEMBL1343080,Cc1ccc(S(=O)(=O)NCc2ccc(C(=O)N3CCN(Cc4ccccc4)CC3)cc2)cc1,4.494850021680094,train,O=C(c1ccc(CNS(=O)(=O)c2ccccc2)cc1)N1CCN(Cc2ccccc2)CC1,ChEMBL
chembl-pic50-20260527T153246Z,CHEMBL233,μ-opioid,CHEMBL1346675,Cc1ccc(C)c(N2CCN(CCCNC(=O)Cn3c(=O)c4cccn4c4cccnc43)CC2)c1,4.494850021680094,train,O=C(Cn1c(=O)c2cccn2c2cccnc21)NCCCN1CCN(c2ccccc2)CC1,ChEMBL
chembl-pic50-20260527T153246Z,CHEMBL233,μ-opioid,CHEMBL13470,C=CCN1C[C@H](C)N([C@H](c2ccc(C(=O)N(CC)CC)cc2)c2cccc(OC)c2)C[C@H]1C,6.494850021680094,train,c1ccc(C(c2ccccc2)N2CCNCC2)cc1,ChEMBL
chembl-pic50-20260527T153246Z,CHEMBL233,μ-opioid,CHEMBL1348399,COc1ccc(C(=O)CSc2nnc(-c3ccccn3)n2Cc2ccco2)cc1,4.494850021680094,train,O=C(CSc1nnc(-c2ccccn2)n1Cc1ccco1)c1ccccc1,ChEMBL
chembl-pic50-20260527T153246Z,CHEMBL233,μ-opioid,CHEMBL1359415,CCOc1ccc(C(=O)NC2CC3CCCC(C2)N3Cc2ccccc2)cc1,4.494850021680094,train,O=C(NC1CC2CCCC(C1)N2Cc1ccccc1)c1ccccc1,ChEMBL
chembl-pic50-20260527T153246Z,CHEMBL233,μ-opioid,CHEMBL1362498,CCCN(Cc1cc2cc(C)ccc2nc1O)C(=O)c1ccccn1,4.494850021680094,train,O=C(NCc1cnc2ccccc2c1)c1ccccn1,ChEMBL
chembl-pic50-20260527T153246Z,CHEMBL233,μ-opioid,CHEMBL1369123,Oc1c(C=Nc2cccc3cccnc23)sc2ccccc12,6.047207556955908,train,C(=Nc1cccc2cccnc12)c1cc2ccccc2s1,ChEMBL
chembl-pic50-20260527T153246Z,CHEMBL233,μ-opioid,CHEMBL1371990,O=C(c1cnccn1)N(Cc1ccco1)C1(C(=O)NC2CCCC2)CCCCC1,4.494850021680094,train,O=C(c1cnccn1)N(Cc1ccco1)C1(C(=O)NC2CCCC2)CCCCC1,ChEMBL
chembl-pic50-20260527T153246Z,CHEMBL233,μ-opioid,CHEMBL1384726,Cc1ccc(CN2C3CCCC2CC(NC(=O)c2ccc(C)cc2)C3)cc1,4.494850021680094,train,O=C(NC1CC2CCCC(C1)N2Cc1ccccc1)c1ccccc1,ChEMBL
chembl-pic50-20260527T153246Z,CHEMBL233,μ-opioid,CHEMBL1388755,CCCCN(Cc1cc2ccccc2nc1O)C(=O)c1ccccn1,4.494850021680094,train,O=C(NCc1cnc2ccccc2c1)c1ccccn1,ChEMBL
chembl-pic50-20260527T153246Z,CHEMBL233,μ-opioid,CHEMBL1391476,CCC(C)(C(=O)NC1CCCCC1)N(Cc1ccco1)C(=O)c1cnccn1,4.494850021680094,train,O=C(CN(Cc1ccco1)C(=O)c1cnccn1)NC1CCCCC1,ChEMBL
chembl-pic50-20260527T153246Z,CHEMBL233,μ-opioid,CHEMBL139814,CN(C)c1cc(NC(=O)Nc2ccccc2)c2ccccc2n1,4.301029995663981,train,O=C(Nc1ccccc1)Nc1ccnc2ccccc12,ChEMBL
chembl-pic50-20260527T153246Z,CHEMBL233,μ-opioid,CHEMBL139835,CC(=O)O[C@]1(C(C)=O)CC[C@H]2[C@@H]3C=C(Cl)C4=CC(=O)[C@@H]5C[C@@H]5[C@]4(C)[C@H]3CC[C@@]21C,5.660946264290861,train,O=C1C=C2C=C[C@H]3[C@@H]4CCCC4CC[C@@H]3C2[C@H]2C[C@@H]12,ChEMBL
chembl-pic50-20260527T153246Z,CHEMBL233,μ-opioid,CHEMBL1400,CN(C)C[C@H]1CCCC[C@]1(O)c1cccc(O)c1,7.327902142064283,train,c1ccc(C2CCCCC2)cc1,ChEMBL
chembl-pic50-20260527T153246Z,CHEMBL233,μ-opioid,CHEMBL1403666,O=C(CSc1nnc(-c2ccccn2)n1Cc1ccco1)c1ccc(Cl)cc1,4.494850021680094,train,O=C(CSc1nnc(-c2ccccn2)n1Cc1ccco1)c1ccccc1,ChEMBL
chembl-pic50-20260527T153246Z,CHEMBL233,μ-opioid,CHEMBL140979,CCc1ccc(OCc2ccccc2C(=O)Nc2ccc3nc(C)cc(N)c3c2)cc1,5.821886747685368,train,O=C(Nc1ccc2ncccc2c1)c1ccccc1COc1ccccc1,ChEMBL
chembl-pic50-20260527T153246Z,CHEMBL233,μ-opioid,CHEMBL1412822,Clc1ccccc1CSc1nnc(-c2ccccn2)n1Cc1ccco1,4.494850021680094,train,c1ccc(CSc2nnc(-c3ccccn3)n2Cc2ccco2)cc1,ChEMBL
chembl-pic50-20260527T153246Z,CHEMBL233,μ-opioid,CHEMBL141343,Cc1c(C)c2c(c(C)c1O)CCC(C)(CN1CCN(c3cc(N4CCCC4)nc(N4CCCC4)n3)CC1)O2,4.968712751123002,train,c1ccc2c(c1)CCC(CN1CCN(c3cc(N4CCCC4)nc(N4CCCC4)n3)CC1)O2,ChEMBL
chembl-pic50-20260527T153246Z,CHEMBL233,μ-opioid,CHEMBL1417841,CCCCN(Cc1cc2cc(C)ccc2nc1O)C(=O)c1ccccn1,4.494850021680094,train,O=C(NCc1cnc2ccccc2c1)c1ccccn1,ChEMBL
chembl-pic50-20260527T153246Z,CHEMBL233,μ-opioid,CHEMBL1423,O=c1[nH]c2ccccc2n1C1CCN(CCCC(c2ccc(F)cc2)c2ccc(F)cc2)CC1,6.429457060118103,train,O=c1[nH]c2ccccc2n1C1CCN(CCCC(c2ccccc2)c2ccccc2)CC1,ChEMBL
chembl-pic50-20260527T153246Z,CHEMBL233,μ-opioid,CHEMBL1430337,Cc1ccc(C)c(NC(S)=NC(NC(=O)OCc2ccccc2)C(Cl)(Cl)Cl)c1,4.494850021680094,train,O=C(NCN=CNc1ccccc1)OCc1ccccc1,ChEMBL
chembl-pic50-20260527T153246Z,CHEMBL233,μ-opioid,CHEMBL1440728,Cc1ccc(C)c(N2CCN(CCCNC(=O)CCn3c(=O)c4cccn4c4cccnc43)CC2)c1,4.494850021680094,train,O=C(CCn1c(=O)c2cccn2c2cccnc21)NCCCN1CCN(c2ccccc2)CC1,ChEMBL
chembl-pic50-20260527T153246Z,CHEMBL233,μ-opioid,CHEMBL144261,c1ccc(C2(c3ccccc3)CCNCC2)cc1,4.769551078621726,train,c1ccc(C2(c3ccccc3)CCNCC2)cc1,ChEMBL
chembl-pic50-20260527T153246Z,CHEMBL233,μ-opioid,CHEMBL144894,Cc1cc(C)cc(C2(c3cc(C)cc(C)c3)CCNCC2)c1,4.568636235841013,train,c1ccc(C2(c3ccccc3)CCNCC2)cc1,ChEMBL
chembl-pic50-20260527T153246Z,CHEMBL233,μ-opioid,CHEMBL1455045,COc1ccc(N2CCN(CCCNC(=O)Cn3c(=O)c4cccn4c4cccnc43)CC2)cc1,4.494850021680094,train,O=C(Cn1c(=O)c2cccn2c2cccnc21)NCCCN1CCN(c2ccccc2)CC1,ChEMBL
chembl-pic50-20260527T153246Z,CHEMBL233,μ-opioid,CHEMBL1455762,O=C(c1ccc(CNS(=O)(=O)c2ccccc2)cc1)N1CCN(Cc2ccccc2)CC1,4.494850021680094,train,O=C(c1ccc(CNS(=O)(=O)c2ccccc2)cc1)N1CCN(Cc2ccccc2)CC1,ChEMBL
chembl-pic50-20260527T153246Z,CHEMBL233,μ-opioid,CHEMBL1455766,Cc1ccc(S(=O)(=O)NCc2ccc(C(=O)NCCN(Cc3ccccc3)C(C)C)cc2)cc1,4.853871964321762,train,O=C(NCCNCc1ccccc1)c1ccc(CNS(=O)(=O)c2ccccc2)cc1,ChEMBL
chembl-pic50-20260527T153246Z,CHEMBL233,μ-opioid,CHEMBL146013,CCn1c(=O)n(C2CCN(CC3CCCCCCC3)CC2)c2ccccc21,6.022276394711152,train,O=c1[nH]c2ccccc2n1C1CCN(CC2CCCCCCC2)CC1,ChEMBL
chembl-pic50-20260527T153246Z,CHEMBL233,μ-opioid,CHEMBL146054,CC(c1ccccc1Cl)N1CCC(n2c(O)nc3ccccc32)CC1,7.366531544420414,train,c1ccc(CN2CCC(n3cnc4ccccc43)CC2)cc1,ChEMBL
chembl-pic50-20260527T153246Z,CHEMBL233,μ-opioid,CHEMBL146191,Oc1nc2ccccc2n1C1CCN(CC2CCCCCCC2)CC1,6.107905397309519,train,c1ccc2c(c1)ncn2C1CCN(CC2CCCCCCC2)CC1,ChEMBL
chembl-pic50-20260527T153246Z,CHEMBL233,μ-opioid,CHEMBL146462,CCn1c(=O)n([C@H]2CCN(CC3CCCCCCC3)C[C@@H]2CO)c2ccccc21,5.481486060122113,train,O=c1[nH]c2ccccc2n1C1CCN(CC2CCCCCCC2)CC1,ChEMBL
chembl-pic50-20260527T153246Z,CHEMBL233,μ-opioid,CHEMBL14653,CC(=O)c1ccc(-c2cccn(C(CN3CCC(O)C3)c3ccccc3)c2=O)cc1,5.756961951313706,train,O=c1c(-c2ccccc2)cccn1C(CN1CCCC1)c1ccccc1,ChEMBL
chembl-pic50-20260527T153246Z,CHEMBL233,μ-opioid,CHEMBL1474387,Cc1c(P(=S)(c2ccccc2)c2ccccc2)n2ccccc2[n+]1C/C=C/c1ccccc1.[Br-],6.236572006437063,train,S=P(c1ccccc1)(c1ccccc1)c1c[n+](C/C=C/c2ccccc2)c2ccccn12,ChEMBL
chembl-pic50-20260527T153246Z,CHEMBL233,μ-opioid,CHEMBL147511,O=C(CCCCCCCCC(=O)Oc1ccc2c(c1)[C@@]13CCCC[C@H]1[C@@H](C2)N(CC1CCC1)CC3)Oc1ccc2c(c1)[C@@]13CCCC[C@H]1[C@@H](C2)N(CC1CCC1)CC3,7.795880017344075,train,O=C(CCCCCCCCC(=O)Oc1ccc2c(c1)[C@@]13CCCC[C@H]1[C@@H](C2)N(CC1CCC1)CC3)Oc1ccc2c(c1)[C@@]13CCCC[C@H]1[C@@H](C2)N(CC1CCC1)CC3,ChEMBL
chembl-pic50-20260527T153246Z,CHEMBL233,μ-opioid,CHEMBL1478375,CC(=O)c1ccc(S(=O)(=O)NCc2ccc(C(=O)N(C)CC(=O)Nc3cccc(F)c3)cc2)cc1,4.494850021680094,train,O=C(CNC(=O)c1ccc(CNS(=O)(=O)c2ccccc2)cc1)Nc1ccccc1,ChEMBL
chembl-pic50-20260527T153246Z,CHEMBL233,μ-opioid,CHEMBL1479,C#C[C@]1(O)CC[C@H]2[C@@H]3CCC4=Cc5oncc5C[C@]4(C)[C@H]3CC[C@@]21C,4.851428191067843,train,C1=C2CC[C@H]3[C@@H]4CCCC4CC[C@@H]3C2Cc2cnoc21,ChEMBL
chembl-pic50-20260527T153246Z,CHEMBL233,μ-opioid,CHEMBL1480657,O=C(c1ccccn1)N(Cc1ccco1)C1(C(=O)NC2CCCCC2)CCCCC1,4.494850021680094,train,O=C(c1ccccn1)N(Cc1ccco1)C1(C(=O)NC2CCCCC2)CCCCC1,ChEMBL
chembl-pic50-20260527T153246Z,CHEMBL233,μ-opioid,CHEMBL14893,O=c1c(-c2ccccc2)cccn1C(CN1CCC(O)C1)c1ccccc1,5.0,train,O=c1c(-c2ccccc2)cccn1C(CN1CCCC1)c1ccccc1,ChEMBL
chembl-pic50-20260527T153246Z,CHEMBL233,μ-opioid,CHEMBL1490629,C(=C/c1ccccc1)\CSc1nnc(-c2ccccn2)n1Cc1ccco1,4.494850021680094,train,C(=C\c1ccccc1)/CSc1nnc(-c2ccccn2)n1Cc1ccco1,ChEMBL
chembl-pic50-20260527T153246Z,CHEMBL233,μ-opioid,CHEMBL1493095,CCC(C)(C(=O)NC1CCCCC1)N(Cc1ccco1)C(=O)c1ccccn1,4.494850021680094,train,O=C(CN(Cc1ccco1)C(=O)c1ccccn1)NC1CCCCC1,ChEMBL
chembl-pic50-20260527T153246Z,CHEMBL233,μ-opioid,CHEMBL1493386,O=C(c1cnccn1)N(Cc1cccs1)C1(C(=O)NC2CCCCC2)CCCCC1,4.494850021680094,train,O=C(c1cnccn1)N(Cc1cccs1)C1(C(=O)NC2CCCCC2)CCCCC1,ChEMBL
chembl-pic50-20260527T153246Z,CHEMBL233,μ-opioid,CHEMBL14959,Nc1cccc(-c2cccn(C(CN3CCC(O)C3)c3ccccc3)c2=O)c1,5.536107011014093,train,O=c1c(-c2ccccc2)cccn1C(CN1CCCC1)c1ccccc1,ChEMBL
chembl-pic50-20260527T153246Z,CHEMBL233,μ-opioid,CHEMBL14967,O=c1c(-c2ccc(C(F)(F)F)cc2)cccn1C(CN1C=CC=CC=N1)c1ccccc1,5.0,train,O=c1c(-c2ccccc2)cccn1C(CN1C=CC=CC=N1)c1ccccc1,ChEMBL
chembl-pic50-20260527T153246Z,CHEMBL233,μ-opioid,CHEMBL14969,O=c1c(-c2ccc(Cl)cc2Cl)cccn1C(CN1CCCC1)c1ccccc1,5.6777807052660805,train,O=c1c(-c2ccccc2)cccn1C(CN1CCCC1)c1ccccc1,ChEMBL
chembl-pic50-20260527T153246Z,CHEMBL233,μ-opioid,CHEMBL15005,O=c1c(-c2ccc(C(F)(F)F)cc2)cccn1C(CN1CCOCC1)c1ccccc1,5.0,train,O=c1c(-c2ccccc2)cccn1C(CN1CCOCC1)c1ccccc1,ChEMBL
chembl-pic50-20260527T153246Z,CHEMBL233,μ-opioid,CHEMBL1505687,CC(C)(C)c1ccc(CSc2nnc(-c3ccccn3)n2Cc2ccco2)cc1,4.494850021680094,train,c1ccc(CSc2nnc(-c3ccccn3)n2Cc2ccco2)cc1,ChEMBL
chembl-pic50-20260527T153246Z,CHEMBL233,μ-opioid,CHEMBL1508445,CCC(C)(C(=O)NC1CCCC1)N(Cc1cccs1)C(=O)c1ccccn1,4.494850021680094,train,O=C(CN(Cc1cccs1)C(=O)c1ccccn1)NC1CCCC1,ChEMBL
chembl-pic50-20260527T153246Z,CHEMBL233,μ-opioid,CHEMBL1511139,CC(=O)c1ccc(S(=O)(=O)NCc2ccc(C(=O)NCC(c3ccccc3)N(C)C)cc2)cc1,5.716698771296451,train,O=C(NCCc1ccccc1)c1ccc(CNS(=O)(=O)c2ccccc2)cc1,ChEMBL
chembl-pic50-20260527T153246Z,CHEMBL233,μ-opioid,CHEMBL1514361,C=CC[N+]1(C)CC[C@]23c4c5ccc(O)c4O[C@H]2C(=O)CC[C@@]3(O)[C@H]1C5.[I-],6.199998172182031,train,O=C1CCC2[C@H]3Cc4cccc5c4[C@@]2(CC[NH2+]3)[C@H]1O5,ChEMBL
chembl-pic50-20260527T153246Z,CHEMBL233,μ-opioid,CHEMBL1524012,Cc1ccc2nc(O)c(CN(C)C(=O)c3ccccn3)cc2c1,4.494850021680094,train,O=C(NCc1cnc2ccccc2c1)c1ccccn1,ChEMBL
chembl-pic50-20260527T153246Z,CHEMBL233,μ-opioid,CHEMBL15264,O=c1c(Nc2ccc(C(F)(F)F)cc2)cccn1C(CN1CCCC1)c1ccccc1,5.0,train,O=c1c(Nc2ccccc2)cccn1C(CN1CCCC1)c1ccccc1,ChEMBL
chembl-pic50-20260527T153246Z,CHEMBL233,μ-opioid,CHEMBL15272,CC(=O)c1ccc(-c2cccn(C(CN3CCC(O)C3)c3ccccc3)c2=O)s1,5.0,train,O=c1c(-c2cccs2)cccn1C(CN1CCCC1)c1ccccc1,ChEMBL
chembl-pic50-20260527T153246Z,CHEMBL233,μ-opioid,CHEMBL15354,COc1ccc(C(CN2CCCC2)n2cccc(-c3ccc(C(F)(F)F)cc3)c2=O)cc1,5.0,train,O=c1c(-c2ccccc2)cccn1C(CN1CCCC1)c1ccccc1,ChEMBL
chembl-pic50-20260527T153246Z,CHEMBL233,μ-opioid,CHEMBL15428,COc1ccc(Cl)cc1-c1cccn(C(CN2CCC(O)C2)c2ccccc2)c1=O,6.721246399047171,train,O=c1c(-c2ccccc2)cccn1C(CN1CCCC1)c1ccccc1,ChEMBL
chembl-pic50-20260527T153246Z,CHEMBL233,μ-opioid,CHEMBL15429,O=C(O)COc1cccc(C(CN2CCCC2)n2cccc(-c3ccc(C(F)(F)F)cc3)c2=O)c1,5.0,train,O=c1c(-c2ccccc2)cccn1C(CN1CCCC1)c1ccccc1,ChEMBL
chembl-pic50-20260527T153246Z,CHEMBL233,μ-opioid,CHEMBL15462,O=C1COc2ccc(C(CN3CCCC3)n3cccc(-c4ccc(C(F)(F)F)cc4)c3=O)cc2N1,5.0,train,O=C1COc2ccc(C(CN3CCCC3)n3cccc(-c4ccccc4)c3=O)cc2N1,ChEMBL
chembl-pic50-20260527T153246Z,CHEMBL233,μ-opioid,CHEMBL15496,COc1ccc(F)cc1-c1cccn(C(CN2CCC(O)C2)c2ccccc2)c1=O,5.0,train,O=c1c(-c2ccccc2)cccn1C(CN1CCCC1)c1ccccc1,ChEMBL
chembl-pic50-20260527T153246Z,CHEMBL233,μ-opioid,CHEMBL15498,O=c1c(-c2ccc(OC(F)(F)F)cc2)cccn1C(CN1CCC(O)C1)c1ccccc1,5.301029995663981,train,O=c1c(-c2ccccc2)cccn1C(CN1CCCC1)c1ccccc1,ChEMBL
chembl-pic50-20260527T153246Z,CHEMBL233,μ-opioid,CHEMBL1564473,Clc1cccc(CSc2nnc(-c3ccccn3)n2Cc2ccco2)c1,4.494850021680094,train,c1ccc(CSc2nnc(-c3ccccn3)n2Cc2ccco2)cc1,ChEMBL
chembl-pic50-20260527T153246Z,CHEMBL233,μ-opioid,CHEMBL1565651,CCCN(Cc1cc2ccc(C)cc2nc1O)C(=O)c1ccccn1,4.494850021680094,train,O=C(NCc1cnc2ccccc2c1)c1ccccn1,ChEMBL
chembl-pic50-20260527T153246Z,CHEMBL233,μ-opioid,CHEMBL1568059,CCCCN(Cc1cc2cc(OC)ccc2nc1O)C(=O)c1ccccn1,4.494850021680094,train,O=C(NCc1cnc2ccccc2c1)c1ccccn1,ChEMBL
chembl-pic50-20260527T153246Z,CHEMBL233,μ-opioid,CHEMBL1569631,Cc1cccc(C)c1NC(=O)C1(N(Cc2ccco2)C(=O)c2ccccn2)CCCC1,4.494850021680094,train,O=C(c1ccccn1)N(Cc1ccco1)C1(C(=O)Nc2ccccc2)CCCC1,ChEMBL
chembl-pic50-20260527T153246Z,CHEMBL233,μ-opioid,CHEMBL1585267,Clc1ccc(CSc2nnc(-c3ccccn3)n2Cc2ccco2)c(Cl)c1,4.494850021680094,train,c1ccc(CSc2nnc(-c3ccccn3)n2Cc2ccco2)cc1,ChEMBL
chembl-pic50-20260527T153246Z,CHEMBL233,μ-opioid,CHEMBL1588996,COc1ccc(N2CCN(CCCNC(=O)Cn3c(=O)c4cccn4c4ccccc43)CC2)cc1,4.494850021680094,train,O=C(Cn1c(=O)c2cccn2c2ccccc21)NCCCN1CCN(c2ccccc2)CC1,ChEMBL
chembl-pic50-20260527T153246Z,CHEMBL233,μ-opioid,CHEMBL1611676,COc1cc([N+](=O)[O-])c(OC)cc1SCc1nnc(S)n1-c1ccc(C)cc1,4.301029995663981,train,c1ccc(SCc2nncn2-c2ccccc2)cc1,ChEMBL
chembl-pic50-20260527T153246Z,CHEMBL233,μ-opioid,CHEMBL1618250,COC(=O)[C@H](Cc1c[nH]c2ccccc12)n1cc(-c2cc(C(=O)N3CCNCC3)cc(-c3cn([C@@H](Cc4ccc(O)cc4)C(=O)O)nn3)c2)nn1,4.494850021680094,train,O=C(c1cc(-c2cn(CCc3ccccc3)nn2)cc(-c2cn(CCc3c[nH]c4ccccc34)nn2)c1)N1CCNCC1,ChEMBL
chembl-pic50-20260527T153246Z,CHEMBL233,μ-opioid,CHEMBL1618305,C=CCN1CC[C@]23c4c5ccc(O)c4O[C@H]2/C(=N/N=C2\CC[C@@]4(O)[C@H]6Cc7ccc(O)c8c7[C@@]4(CCN6CC=C)[C@H]2O8)CC[C@@]3(O)[C@H]1C5,8.142908845326486,train,c1cc2c3c(c1)O[C@H]1/C(=N/N=C4\CCC5[C@H]6Cc7cccc8c7[C@@]5(CCN6)[C@H]4O8)CCC4[C@@H](C2)NCC[C@@]341,ChEMBL
chembl-pic50-20260527T153246Z,CHEMBL233,μ-opioid,CHEMBL163,CC(C)c1nc(CN(C)C(=O)N[C@H](C(=O)N[C@@H](Cc2ccccc2)C[C@H](O)[C@H](Cc2ccccc2)NC(=O)OCc2cncs2)C(C)C)cs1,4.183480310348955,train,O=C(CNC(=O)NCc1cscn1)N[C@H](CC[C@H](Cc1ccccc1)NC(=O)OCc1cncs1)Cc1ccccc1,ChEMBL
chembl-pic50-20260527T153246Z,CHEMBL233,μ-opioid,CHEMBL1698780,CCN(CCNC(=O)c1ccc(CNS(=O)(=O)c2ccccc2)cc1)Cc1ccccc1,5.692503962086787,train,O=C(NCCNCc1ccccc1)c1ccc(CNS(=O)(=O)c2ccccc2)cc1,ChEMBL
chembl-pic50-20260527T153246Z,CHEMBL233,μ-opioid,CHEMBL1698790,CC(C)OC(=O)C1(N(Cc2ccco2)C(=O)c2ccccn2)CCCCC1,4.823908740944319,train,O=C(c1ccccn1)N(Cc1ccco1)C1CCCCC1,ChEMBL
chembl-pic50-20260527T153246Z,CHEMBL233,μ-opioid,CHEMBL1699035,CCN(CCNC(=O)c1ccc(CNS(=O)(=O)c2ccc(OC)cc2)cc1)Cc1ccccc1,4.899629454882437,train,O=C(NCCNCc1ccccc1)c1ccc(CNS(=O)(=O)c2ccccc2)cc1,ChEMBL
chembl-pic50-20260527T153246Z,CHEMBL233,μ-opioid,CHEMBL1699177,O=C(NCCN(Cc1ccccc1)Cc1ccccc1)c1ccc(CNS(=O)(=O)c2ccccc2)cc1,4.494850021680094,train,O=C(NCCN(Cc1ccccc1)Cc1ccccc1)c1ccc(CNS(=O)(=O)c2ccccc2)cc1,ChEMBL
chembl-pic50-20260527T153246Z,CHEMBL233,μ-opioid,CHEMBL1699195,Cc1ccc(Cl)cc1N1CCN(CCNC(=O)Cn2c(=O)c3cccn3c3cccnc32)CC1,5.400116927926312,train,O=C(Cn1c(=O)c2cccn2c2cccnc21)NCCN1CCN(c2ccccc2)CC1,ChEMBL
chembl-pic50-20260527T153246Z,CHEMBL233,μ-opioid,CHEMBL1700772,CC(C)c1ccc(S(=O)(=O)NCc2ccc(C(=O)NCCN(Cc3ccccc3)C(C)C)cc2)cc1,6.180456064458132,train,O=C(NCCNCc1ccccc1)c1ccc(CNS(=O)(=O)c2ccccc2)cc1,ChEMBL
chembl-pic50-20260527T153246Z,CHEMBL233,μ-opioid,CHEMBL1701674,CC(C)N(CCNC(=O)c1ccc(CNS(=O)(=O)c2ccc(C(C)(C)C)cc2)cc1)Cc1ccccc1,4.494850021680094,train,O=C(NCCNCc1ccccc1)c1ccc(CNS(=O)(=O)c2ccccc2)cc1,ChEMBL
chembl-pic50-20260527T153246Z,CHEMBL233,μ-opioid,CHEMBL1701756,Cc1ccc(CN(CCNC(=O)c2ccc(CNS(=O)(=O)c3ccc(C)cc3)cc2)C(C)C)cc1,4.494850021680094,train,O=C(NCCNCc1ccccc1)c1ccc(CNS(=O)(=O)c2ccccc2)cc1,ChEMBL
chembl-pic50-20260527T153246Z,CHEMBL233,μ-opioid,CHEMBL1702166,Cc1ccc(S(=O)(=O)NCc2ccc(C(=O)NCCN3CCC(c4ccccc4)CC3)cc2)cc1,5.411168274405793,train,O=C(NCCN1CCC(c2ccccc2)CC1)c1ccc(CNS(=O)(=O)c2ccccc2)cc1,ChEMBL
chembl-pic50-20260527T153246Z,CHEMBL233,μ-opioid,CHEMBL1702620,COc1ccc(N2CCN(CCCNC(=O)Cn3c(=O)c4cccn4c4c(C)ccnc43)CC2)c(OC)c1,4.510041520575165,train,O=C(Cn1c(=O)c2cccn2c2cccnc21)NCCCN1CCN(c2ccccc2)CC1,ChEMBL
chembl-pic50-20260527T153246Z,CHEMBL233,μ-opioid,CHEMBL1702752,COc1ccc(N2CCN(CCCNC(=O)Cn3c(=O)c4cccn4c4cc(Br)cnc43)CC2)c(OC)c1,4.991399828238082,train,O=C(Cn1c(=O)c2cccn2c2cccnc21)NCCCN1CCN(c2ccccc2)CC1,ChEMBL
chembl-pic50-20260527T153246Z,CHEMBL233,μ-opioid,CHEMBL1704494,Cc1ccc(N2CCN(CCCNC(=O)Cn3c(=O)c4cccn4c4c(C)ccnc43)CC2)cc1,4.494850021680094,train,O=C(Cn1c(=O)c2cccn2c2cccnc21)NCCCN1CCN(c2ccccc2)CC1,ChEMBL
chembl-pic50-20260527T153246Z,CHEMBL233,μ-opioid,CHEMBL1704988,Cc1ccnc2c1n1cccc1c(=O)n2CC(=O)NCCCN1CCN(c2ccc3c(c2)OCO3)CC1,4.764471553092451,train,O=C(Cn1c(=O)c2cccn2c2cccnc21)NCCCN1CCN(c2ccc3c(c2)OCO3)CC1,ChEMBL
chembl-pic50-20260527T153246Z,CHEMBL233,μ-opioid,CHEMBL1705658,Cc1ccc(CSc2nnc(-c3ccccn3)n2Cc2cccs2)cc1,4.494850021680094,train,c1ccc(CSc2nnc(-c3ccccn3)n2Cc2cccs2)cc1,ChEMBL
chembl-pic50-20260527T153246Z,CHEMBL233,μ-opioid,CHEMBL1705910,O=C(Cn1c(=O)c2cccn2c2cccnc21)NCCCN1CCN(c2ccc(F)cc2)CC1,4.494850021680094,train,O=C(Cn1c(=O)c2cccn2c2cccnc21)NCCCN1CCN(c2ccccc2)CC1,ChEMBL
chembl-pic50-20260527T153246Z,CHEMBL233,μ-opioid,CHEMBL1705984,c1ccc(CSc2nnc(-c3ccccn3)n2Cc2cccs2)cc1,4.494850021680094,train,c1ccc(CSc2nnc(-c3ccccn3)n2Cc2cccs2)cc1,ChEMBL
chembl-pic50-20260527T153246Z,CHEMBL233,μ-opioid,CHEMBL1706477,CC(=O)Nc1ccc(S(=O)(=O)NCc2ccc(C(=O)NCCN(C)Cc3ccccc3)cc2)cc1,4.494850021680094,train,O=C(NCCNCc1ccccc1)c1ccc(CNS(=O)(=O)c2ccccc2)cc1,ChEMBL
chembl-pic50-20260527T153246Z,CHEMBL233,μ-opioid,CHEMBL1706568,CCc1ccc(S(=O)(=O)NCc2ccc(C(=O)NCCc3ccccc3)cc2)cc1,4.494850021680094,train,O=C(NCCc1ccccc1)c1ccc(CNS(=O)(=O)c2ccccc2)cc1,ChEMBL
chembl-pic50-20260527T153246Z,CHEMBL233,μ-opioid,CHEMBL1706771,CCc1ccc(S(=O)(=O)NCc2ccc(C(=O)NCCN3Cc4ccccc4C3)cc2)cc1,4.494850021680094,train,O=C(NCCN1Cc2ccccc2C1)c1ccc(CNS(=O)(=O)c2ccccc2)cc1,ChEMBL
chembl-pic50-20260527T153246Z,CHEMBL233,μ-opioid,CHEMBL1706901,Cc1ccc(S(=O)(=O)NCc2ccc(C(=O)NCCN(Cc3ccccc3)Cc3ccccc3)cc2)cc1,4.494850021680094,train,O=C(NCCN(Cc1ccccc1)Cc1ccccc1)c1ccc(CNS(=O)(=O)c2ccccc2)cc1,ChEMBL
chembl-pic50-20260527T153246Z,CHEMBL233,μ-opioid,CHEMBL1707,CN(C)C(=O)C(CCN1CCC(O)(c2ccc(Cl)cc2)CC1)(c1ccccc1)c1ccccc1.Cl,8.823908740944319,train,c1ccc(C2CCN(CCC(c3ccccc3)c3ccccc3)CC2)cc1,ChEMBL
chembl-pic50-20260527T153246Z,CHEMBL233,μ-opioid,CHEMBL1707232,COc1ccc(S(=O)(=O)NCc2ccc(C(=O)NCCN(Cc3ccccc3)Cc3ccccc3)cc2)cc1,4.494850021680094,train,O=C(NCCN(Cc1ccccc1)Cc1ccccc1)c1ccc(CNS(=O)(=O)c2ccccc2)cc1,ChEMBL
chembl-pic50-20260527T153246Z,CHEMBL233,μ-opioid,CHEMBL1707988,O=C(Cn1c(=O)c2cccn2c2cc(Br)cnc21)NCCCN1CCN(c2ccc(Cl)cc2)CC1,5.274088367704952,train,O=C(Cn1c(=O)c2cccn2c2cccnc21)NCCCN1CCN(c2ccccc2)CC1,ChEMBL
chembl-pic50-20260527T153246Z,CHEMBL233,μ-opioid,CHEMBL1707989,CC(C)N(CCNC(=O)c1ccc(CNS(=O)(=O)c2ccc(-c3ccccc3)cc2)cc1)Cc1ccccc1,4.494850021680094,train,O=C(NCCNCc1ccccc1)c1ccc(CNS(=O)(=O)c2ccc(-c3ccccc3)cc2)cc1,ChEMBL
chembl-pic50-20260527T153246Z,CHEMBL233,μ-opioid,CHEMBL1708361,COc1ccc(CSc2nnc(-c3ccccn3)n2Cc2ccco2)cc1,4.494850021680094,train,c1ccc(CSc2nnc(-c3ccccn3)n2Cc2ccco2)cc1,ChEMBL
chembl-pic50-20260527T153246Z,CHEMBL233,μ-opioid,CHEMBL1708421,Clc1ccc(CSc2nnc(-c3ccccn3)n2Cc2ccco2)cc1Cl,4.494850021680094,train,c1ccc(CSc2nnc(-c3ccccn3)n2Cc2ccco2)cc1,ChEMBL
chembl-pic50-20260527T153246Z,CHEMBL233,μ-opioid,CHEMBL1710945,Cc1ccc(CN(CCNC(=O)c2ccc(CNS(=O)(=O)c3cccc(C)c3)cc2)C(C)C)cc1,4.494850021680094,train,O=C(NCCNCc1ccccc1)c1ccc(CNS(=O)(=O)c2ccccc2)cc1,ChEMBL
chembl-pic50-20260527T153246Z,CHEMBL233,μ-opioid,CHEMBL1711271,CCCCc1ccc(S(=O)(=O)NCc2ccc(C(=O)NCCN(Cc3ccccc3)C(C)C)cc2)cc1,4.494850021680094,train,O=C(NCCNCc1ccccc1)c1ccc(CNS(=O)(=O)c2ccccc2)cc1,ChEMBL
chembl-pic50-20260527T153246Z,CHEMBL233,μ-opioid,CHEMBL1711389,O=C(Cn1c(=O)c2cccn2c2cccnc21)NCCCN1CCN(c2ccccc2)CC1,4.494850021680094,train,O=C(Cn1c(=O)c2cccn2c2cccnc21)NCCCN1CCN(c2ccccc2)CC1,ChEMBL
chembl-pic50-20260527T153246Z,CHEMBL233,μ-opioid,CHEMBL1711785,Clc1ccc(CSc2nnc(-c3ccccn3)n2Cc2cccs2)cc1Cl,4.494850021680094,train,c1ccc(CSc2nnc(-c3ccccn3)n2Cc2cccs2)cc1,ChEMBL
chembl-pic50-20260527T153246Z,CHEMBL233,μ-opioid,CHEMBL1711929,COc1ccc(N2CCN(CCCNC(=O)Cn3c(=O)c4cccn4c4cc(Br)cnc43)CC2)cc1,4.987162775294828,train,O=C(Cn1c(=O)c2cccn2c2cccnc21)NCCCN1CCN(c2ccccc2)CC1,ChEMBL
chembl-pic50-20260527T153246Z,CHEMBL233,μ-opioid,CHEMBL1712643,COc1ccc(S(=O)(=O)NCc2ccc(C(=O)N3CCN(Cc4ccccc4)CC3)cc2)cc1,4.494850021680094,train,O=C(c1ccc(CNS(=O)(=O)c2ccccc2)cc1)N1CCN(Cc2ccccc2)CC1,ChEMBL
chembl-pic50-20260527T153246Z,CHEMBL233,μ-opioid,CHEMBL1712885,Cc1ccc(S(=O)(=O)NCc2ccc(C(=O)NCCCN3CCN(c4ccccc4)CC3)cc2)cc1,6.328827157284917,train,O=C(NCCCN1CCN(c2ccccc2)CC1)c1ccc(CNS(=O)(=O)c2ccccc2)cc1,ChEMBL
chembl-pic50-20260527T153246Z,CHEMBL233,μ-opioid,CHEMBL1713635,COc1ccc(S(=O)(=O)NCc2ccc(C(=O)NCCN(Cc3ccccc3)C(C)C)cc2)cc1,5.017728766960431,train,O=C(NCCNCc1ccccc1)c1ccc(CNS(=O)(=O)c2ccccc2)cc1,ChEMBL
chembl-pic50-20260527T153246Z,CHEMBL233,μ-opioid,CHEMBL1713943,COc1ccc(CN(CCNC(=O)c2ccc(CNS(=O)(=O)c3ccccc3)cc2)C(C)C)cc1,4.844663962534939,train,O=C(NCCNCc1ccccc1)c1ccc(CNS(=O)(=O)c2ccccc2)cc1,ChEMBL
chembl-pic50-20260527T153246Z,CHEMBL233,μ-opioid,CHEMBL1713967,Cc1ccc(S(=O)(=O)NCc2ccc(C(=O)NCCN(Cc3ccccc3)C(C)(C)C)cc2)cc1,5.856985199745905,train,O=C(NCCNCc1ccccc1)c1ccc(CNS(=O)(=O)c2ccccc2)cc1,ChEMBL
chembl-pic50-20260527T153246Z,CHEMBL233,μ-opioid,CHEMBL1714010,O=C(NCCN1Cc2ccccc2C1)c1ccc(CNS(=O)(=O)c2ccc(Br)cc2)cc1,4.494850021680094,train,O=C(NCCN1Cc2ccccc2C1)c1ccc(CNS(=O)(=O)c2ccccc2)cc1,ChEMBL
chembl-pic50-20260527T153246Z,CHEMBL233,μ-opioid,CHEMBL1714242,COc1ccc(N2CCN(CCNC(=O)Cn3c(=O)c4cccn4c4c(C)ccnc43)CC2)cc1,4.494850021680094,train,O=C(Cn1c(=O)c2cccn2c2cccnc21)NCCN1CCN(c2ccccc2)CC1,ChEMBL
chembl-pic50-20260527T153246Z,CHEMBL233,μ-opioid,CHEMBL1714581,Cc1cc(C)c(S(=O)(=O)NCc2ccc(C(=O)NCCN3Cc4ccccc4C3)cc2)c(C)c1,4.494850021680094,train,O=C(NCCN1Cc2ccccc2C1)c1ccc(CNS(=O)(=O)c2ccccc2)cc1,ChEMBL
chembl-pic50-20260527T153246Z,CHEMBL233,μ-opioid,CHEMBL1714715,Cc1cccc(N2CCN(CCNC(=O)Cn3c(=O)c4cccn4c4cccnc43)CC2)c1C,5.198596289982645,train,O=C(Cn1c(=O)c2cccn2c2cccnc21)NCCN1CCN(c2ccccc2)CC1,ChEMBL
chembl-pic50-20260527T153246Z,CHEMBL233,μ-opioid,CHEMBL1714757,O=C(Cn1c(=O)c2cccn2c2ccc(F)cc21)NCCCN1CCN(c2ccc(F)cc2)CC1,4.494850021680094,train,O=C(Cn1c(=O)c2cccn2c2ccccc21)NCCCN1CCN(c2ccccc2)CC1,ChEMBL
chembl-pic50-20260527T153246Z,CHEMBL233,μ-opioid,CHEMBL1714925,COc1ccc(CN(CCNC(=O)c2ccc(CNS(=O)(=O)c3ccc(C)cc3)cc2)C(C)C)cc1,4.494850021680094,train,O=C(NCCNCc1ccccc1)c1ccc(CNS(=O)(=O)c2ccccc2)cc1,ChEMBL
chembl-pic50-20260527T153246Z,CHEMBL233,μ-opioid,CHEMBL1715251,Cc1cccc(S(=O)(=O)NCc2ccc(C(=O)NCCN3Cc4ccccc4C3)cc2)c1,4.494850021680094,train,O=C(NCCN1Cc2ccccc2C1)c1ccc(CNS(=O)(=O)c2ccccc2)cc1,ChEMBL
chembl-pic50-20260527T153246Z,CHEMBL233,μ-opioid,CHEMBL1715436,O=C(Cn1c(=O)c2cccn2c2cccnc21)NCCCN1CCN(c2ccc3c(c2)OCO3)CC1,4.494850021680094,train,O=C(Cn1c(=O)c2cccn2c2cccnc21)NCCCN1CCN(c2ccc3c(c2)OCO3)CC1,ChEMBL
chembl-pic50-20260527T153246Z,CHEMBL233,μ-opioid,CHEMBL1715518,Fc1ccc(CSc2nnc(-c3ccccn3)n2Cc2cccs2)c(F)c1,4.494850021680094,train,c1ccc(CSc2nnc(-c3ccccn3)n2Cc2cccs2)cc1,ChEMBL
chembl-pic50-20260527T153246Z,CHEMBL233,μ-opioid,CHEMBL1716094,O=C(Cn1c(=O)c2cccn2c2cc(Br)cnc21)NCCCN1CCN(c2ccc3c(c2)OCO3)CC1,4.494850021680094,train,O=C(Cn1c(=O)c2cccn2c2cccnc21)NCCCN1CCN(c2ccc3c(c2)OCO3)CC1,ChEMBL
chembl-pic50-20260527T153246Z,CHEMBL233,μ-opioid,CHEMBL1717312,Cc1ccnc2c1n1cccc1c(=O)n2CC(=O)NCCCN1CCN(c2ccccc2)CC1,4.647817481888637,train,O=C(Cn1c(=O)c2cccn2c2cccnc21)NCCCN1CCN(c2ccccc2)CC1,ChEMBL
chembl-pic50-20260527T153246Z,CHEMBL233,μ-opioid,CHEMBL1717720,CC(C)N(CCNC(=O)c1ccc(CNS(=O)(=O)c2ccc(C3CCCCC3)cc2)cc1)Cc1ccccc1,5.607303046740334,train,O=C(NCCNCc1ccccc1)c1ccc(CNS(=O)(=O)c2ccc(C3CCCCC3)cc2)cc1,ChEMBL
chembl-pic50-20260527T153246Z,CHEMBL233,μ-opioid,CHEMBL1717840,CCc1ccc(S(=O)(=O)NCc2ccc(C(=O)NCCN(Cc3ccccc3)Cc3ccccc3)cc2)cc1,4.494850021680094,train,O=C(NCCN(Cc1ccccc1)Cc1ccccc1)c1ccc(CNS(=O)(=O)c2ccccc2)cc1,ChEMBL
chembl-pic50-20260527T153246Z,CHEMBL233,μ-opioid,CHEMBL1718184,Cc1ccc(S(=O)(=O)N2CCc3ccc(C(=O)NCCN(Cc4ccccc4)C(C)C)cc3C2)cc1,5.539102157243452,train,O=C(NCCNCc1ccccc1)c1ccc2c(c1)CN(S(=O)(=O)c1ccccc1)CC2,ChEMBL
chembl-pic50-20260527T153246Z,CHEMBL233,μ-opioid,CHEMBL1718365,COc1ccc(S(=O)(=O)NCc2ccc(C(=O)NCCN(Cc3ccc(Br)cc3)C(C)C)cc2)cc1,4.494850021680094,train,O=C(NCCNCc1ccccc1)c1ccc(CNS(=O)(=O)c2ccccc2)cc1,ChEMBL
chembl-pic50-20260527T153246Z,CHEMBL233,μ-opioid,CHEMBL1719053,CCN(CCNC(=O)c1ccc(CNS(=O)(=O)c2ccc(Br)cc2)cc1)Cc1ccccc1,5.0726296369609765,train,O=C(NCCNCc1ccccc1)c1ccc(CNS(=O)(=O)c2ccccc2)cc1,ChEMBL
chembl-pic50-20260527T153246Z,CHEMBL233,μ-opioid,CHEMBL1719120,CCc1ccc(S(=O)(=O)NCc2ccc(C(=O)NCCN(Cc3ccc(OC)cc3)C(C)C)cc2)cc1,4.494850021680094,train,O=C(NCCNCc1ccccc1)c1ccc(CNS(=O)(=O)c2ccccc2)cc1,ChEMBL
chembl-pic50-20260527T153246Z,CHEMBL233,μ-opioid,CHEMBL1719211,CCc1ccc(S(=O)(=O)NCc2ccc(C(=O)NCCN(Cc3ccc(C)cc3)C(C)C)cc2)cc1,4.494850021680094,train,O=C(NCCNCc1ccccc1)c1ccc(CNS(=O)(=O)c2ccccc2)cc1,ChEMBL
chembl-pic50-20260527T153246Z,CHEMBL233,μ-opioid,CHEMBL1719256,CCC(C)(C)c1ccc(S(=O)(=O)NCc2ccc(C(=O)NCCN(Cc3ccccc3)C(C)C)cc2)cc1,4.494850021680094,train,O=C(NCCNCc1ccccc1)c1ccc(CNS(=O)(=O)c2ccccc2)cc1,ChEMBL
chembl-pic50-20260527T153246Z,CHEMBL233,μ-opioid,CHEMBL1720462,Cc1ccc(S(=O)(=O)NCc2ccc(C(=O)NC3CCCN(Cc4ccccc4)C3)cc2)cc1,5.170696227168975,train,O=C(NC1CCCN(Cc2ccccc2)C1)c1ccc(CNS(=O)(=O)c2ccccc2)cc1,ChEMBL
chembl-pic50-20260527T153246Z,CHEMBL233,μ-opioid,CHEMBL1720680,COc1ccc(S(=O)(=O)NCc2ccc(C(=O)NCCN3Cc4ccccc4C3)cc2)cc1,4.494850021680094,train,O=C(NCCN1Cc2ccccc2C1)c1ccc(CNS(=O)(=O)c2ccccc2)cc1,ChEMBL
chembl-pic50-20260527T153246Z,CHEMBL233,μ-opioid,CHEMBL1721558,Cc1cccc(S(=O)(=O)NCc2ccc(C(=O)NCCN(Cc3ccccc3)C(C)C)cc2)c1,5.097453220686009,train,O=C(NCCNCc1ccccc1)c1ccc(CNS(=O)(=O)c2ccccc2)cc1,ChEMBL
chembl-pic50-20260527T153246Z,CHEMBL233,μ-opioid,CHEMBL1721727,CCc1ccc(S(=O)(=O)NCc2ccc(C(=O)NCCN(CC)Cc3ccccc3)cc2)cc1,4.709965388637482,train,O=C(NCCNCc1ccccc1)c1ccc(CNS(=O)(=O)c2ccccc2)cc1,ChEMBL
chembl-pic50-20260527T153246Z,CHEMBL233,μ-opioid,CHEMBL1723702,CC(C)Cc1ccc(S(=O)(=O)NCc2ccc(C(=O)NCCN(Cc3ccccc3)C(C)C)cc2)cc1,4.494850021680094,train,O=C(NCCNCc1ccccc1)c1ccc(CNS(=O)(=O)c2ccccc2)cc1,ChEMBL
chembl-pic50-20260527T153246Z,CHEMBL233,μ-opioid,CHEMBL1723909,O=C(c1ccccn1)N(Cc1ccco1)C1(C(=O)Nc2ccc(Br)cc2)CCCCC1,4.494850021680094,train,O=C(c1ccccn1)N(Cc1ccco1)C1(C(=O)Nc2ccccc2)CCCCC1,ChEMBL
chembl-pic50-20260527T153246Z,CHEMBL233,μ-opioid,CHEMBL1724354,CC(C)N(CCNC(=O)c1ccc(CNS(=O)(=O)c2ccc(Br)cc2)cc1)Cc1ccc(Br)cc1,4.494850021680094,train,O=C(NCCNCc1ccccc1)c1ccc(CNS(=O)(=O)c2ccccc2)cc1,ChEMBL
chembl-pic50-20260527T153246Z,CHEMBL233,μ-opioid,CHEMBL1724710,Cc1cccc(-n2ccnc2CN2CCC(CO)(CC3CCCCO3)CC2)c1,4.494850021680094,train,c1ccc(-n2ccnc2CN2CCC(CC3CCCCO3)CC2)cc1,ChEMBL
chembl-pic50-20260527T153246Z,CHEMBL233,μ-opioid,CHEMBL1724868,Cc1ccc(S(=O)(=O)NCc2ccc(C(=O)NCCN(Cc3ccc(Br)cc3)C(C)C)cc2)cc1,4.494850021680094,train,O=C(NCCNCc1ccccc1)c1ccc(CNS(=O)(=O)c2ccccc2)cc1,ChEMBL
chembl-pic50-20260527T153246Z,CHEMBL233,μ-opioid,CHEMBL1725537,Cc1ccc(S(=O)(=O)NCc2ccc(C(=O)NCCN(Cc3ccccc3)C3CCCC3)cc2)cc1,5.480172006224281,train,O=C(NCCN(Cc1ccccc1)C1CCCC1)c1ccc(CNS(=O)(=O)c2ccccc2)cc1,ChEMBL
chembl-pic50-20260527T153246Z,CHEMBL236,δ-opioid,CHEMBL102426,CN(C(=O)Cc1ccccc1)[C@@H]1CC[C@]2(CCCO2)C[C@H]1N1CCCC1,4.494850021680094,external,O=C(Cc1ccccc1)N[C@@H]1CC[C@]2(CCCO2)C[C@H]1N1CCCC1,ChEMBL
chembl-pic50-20260527T153246Z,CHEMBL236,δ-opioid,CHEMBL106876,COc1ccc2c3c1O[C@H]1C(=O)CC[C@@]4(NC(=O)/C=C/c5ccc([N+](=O)[O-])cc5)C(C2)N(C)CCC314,7.705533773838407,external,O=C(/C=C/c1ccccc1)N[C@@]12CCC(=O)[C@@H]3Oc4cccc5c4C31CCNC2C5,ChEMBL
chembl-pic50-20260527T153246Z,CHEMBL236,δ-opioid,CHEMBL107164,CN1CCC23c4c5ccc(O)c4O[C@@]2(C)C(=O)CC[C@@]3(NC(=O)/C=C/c2ccc([N+](=O)[O-])cc2)C1C5,7.293282217663242,external,O=C(/C=C/c1ccccc1)N[C@@]12CCC(=O)C3Oc4cccc5c4C31CCNC2C5,ChEMBL
chembl-pic50-20260527T153246Z,CHEMBL236,δ-opioid,CHEMBL10872,CC(C)[C@@H](CN1CC[C@@](C)(c2cccc(O)c2)[C@@H](C)C1)NC(=O)[C@H]1Cc2ccccc2CN1,5.893129455521346,external,O=C(NCCN1CCC(c2ccccc2)CC1)[C@H]1Cc2ccccc2CN1,ChEMBL
chembl-pic50-20260527T153246Z,CHEMBL236,δ-opioid,CHEMBL108794,COc1ccc2c3c1O[C@H]1C(=O)C=C[C@@]4(NC(=O)/C=C/c5ccc([N+](=O)[O-])cc5)C(C2)N(C)CCC314,7.341988603342887,external,O=C(/C=C/c1ccccc1)N[C@@]12C=CC(=O)[C@@H]3Oc4cccc5c4C31CCNC2C5,ChEMBL
chembl-pic50-20260527T153246Z,CHEMBL236,δ-opioid,CHEMBL110238,CN1CCC23c4c5ccc(O)c4O[C@H]2C(=O)C=C[C@@]3(NC(=O)/C=C/c2ccc([N+](=O)[O-])cc2)C1C5,8.361510743045363,external,O=C(/C=C/c1ccccc1)N[C@@]12C=CC(=O)[C@@H]3Oc4cccc5c4C31CCNC2C5,ChEMBL
chembl-pic50-20260527T153246Z,CHEMBL236,δ-opioid,CHEMBL112191,COc1ccc(CN2CCC(n3c(O)nc4ccccc43)CC2)c(Cl)c1,5.85078088734462,external,c1ccc(CN2CCC(n3cnc4ccccc43)CC2)cc1,ChEMBL
chembl-pic50-20260527T153246Z,CHEMBL236,δ-opioid,CHEMBL114,CC(C)(C)NC(=O)[C@@H]1C[C@@H]2CCCC[C@@H]2CN1C[C@@H](O)[C@H](Cc1ccccc1)NC(=O)[C@H](CC(N)=O)NC(=O)c1ccc2ccccc2n1,4.550243987937872,external,O=C(CNC(=O)c1ccc2ccccc2n1)N[C@H](CCN1CC[C@@H]2CCCC[C@@H]2C1)Cc1ccccc1,ChEMBL
chembl-pic50-20260527T153246Z,CHEMBL236,δ-opioid,CHEMBL114327,O=C(NCCn1c(O)nc2ccccc21)OCc1cc2c(cc1Cl)OCO2,5.0,external,O=C(NCCn1cnc2ccccc21)OCc1ccc2c(c1)OCO2,ChEMBL
chembl-pic50-20260527T153246Z,CHEMBL236,δ-opioid,CHEMBL114484,Cc1ccc(CN2CCC(n3c(O)nc4ccccc43)CC2)c(Cl)c1,5.85078088734462,external,c1ccc(CN2CCC(n3cnc4ccccc43)CC2)cc1,ChEMBL
chembl-pic50-20260527T153246Z,CHEMBL236,δ-opioid,CHEMBL114824,O=C(Cc1c[nH]c2ccc(Br)cc12)N1CCN(c2ccc([N+](=O)[O-])c3nonc23)CC1,5.0,external,O=C(Cc1c[nH]c2ccccc12)N1CCN(c2cccc3nonc23)CC1,ChEMBL
chembl-pic50-20260527T153246Z,CHEMBL236,δ-opioid,CHEMBL1172246,N=C(N)NCCC[C@@H]1NC(=O)[C@H](Cc2ccc(Cl)cc2)NC(=O)[C@H](Cc2cnc[nH]2)NC(=O)CNC(=O)[C@H](NC(=O)[C@@H](N)Cc2ccc(O)cc2)CC(=O)NCCCC[C@@H](C(=O)N[C@@H](CC(=O)O)C(=O)N[C@H](Cc2ccccc2)C(N)=O)NC(=O)[C@H](Cc2cc3ccccc3[nH]2)NC1=O,5.59999938302362,external,O=C(CNC(=O)[C@@H]1CCCCNC(=O)C[C@@H](NC(=O)CCc2ccccc2)C(=O)NCC(=O)N[C@@H](Cc2cnc[nH]2)C(=O)N[C@@H](Cc2ccccc2)C(=O)NCC(=O)N[C@@H](Cc2cc3ccccc3[nH]2)C(=O)N1)NCCc1ccccc1,ChEMBL
chembl-pic50-20260527T153246Z,CHEMBL236,δ-opioid,CHEMBL1200596,Oc1c(Cl)cc(Cl)c2cccnc12,4.494850021680094,external,c1ccc2ncccc2c1,ChEMBL
chembl-pic50-20260527T153246Z,CHEMBL236,δ-opioid,CHEMBL1255595,Cc1ccc(CN2[C@@H]3CC[C@H]2C[C@H](Oc2cccc(C(N)=O)c2)C3)o1,4.656611102537646,external,c1ccc(O[C@@H]2C[C@H]3CC[C@@H](C2)N3Cc2ccco2)cc1,ChEMBL
chembl-pic50-20260527T153246Z,CHEMBL236,δ-opioid,CHEMBL1262,Clc1ccc(CO/N=C(\Cn2ccnc2)c2ccc(Cl)cc2Cl)c(Cl)c1,5.27506090399918,external,c1ccc(CO/N=C(\Cn2ccnc2)c2ccccc2)cc1,ChEMBL
chembl-pic50-20260527T153246Z,CHEMBL236,δ-opioid,CHEMBL126413,CCN(CC)C(=O)c1ccc(C(c2ccnc3ccccc23)N2CCNCC2)cc1,6.87942606879415,external,c1ccc(C(c2ccnc3ccccc23)N2CCNCC2)cc1,ChEMBL
chembl-pic50-20260527T153246Z,CHEMBL236,δ-opioid,CHEMBL129315,CCN(CC)C(=O)c1ccc(C(=C2CCNCC2)c2cccs2)cc1,8.54515513999149,external,c1ccc(C(=C2CCNCC2)c2cccs2)cc1,ChEMBL
chembl-pic50-20260527T153246Z,CHEMBL236,δ-opioid,CHEMBL1303426,Cc1c(Nc2cc(Cl)c3nonc3c2[N+](=O)[O-])c(=O)n(-c2ccccc2)n1C,4.494850021680094,external,O=c1c(Nc2ccc3nonc3c2)c[nH]n1-c1ccccc1,ChEMBL
chembl-pic50-20260527T153246Z,CHEMBL236,δ-opioid,CHEMBL1311570,Brc1ccc(CSc2nnc(-c3ccccn3)n2Cc2ccco2)cc1,4.494850021680094,external,c1ccc(CSc2nnc(-c3ccccn3)n2Cc2ccco2)cc1,ChEMBL
chembl-pic50-20260527T153246Z,CHEMBL236,δ-opioid,CHEMBL1333440,O=C(c1ccccn1)N(Cc1cccs1)C1(C(=O)NC2CCCCC2)CCCCC1,4.494850021680094,external,O=C(c1ccccn1)N(Cc1cccs1)C1(C(=O)NC2CCCCC2)CCCCC1,ChEMBL
chembl-pic50-20260527T153246Z,CHEMBL236,δ-opioid,CHEMBL1342964,COc1ccc(CN(CC2CCCO2)C(=O)CN2C(=O)COc3ccccc32)cc1OC,4.494850021680094,external,O=C(CN1C(=O)COc2ccccc21)N(Cc1ccccc1)CC1CCCO1,ChEMBL
chembl-pic50-20260527T153246Z,CHEMBL236,δ-opioid,CHEMBL1359415,CCOc1ccc(C(=O)NC2CC3CCCC(C2)N3Cc2ccccc2)cc1,4.494850021680094,external,O=C(NC1CC2CCCC(C1)N2Cc1ccccc1)c1ccccc1,ChEMBL
chembl-pic50-20260527T153246Z,CHEMBL236,δ-opioid,CHEMBL1377278,CCOc1ccccc1C(=O)NC1CC2CCCC(C1)N2Cc1ccc(C)cc1,4.494850021680094,external,O=C(NC1CC2CCCC(C1)N2Cc1ccccc1)c1ccccc1,ChEMBL
chembl-pic50-20260527T153246Z,CHEMBL236,δ-opioid,CHEMBL1384726,Cc1ccc(CN2C3CCCC2CC(NC(=O)c2ccc(C)cc2)C3)cc1,4.494850021680094,external,O=C(NC1CC2CCCC(C1)N2Cc1ccccc1)c1ccccc1,ChEMBL
chembl-pic50-20260527T153246Z,CHEMBL236,δ-opioid,CHEMBL1387060,Cc1ccc(C(=O)NC2CC3CCCC(C2)N3Cc2ccccc2)cc1,4.494850021680094,external,O=C(NC1CC2CCCC(C1)N2Cc1ccccc1)c1ccccc1,ChEMBL
chembl-pic50-20260527T153246Z,CHEMBL236,δ-opioid,CHEMBL1391435,CCC(C)(C(=O)NC1CCCC1)N(Cc1ccco1)C(=O)c1ccccn1,4.494850021680094,external,O=C(CN(Cc1ccco1)C(=O)c1ccccn1)NC1CCCC1,ChEMBL
chembl-pic50-20260527T153246Z,CHEMBL236,δ-opioid,CHEMBL139814,CN(C)c1cc(NC(=O)Nc2ccccc2)c2ccccc2n1,4.158015195409886,external,O=C(Nc1ccccc1)Nc1ccnc2ccccc12,ChEMBL
chembl-pic50-20260527T153246Z,CHEMBL236,δ-opioid,CHEMBL140044,C=C(COc1ccc2c3c1O[C@H]1[C@H](O)CC[C@@]4(O)[C@@H](C2)N(CC2CC2)CC[C@]314)C(=O)OC,7.468521082957745,external,c1cc2c3c(c1)O[C@H]1CCCC4[C@@H](C2)N(CC2CC2)CC[C@@]341,ChEMBL
chembl-pic50-20260527T153246Z,CHEMBL236,δ-opioid,CHEMBL140050,CCC[C@@](C)(O)[C@H]1C[C@@]23C=C[C@]1(OC)[C@@H]1Oc4c(O)ccc5c4[C@@]12CCN(C)[C@@H]3C5,8.886056647693163,external,C1=C[C@]23CCC1[C@@H]1Oc4cccc5c4[C@@]12CCN[C@@H]3C5,ChEMBL
chembl-pic50-20260527T153246Z,CHEMBL236,δ-opioid,CHEMBL140278,Oc1ccc2c3c1O[C@H]1[C@H](O)CC[C@@]4(O)[C@@H](C2)N(CC2CC2)CC[C@]314,7.585026652029182,external,c1cc2c3c(c1)O[C@H]1CCCC4[C@@H](C2)N(CC2CC2)CC[C@@]341,ChEMBL
chembl-pic50-20260527T153246Z,CHEMBL236,δ-opioid,CHEMBL140425,O=[N+]([O-])c1cc(Cl)c(O)c2ncccc12,4.494850021680094,external,c1ccc2ncccc2c1,ChEMBL
chembl-pic50-20260527T153246Z,CHEMBL236,δ-opioid,CHEMBL1412822,Clc1ccccc1CSc1nnc(-c2ccccn2)n1Cc1ccco1,4.494850021680094,external,c1ccc(CSc2nnc(-c3ccccn3)n2Cc2ccco2)cc1,ChEMBL
chembl-pic50-20260527T153246Z,CHEMBL236,δ-opioid,CHEMBL1427431,Cc1ccc2oc(Nc3nc(O)cc(-c4ccccc4)n3)nc2c1,4.494850021680094,external,c1ccc(-c2ccnc(Nc3nc4ccccc4o3)n2)cc1,ChEMBL
chembl-pic50-20260527T153246Z,CHEMBL236,δ-opioid,CHEMBL1430524,COc1ccc(C)cc1NC(=O)CSc1nnc(-c2ccccn2)n1Cc1ccco1,4.494850021680094,external,O=C(CSc1nnc(-c2ccccn2)n1Cc1ccco1)Nc1ccccc1,ChEMBL
chembl-pic50-20260527T153246Z,CHEMBL236,δ-opioid,CHEMBL143416,C=C(COc1ccc2c3c1O[C@H]1[C@H](OCC(=C)C(=O)OC)CC[C@@]4(O)[C@@H](C2)N(CC2CC2)CC[C@]314)C(=O)OC,8.494850021680094,external,c1cc2c3c(c1)O[C@H]1CCCC4[C@@H](C2)N(CC2CC2)CC[C@@]341,ChEMBL
chembl-pic50-20260527T153246Z,CHEMBL236,δ-opioid,CHEMBL143815,C=C(COc1ccc2c3c1O[C@H]1[C@@]4(OC)C=C[C@@]5(C[C@@H]4[C@](C)(O)CCC)[C@@H](C2)N(C)CC[C@]315)C(=O)OC,8.920818753952375,external,C1=C[C@]23CCC1[C@@H]1Oc4cccc5c4[C@@]12CCN[C@@H]3C5,ChEMBL
chembl-pic50-20260527T153246Z,CHEMBL236,δ-opioid,CHEMBL1439246,Cc1cccc(C(=O)NC2CC3CCCC(C2)N3Cc2ccccc2)c1,4.494850021680094,external,O=C(NC1CC2CCCC(C1)N2Cc1ccccc1)c1ccccc1,ChEMBL
chembl-pic50-20260527T153246Z,CHEMBL236,δ-opioid,CHEMBL1442788,Cc1c(Cl)sn(-c2ccc(Cl)cc2)c1=O,4.494850021680094,external,O=c1ccsn1-c1ccccc1,ChEMBL
chembl-pic50-20260527T153246Z,CHEMBL236,δ-opioid,CHEMBL1445729,COc1cc(Cl)c(C)cc1NC(=O)CSc1nnc(-c2ccccn2)n1Cc1ccco1,4.494850021680094,external,O=C(CSc1nnc(-c2ccccn2)n1Cc1ccco1)Nc1ccccc1,ChEMBL
chembl-pic50-20260527T153246Z,CHEMBL236,δ-opioid,CHEMBL1449023,O=C(Nc1nc2ccccc2n1CCN1CCCC1)c1ccc(Cl)cc1,4.494850021680094,external,O=C(Nc1nc2ccccc2n1CCN1CCCC1)c1ccccc1,ChEMBL
chembl-pic50-20260527T153246Z,CHEMBL236,δ-opioid,CHEMBL1455427,CC(OC(=O)c1cc2c(ccc3ccccc32)oc1=O)c1nc2ccccc2s1,4.494850021680094,external,O=C(OCc1nc2ccccc2s1)c1cc2c(ccc3ccccc32)oc1=O,ChEMBL
chembl-pic50-20260527T153246Z,CHEMBL236,δ-opioid,CHEMBL146054,CC(c1ccccc1Cl)N1CCC(n2c(O)nc3ccccc32)CC1,5.721246399047171,external,c1ccc(CN2CCC(n3cnc4ccccc43)CC2)cc1,ChEMBL
chembl-pic50-20260527T153246Z,CHEMBL236,δ-opioid,CHEMBL1460585,Cc1ccc2c(C)ccc(O)c2n1,4.494850021680094,external,c1ccc2ncccc2c1,ChEMBL
chembl-pic50-20260527T153246Z,CHEMBL236,δ-opioid,CHEMBL1464745,Cc1ccc(CN2C3CCCC2CC(NC(=O)c2ccc(F)cc2)C3)cc1,4.494850021680094,external,O=C(NC1CC2CCCC(C1)N2Cc1ccccc1)c1ccccc1,ChEMBL
chembl-pic50-20260527T153246Z,CHEMBL236,δ-opioid,CHEMBL1493936,N=C1S/C(=C\c2ccc(-c3cccc(Cl)c3)o2)C(=O)N1c1nccs1,4.494850021680094,external,N=C1S/C(=C\c2ccc(-c3ccccc3)o2)C(=O)N1c1nccs1,ChEMBL
chembl-pic50-20260527T153246Z,CHEMBL236,δ-opioid,CHEMBL15005,O=c1c(-c2ccc(C(F)(F)F)cc2)cccn1C(CN1CCOCC1)c1ccccc1,5.0,external,O=c1c(-c2ccccc2)cccn1C(CN1CCOCC1)c1ccccc1,ChEMBL
chembl-pic50-20260527T153246Z,CHEMBL236,δ-opioid,CHEMBL1505687,CC(C)(C)c1ccc(CSc2nnc(-c3ccccn3)n2Cc2ccco2)cc1,4.494850021680094,external,c1ccc(CSc2nnc(-c3ccccn3)n2Cc2ccco2)cc1,ChEMBL
chembl-pic50-20260527T153246Z,CHEMBL236,δ-opioid,CHEMBL1544221,COc1ccc(-c2csc(Cc3nc(O)cs3)n2)cc1,4.494850021680094,external,c1ccc(-c2csc(Cc3nccs3)n2)cc1,ChEMBL
chembl-pic50-20260527T153246Z,CHEMBL236,δ-opioid,CHEMBL101231,C=CCN1C[C@H](C)N([C@H](c2ccc(C(=O)N3CCCC3)cc2)c2cccc(OC)c2)C[C@H]1C,7.575118363368933,scaffold_test,O=C(c1ccc([C@H](c2ccccc2)N2CCNCC2)cc1)N1CCCC1,ChEMBL
chembl-pic50-20260527T153246Z,CHEMBL236,δ-opioid,CHEMBL101316,C=CCN1C[C@H](C)N([C@H](c2ccc(C(=O)N(CCC)CCC)cc2)c2cccc(OC)c2)C[C@H]1C,8.1249387366083,scaffold_test,c1ccc(C(c2ccccc2)N2CCNCC2)cc1,ChEMBL
chembl-pic50-20260527T153246Z,CHEMBL236,δ-opioid,CHEMBL102150,C=CCN1C[C@H](C)N([C@H](c2ccc(C(=O)N(CC)CCCC)cc2)c2cccc(OC)c2)C[C@H]1C,7.991399828238082,scaffold_test,c1ccc(C(c2ccccc2)N2CCNCC2)cc1,ChEMBL
chembl-pic50-20260527T153246Z,CHEMBL236,δ-opioid,CHEMBL105827,C[C@@]12Oc3c(O)ccc4c3C13CCN(CC1CC1)C(C4)[C@]3(NC(=O)CCc1ccc([N+](=O)[O-])cc1)CCC2=O,7.645891560852599,scaffold_test,O=C(CCc1ccccc1)N[C@@]12CCC(=O)C3Oc4cccc5c4C31CCN(CC1CC1)C2C5,ChEMBL
chembl-pic50-20260527T153246Z,CHEMBL236,δ-opioid,CHEMBL108406,C[C@@]12Oc3c(O)ccc4c3C13CCN(CC1CC1)C(C4)[C@]3(NC(=O)/C=C/c1ccc([N+](=O)[O-])cc1)CCC2=O,7.97061622231479,scaffold_test,O=C(/C=C/c1ccccc1)N[C@@]12CCC(=O)C3Oc4cccc5c4C31CCN(CC1CC1)C2C5,ChEMBL
chembl-pic50-20260527T153246Z,CHEMBL236,δ-opioid,CHEMBL1097185,COC1=C(OC)[C@]23CCc4ccc(OC)c(O)c4[C@@]2(CC1=O)CC(=O)N3C,4.769551078621726,scaffold_test,O=C1C=C[C@]23CCc4ccccc4[C@@]2(C1)CC(=O)N3,ChEMBL
chembl-pic50-20260527T153246Z,CHEMBL236,δ-opioid,CHEMBL113956,CCOc1ccc(CCNC(=O)N2CCN(CCCC(c3ccc(F)cc3)c3ccc(F)cc3)CC2)cc1,5.0670191780768015,scaffold_test,O=C(NCCc1ccccc1)N1CCN(CCCC(c2ccccc2)c2ccccc2)CC1,ChEMBL
chembl-pic50-20260527T153246Z,CHEMBL236,δ-opioid,CHEMBL1169547,C=CCN1CCN([C@@H](c2ccccc2)c2ccc(C(=O)N(CC)CC)cc2)CC1,8.387216143280265,scaffold_test,c1ccc(C(c2ccccc2)N2CCNCC2)cc1,ChEMBL
chembl-pic50-20260527T153246Z,CHEMBL236,δ-opioid,CHEMBL1172251,CCCC[C@H](NC(=O)[C@H](Cc1c[nH]c2ccccc12)NC(=O)[C@H](CCCNC(=N)N)NC(=O)[C@@H](Cc1ccccc1)NC(=O)[C@H](Cc1cnc[nH]1)NC(=O)[C@H](Cc1ccccc1)NC(=O)CNC(=O)[C@@H](C)NC(=O)[C@@H](N)Cc1ccc(O)cc1)C(=O)N[C@@H](CC(=O)O)C(=O)N[C@@H](Cc1ccccc1)C(N)=O,7.899974269892137,scaffold_test,O=C(CCc1ccccc1)NCC(=O)NCC(=O)N[C@@H](Cc1ccccc1)C(=O)N[C@@H](Cc1cnc[nH]1)C(=O)N[C@H](Cc1ccccc1)C(=O)NCC(=O)N[C@@H](Cc1c[nH]c2ccccc12)C(=O)NCC(=O)NCC(=O)NCCc1ccccc1,ChEMBL
chembl-pic50-20260527T153246Z,CHEMBL236,δ-opioid,CHEMBL1223951,NC(=O)c1cccc(O[C@@H]2C[C@H]3CC[C@@H](C2)N3Cc2ccccc2)c1,4.522878745280337,scaffold_test,c1ccc(CN2[C@@H]3CC[C@H]2C[C@H](Oc2ccccc2)C3)cc1,ChEMBL
chembl-pic50-20260527T153246Z,CHEMBL236,δ-opioid,CHEMBL1223953,NC(=O)c1cccc(C[C@@H]2C[C@H]3CC[C@@H](C2)N3Cc2ccccc2)c1,4.614572485194869,scaffold_test,c1ccc(C[C@@H]2C[C@H]3CC[C@@H](C2)N3Cc2ccccc2)cc1,ChEMBL
chembl-pic50-20260527T153246Z,CHEMBL236,δ-opioid,CHEMBL1223955,NC(=O)c1cccc([S+]([O-])[C@H]2C[C@H]3CC[C@@H](C2)N3Cc2ccccc2)c1,4.522878745280337,scaffold_test,c1ccc(CN2[C@@H]3CC[C@H]2C[C@@H]([SH+]c2ccccc2)C3)cc1,ChEMBL
chembl-pic50-20260527T153246Z,CHEMBL236,δ-opioid,CHEMBL123679,CCCCN1CCN(C(c2ccccc2)c2ccc(C(=O)N(CC)CC)cc2)CC1,7.543633966870957,scaffold_test,c1ccc(C(c2ccccc2)N2CCNCC2)cc1,ChEMBL
chembl-pic50-20260527T153246Z,CHEMBL236,δ-opioid,CHEMBL124642,CCN(CC)C(=O)c1ccc(C(c2ccccc2)N2CCN(C)CC2)cc1,7.393618634889395,scaffold_test,c1ccc(C(c2ccccc2)N2CCNCC2)cc1,ChEMBL
chembl-pic50-20260527T153246Z,CHEMBL236,δ-opioid,CHEMBL125741,CCNC(=O)c1ccc(C(c2ccccc2)N2CCNCC2)cc1,6.756961951313706,scaffold_test,c1ccc(C(c2ccccc2)N2CCNCC2)cc1,ChEMBL
chembl-pic50-20260527T153246Z,CHEMBL236,δ-opioid,CHEMBL125742,CCN(CC)C(=O)c1ccc(C(c2cccc(OC)c2)N2CCNCC2)cc1,7.605548319173784,scaffold_test,c1ccc(C(c2ccccc2)N2CCNCC2)cc1,ChEMBL
chembl-pic50-20260527T153246Z,CHEMBL236,δ-opioid,CHEMBL1257698,NC(=O)c1cccc(O[C@@H]2C[C@H]3CC[C@@H](C2)N3CCc2ccccc2)c1,5.668572703479257,scaffold_test,c1ccc(CCN2[C@@H]3CC[C@H]2C[C@H](Oc2ccccc2)C3)cc1,ChEMBL
chembl-pic50-20260527T153246Z,CHEMBL236,δ-opioid,CHEMBL1257820,NC(=O)c1cccc(O[C@@H]2C[C@H]3CC[C@@H](C2)N3CCCc2ccccc2)c1,5.3979400086720375,scaffold_test,c1ccc(CCCN2[C@@H]3CC[C@H]2C[C@H](Oc2ccccc2)C3)cc1,ChEMBL
chembl-pic50-20260527T153246Z,CHEMBL236,δ-opioid,CHEMBL1257821,Cc1ccc(CN2[C@@H]3CC[C@H]2C[C@H](Oc2cccc(C(N)=O)c2)C3)cc1,4.962016050552873,scaffold_test,c1ccc(CN2[C@@H]3CC[C@H]2C[C@H](Oc2ccccc2)C3)cc1,ChEMBL
chembl-pic50-20260527T153246Z,CHEMBL236,δ-opioid,CHEMBL1257937,Cc1cccc(CN2[C@@H]3CC[C@H]2C[C@H](Oc2cccc(C(N)=O)c2)C3)c1,4.955617052926463,scaffold_test,c1ccc(CN2[C@@H]3CC[C@H]2C[C@H](Oc2ccccc2)C3)cc1,ChEMBL
chembl-pic50-20260527T153246Z,CHEMBL236,δ-opioid,CHEMBL1257938,Cc1ccccc1CN1[C@@H]2CC[C@H]1C[C@H](Oc1cccc(C(N)=O)c1)C2,4.522878745280337,scaffold_test,c1ccc(CN2[C@@H]3CC[C@H]2C[C@H](Oc2ccccc2)C3)cc1,ChEMBL
chembl-pic50-20260527T153246Z,CHEMBL236,δ-opioid,CHEMBL1258391,CS(=O)(=O)Cc1ccc(CN2[C@@H]3CC[C@H]2C[C@H](Oc2cccc(C(N)=O)c2)C3)cc1,5.268491816403975,scaffold_test,c1ccc(CN2[C@@H]3CC[C@H]2C[C@H](Oc2ccccc2)C3)cc1,ChEMBL
chembl-pic50-20260527T153246Z,CHEMBL236,δ-opioid,CHEMBL1258392,Cn1cc(CN2[C@@H]3CC[C@H]2C[C@H](Oc2cccc(C(N)=O)c2)C3)cn1,4.5640442091107625,scaffold_test,c1ccc(O[C@@H]2C[C@H]3CC[C@@H](C2)N3Cc2cn[nH]c2)cc1,ChEMBL
chembl-pic50-20260527T153246Z,CHEMBL236,δ-opioid,CHEMBL125842,COC(=O)c1ccc(C(c2ccccc2)N2CCNCC2)cc1,6.512861624522813,scaffold_test,c1ccc(C(c2ccccc2)N2CCNCC2)cc1,ChEMBL
chembl-pic50-20260527T153246Z,CHEMBL236,δ-opioid,CHEMBL1258503,NC(=O)c1cccc(O[C@@H]2C[C@H]3CC[C@@H](C2)N3CC(=O)Nc2ccccc2)c1,5.573814174755489,scaffold_test,O=C(CN1[C@@H]2CC[C@H]1C[C@H](Oc1ccccc1)C2)Nc1ccccc1,ChEMBL
chembl-pic50-20260527T153246Z,CHEMBL236,δ-opioid,CHEMBL126626,N#Cc1ccc(C(c2ccccc2)N2CCNCC2)cc1,5.888065723667318,scaffold_test,c1ccc(C(c2ccccc2)N2CCNCC2)cc1,ChEMBL
chembl-pic50-20260527T153246Z,CHEMBL236,δ-opioid,CHEMBL126918,CCC(CC)C(=O)c1ccc(C(c2ccccc2)N2CCNCC2)cc1,7.0,scaffold_test,c1ccc(C(c2ccccc2)N2CCNCC2)cc1,ChEMBL
chembl-pic50-20260527T153246Z,CHEMBL236,δ-opioid,CHEMBL127346,CCN(CC)Cc1ccc(C(c2ccccc2)N2CCNCC2)cc1,6.255707016877324,scaffold_test,c1ccc(C(c2ccccc2)N2CCNCC2)cc1,ChEMBL
chembl-pic50-20260527T153246Z,CHEMBL236,δ-opioid,CHEMBL127369,CCN(CC)C(=O)c1ccc(C(c2ccccc2)N2CCN(C(C)=O)CC2)cc1,5.698970004336019,scaffold_test,c1ccc(C(c2ccccc2)N2CCNCC2)cc1,ChEMBL
chembl-pic50-20260527T153246Z,CHEMBL236,δ-opioid,CHEMBL127434,CCN(CC)C(=O)c1ccc(C(c2cccc(OC)c2)N2CC(C)(C)NCC2C)cc1,8.073657553374344,scaffold_test,c1ccc(C(c2ccccc2)N2CCNCC2)cc1,ChEMBL
chembl-pic50-20260527T153246Z,CHEMBL236,δ-opioid,CHEMBL127638,CCN(CC)C(=O)c1ccc(C(c2ccc(OC)cc2)N2CCNCC2)cc1,8.089909454405932,scaffold_test,c1ccc(C(c2ccccc2)N2CCNCC2)cc1,ChEMBL
chembl-pic50-20260527T153246Z,CHEMBL236,δ-opioid,CHEMBL128005,CCN(CC)C(=O)c1ccc(C(c2ccc(C)cc2)N2CCNCC2)cc1,8.074687908500351,scaffold_test,c1ccc(C(c2ccccc2)N2CCNCC2)cc1,ChEMBL
chembl-pic50-20260527T153246Z,CHEMBL236,δ-opioid,CHEMBL128006,CCN(CC)C(=O)c1ccc(C(c2ccc(Cl)cc2)N2CCNCC2)cc1,7.714442690992226,scaffold_test,c1ccc(C(c2ccccc2)N2CCNCC2)cc1,ChEMBL
chembl-pic50-20260527T153246Z,CHEMBL236,δ-opioid,CHEMBL129391,CC(C)(O)c1ccc(C(c2ccccc2)N2CCNCC2)cc1,6.391473966422806,scaffold_test,c1ccc(C(c2ccccc2)N2CCNCC2)cc1,ChEMBL
chembl-pic50-20260527T153246Z,CHEMBL236,δ-opioid,CHEMBL129422,CN1CCc2cc(-c3ccc(C(c4ccccc4)N4CCNCC4)cc3)ccc2C1=O,5.781727146428553,scaffold_test,O=C1NCCc2cc(-c3ccc(C(c4ccccc4)N4CCNCC4)cc3)ccc21,ChEMBL
chembl-pic50-20260527T153246Z,CHEMBL236,δ-opioid,CHEMBL130587,CC(=O)c1ccc(C(c2ccccc2)N2CCNCC2)cc1,5.980883709552927,scaffold_test,c1ccc(C(c2ccccc2)N2CCNCC2)cc1,ChEMBL
chembl-pic50-20260527T153246Z,CHEMBL236,δ-opioid,CHEMBL1307050,CCc1ccc(NC(=O)c2nc(S(=O)(=O)Cc3ccccc3)ncc2Cl)cc1,4.924562538414387,scaffold_test,O=C(Nc1ccccc1)c1ccnc(S(=O)(=O)Cc2ccccc2)n1,ChEMBL
chembl-pic50-20260527T153246Z,CHEMBL236,δ-opioid,CHEMBL1319867,O=[N+]([O-])c1c(Nc2ccccc2O)cc(Cl)c2nonc12,4.833688319340408,scaffold_test,c1ccc(Nc2ccc3nonc3c2)cc1,ChEMBL
chembl-pic50-20260527T153246Z,CHEMBL236,δ-opioid,CHEMBL1336535,COc1ccc(-c2nnc(NC(=O)c3ccc(F)cc3)o2)cc1,4.494850021680094,scaffold_test,O=C(Nc1nnc(-c2ccccc2)o1)c1ccccc1,ChEMBL
chembl-pic50-20260527T153246Z,CHEMBL236,δ-opioid,CHEMBL1346675,Cc1ccc(C)c(N2CCN(CCCNC(=O)Cn3c(=O)c4cccn4c4cccnc43)CC2)c1,4.494850021680094,scaffold_test,O=C(Cn1c(=O)c2cccn2c2cccnc21)NCCCN1CCN(c2ccccc2)CC1,ChEMBL
chembl-pic50-20260527T153246Z,CHEMBL236,δ-opioid,CHEMBL13470,C=CCN1C[C@H](C)N([C@H](c2ccc(C(=O)N(CC)CC)cc2)c2cccc(OC)c2)C[C@H]1C,8.882728704344236,scaffold_test,c1ccc(C(c2ccccc2)N2CCNCC2)cc1,ChEMBL
chembl-pic50-20260527T153246Z,CHEMBL236,δ-opioid,CHEMBL1362498,CCCN(Cc1cc2cc(C)ccc2nc1O)C(=O)c1ccccn1,4.494850021680094,scaffold_test,O=C(NCc1cnc2ccccc2c1)c1ccccn1,ChEMBL
chembl-pic50-20260527T153246Z,CHEMBL236,δ-opioid,CHEMBL1368060,CCCCN(CCCNC(=O)C1CCN(S(=O)(=O)N2CCOCC2)CC1)c1ccccc1,4.494850021680094,scaffold_test,O=C(NCCCNc1ccccc1)C1CCN(S(=O)(=O)N2CCOCC2)CC1,ChEMBL
chembl-pic50-20260527T153246Z,CHEMBL236,δ-opioid,CHEMBL1388755,CCCCN(Cc1cc2ccccc2nc1O)C(=O)c1ccccn1,4.494850021680094,scaffold_test,O=C(NCc1cnc2ccccc2c1)c1ccccn1,ChEMBL
chembl-pic50-20260527T153246Z,CHEMBL236,δ-opioid,CHEMBL1411665,Oc1nc(Nc2nc3ccccc3o2)nc2c1CCCC2,4.494850021680094,scaffold_test,c1ccc2oc(Nc3ncc4c(n3)CCCC4)nc2c1,ChEMBL
chembl-pic50-20260527T153246Z,CHEMBL236,δ-opioid,CHEMBL1417841,CCCCN(Cc1cc2cc(C)ccc2nc1O)C(=O)c1ccccn1,4.494850021680094,scaffold_test,O=C(NCc1cnc2ccccc2c1)c1ccccn1,ChEMBL
chembl-pic50-20260527T153246Z,CHEMBL236,δ-opioid,CHEMBL1423,O=c1[nH]c2ccccc2n1C1CCN(CCCC(c2ccc(F)cc2)c2ccc(F)cc2)CC1,5.424812155072339,scaffold_test,O=c1[nH]c2ccccc2n1C1CCN(CCCC(c2ccccc2)c2ccccc2)CC1,ChEMBL
chembl-pic50-20260527T153246Z,CHEMBL236,δ-opioid,CHEMBL1455045,COc1ccc(N2CCN(CCCNC(=O)Cn3c(=O)c4cccn4c4cccnc43)CC2)cc1,4.494850021680094,scaffold_test,O=C(Cn1c(=O)c2cccn2c2cccnc21)NCCCN1CCN(c2ccccc2)CC1,ChEMBL
chembl-pic50-20260527T153246Z,CHEMBL236,δ-opioid,CHEMBL1461585,CC(=O)Nc1ccc(NC(=O)C(C)OC(=O)c2ccccc2C(=O)c2ccc(Cl)c([N+](=O)[O-])c2)cc1,4.494850021680094,scaffold_test,O=C(COC(=O)c1ccccc1C(=O)c1ccccc1)Nc1ccccc1,ChEMBL
chembl-pic50-20260527T153246Z,CHEMBL236,δ-opioid,CHEMBL1477197,COCCN(CC(=O)NC1CCCCC1)C(=O)/C=C/C(=O)c1ccc(OC)cc1O,4.494850021680094,scaffold_test,O=C(/C=C/C(=O)c1ccccc1)NCC(=O)NC1CCCCC1,ChEMBL
chembl-pic50-20260527T153246Z,CHEMBL236,δ-opioid,CHEMBL1491626,COc1ccc(C(=O)/C=C/C(=O)N(CC(=O)NC2CCCCC2)Cc2ccccc2)c(O)c1,4.494850021680094,scaffold_test,O=C(CN(Cc1ccccc1)C(=O)/C=C/C(=O)c1ccccc1)NC1CCCCC1,ChEMBL
chembl-pic50-20260527T153246Z,CHEMBL236,δ-opioid,CHEMBL1501598,CC(Sc1nnc(CN2CCCC2)n1Cc1ccccc1)C(=O)Nc1ccc(F)cc1,4.494850021680094,scaffold_test,O=C(CSc1nnc(CN2CCCC2)n1Cc1ccccc1)Nc1ccccc1,ChEMBL
chembl-pic50-20260527T153246Z,CHEMBL236,δ-opioid,CHEMBL1524012,Cc1ccc2nc(O)c(CN(C)C(=O)c3ccccn3)cc2c1,4.494850021680094,scaffold_test,O=C(NCc1cnc2ccccc2c1)c1ccccn1,ChEMBL
chembl-pic50-20260527T153246Z,CHEMBL236,δ-opioid,CHEMBL102092,COC12C=CC34C[C@@]1(C)C(c1ccccc1)=N[C@H]2C31CCN(C)C4Cc2ccc(O)cc21,9.161150909262744,train,C1=CC23CC4C(c5ccccc5)=N[C@H](C14)C21CCNC3Cc2ccccc21,ChEMBL
chembl-pic50-20260527T153246Z,CHEMBL236,δ-opioid,CHEMBL104,Clc1ccccc1C(c1ccccc1)(c1ccccc1)n1ccnc1,5.3029451077274254,train,c1ccc(C(c2ccccc2)(c2ccccc2)n2ccnc2)cc1,ChEMBL
chembl-pic50-20260527T153246Z,CHEMBL236,δ-opioid,CHEMBL106189,C[C@@]12Oc3c(O)ccc4c3C13CCN(CC1CC1)C(C4)[C@]3(NC(=O)/C=C/c1ccc([N+](=O)[O-])cc1)C=CC2=O,7.607303046740334,train,O=C(/C=C/c1ccccc1)N[C@@]12C=CC(=O)C3Oc4cccc5c4C31CCN(CC1CC1)C2C5,ChEMBL
chembl-pic50-20260527T153246Z,CHEMBL236,δ-opioid,CHEMBL107157,COc1ccc2c3c1O[C@H]1C(=O)C=C[C@@]4(NC(=O)/C=C/c5ccc([N+](=O)[O-])cc5)C(C2)N(CC2CC2)CCC314,7.267606240177032,train,O=C(/C=C/c1ccccc1)N[C@@]12C=CC(=O)[C@@H]3Oc4cccc5c4C31CCN(CC1CC1)C2C5,ChEMBL
chembl-pic50-20260527T153246Z,CHEMBL236,δ-opioid,CHEMBL1082723,C[C@H]1Cc2c([nH]c3cc(Cl)c(F)cc23)[C@@]2(N1)C(=O)Nc1ccc(Cl)cc12,5.0,train,O=C1Nc2ccccc2[C@]12NCCc1c2[nH]c2ccccc12,ChEMBL
chembl-pic50-20260527T153246Z,CHEMBL236,δ-opioid,CHEMBL1096481,COc1ccc2c(c1O)[C@@]13CCN(C)[C@@]14C[C@@H]2O[C@]4(OC)[C@@H](OC)[C@@H](O)C3,5.6777807052660805,train,c1ccc2c(c1)[C@@H]1C[C@]34NCC[C@]23CCCC4O1,ChEMBL
chembl-pic50-20260527T153246Z,CHEMBL236,δ-opioid,CHEMBL1096482,COC1=CC[C@]23CCN(C)[C@@]24C[C@H](O[C@@]14O)c1ccc(OC)c(O)c13,5.259637310505756,train,C1=CC2O[C@H]3C[C@@]24NCC[C@]4(C1)c1ccccc13,ChEMBL
chembl-pic50-20260527T153246Z,CHEMBL236,δ-opioid,CHEMBL1097077,COc1ccc2c(c1O)[C@@]13CCN(C)[C@@]14C[C@@H]2O[C@]4(OC)[C@@H](O)[C@@H](OC(=O)/C=C/c1ccccc1)C3,5.6020599913279625,train,O=C(/C=C/c1ccccc1)O[C@@H]1CC2O[C@H]3C[C@@]24NCC[C@]4(C1)c1ccccc13,ChEMBL
chembl-pic50-20260527T153246Z,CHEMBL236,δ-opioid,CHEMBL1097804,COc1ccc2c(c1O)[C@@]13CC(=O)N(C)[C@@]14C[C@@H]2O[C@]4(OC)[C@@H](OC)[C@@H](OC(=O)/C=C/c1ccccc1)C3,5.292429823902063,train,O=C1C[C@@]23C[C@H](OC(=O)/C=C/c4ccccc4)CC4O[C@@H](C[C@@]42N1)c1ccccc13,ChEMBL
chembl-pic50-20260527T153246Z,CHEMBL236,δ-opioid,CHEMBL1097805,COc1ccc2c(c1O)[C@@]13CCN(C)[C@@]14C[C@@H]2O[C@]4(O)[C@@H](OC)[C@@H](O)C3,6.154901959985743,train,c1ccc2c(c1)[C@@H]1C[C@]34NCC[C@]23CCCC4O1,ChEMBL
chembl-pic50-20260527T153246Z,CHEMBL236,δ-opioid,CHEMBL1098354,COc1ccc(/C=C/C(=O)O[C@H]2C[C@]34CCN(C)[C@@]35C[C@H](O[C@]5(OC)[C@H]2OC)c2ccc(OC)c(O)c24)cc1O,4.94692155651658,train,O=C(/C=C/c1ccccc1)O[C@@H]1CC2O[C@H]3C[C@@]24NCC[C@]4(C1)c1ccccc13,ChEMBL
chembl-pic50-20260527T153246Z,CHEMBL236,δ-opioid,CHEMBL1098359,COC1=C(OC)[C@]23CCc4ccc(OC)c(O)c4[C@]2(CCN3C)CC1=O,4.337242168318426,train,O=C1C=C[C@]23CCc4ccccc4[C@]2(CCN3)C1,ChEMBL
chembl-pic50-20260527T153246Z,CHEMBL236,δ-opioid,CHEMBL110666,COc1ccc2c3c1O[C@@]1(C)C(=O)C=C[C@@]4(NC(=O)/C=C/c5ccc([N+](=O)[O-])cc5)C(C2)N(C)CCC314,6.42712839779952,train,O=C(/C=C/c1ccccc1)N[C@@]12C=CC(=O)C3Oc4cccc5c4C31CCNC2C5,ChEMBL
chembl-pic50-20260527T153246Z,CHEMBL236,δ-opioid,CHEMBL111918,O=C(O)CN1CN(c2ccccc2)C2(CCN(C(=O)OCc3cc4c(cc3Cl)OCO4)CC2)C1=O,5.0,train,O=C(OCc1ccc2c(c1)OCO2)N1CCC2(CC1)C(=O)NCN2c1ccccc1,ChEMBL
chembl-pic50-20260527T153246Z,CHEMBL236,δ-opioid,CHEMBL113811,O=C(NCc1ccc2c(c1)OCO2)N1CCC2(CC1)C(=O)NCN2c1ccccc1,5.0,train,O=C(NCc1ccc2c(c1)OCO2)N1CCC2(CC1)C(=O)NCN2c1ccccc1,ChEMBL
chembl-pic50-20260527T153246Z,CHEMBL236,δ-opioid,CHEMBL114204,COc1cc(CC(=O)N2CCC(n3c(O)nc4ccccc43)CC2)c([N+](=O)[O-])cc1OC,5.0,train,O=C(Cc1ccccc1)N1CCC(n2cnc3ccccc32)CC1,ChEMBL
chembl-pic50-20260527T153246Z,CHEMBL236,δ-opioid,CHEMBL114280,Oc1nc2ccccc2n1CCCNCc1cc2c(cc1Cl)OCO2,5.47755576649368,train,c1ccc2c(c1)ncn2CCCNCc1ccc2c(c1)OCO2,ChEMBL
chembl-pic50-20260527T153246Z,CHEMBL236,δ-opioid,CHEMBL114379,Oc1nc2ccccc2n1C1CCN(Cc2cc3c(cc2Cl)OCO3)CC1,7.42712839779952,train,c1ccc2c(c1)ncn2C1CCN(Cc2ccc3c(c2)OCO3)CC1,ChEMBL
chembl-pic50-20260527T153246Z,CHEMBL236,δ-opioid,CHEMBL114825,CNC(=O)CN1CN(c2ccccc2)C2(CCN(C(=O)OCc3cc4c(cc3Cl)OCO4)CC2)C1=O,5.753255290276159,train,O=C(OCc1ccc2c(c1)OCO2)N1CCC2(CC1)C(=O)NCN2c1ccccc1,ChEMBL
chembl-pic50-20260527T153246Z,CHEMBL236,δ-opioid,CHEMBL114940,O=C(OCc1cc2c(cc1[N+](=O)[O-])OCO2)N1CC=C(n2c(O)nc3ccccc32)CC1,5.0,train,O=C(OCc1ccc2c(c1)OCO2)N1CC=C(n2cnc3ccccc32)CC1,ChEMBL
chembl-pic50-20260527T153246Z,CHEMBL236,δ-opioid,CHEMBL115076,O=C(OCc1cc2c(cc1Cl)OCO2)N1CCC2(CC1)C(=O)NCN2c1ccccc1,5.0,train,O=C(OCc1ccc2c(c1)OCO2)N1CCC2(CC1)C(=O)NCN2c1ccccc1,ChEMBL
chembl-pic50-20260527T153246Z,CHEMBL236,δ-opioid,CHEMBL115222,CNC(=O)CN1CN(c2ccccc2)C2(CCN(Cc3cc4c(cc3Cl)OCO4)CC2)C1=O,7.943095148663527,train,O=C1NCN(c2ccccc2)C12CCN(Cc1ccc3c(c1)OCO3)CC2,ChEMBL
chembl-pic50-20260527T153246Z,CHEMBL236,δ-opioid,CHEMBL115229,O=[N+]([O-])c1cc2c(cc1CN1CC=C(n3c(O)nc4ccccc43)CC1)OCO2,5.982966660701219,train,C1=C(n2cnc3ccccc32)CCN(Cc2ccc3c(c2)OCO3)C1,ChEMBL
chembl-pic50-20260527T153246Z,CHEMBL236,δ-opioid,CHEMBL115280,O=C1NCN(c2ccccc2)C12CCN(Cc1cccc(Oc3ccccc3)c1)CC2,5.735182176990463,train,O=C1NCN(c2ccccc2)C12CCN(Cc1cccc(Oc3ccccc3)c1)CC2,ChEMBL
chembl-pic50-20260527T153246Z,CHEMBL236,δ-opioid,CHEMBL115284,O=C(OCc1cc2c(cc1Cl)OCO2)N1CCC(N2C(=O)CNc3ccccc32)CC1,5.0,train,O=C(OCc1ccc2c(c1)OCO2)N1CCC(N2C(=O)CNc3ccccc32)CC1,ChEMBL
chembl-pic50-20260527T153246Z,CHEMBL236,δ-opioid,CHEMBL115444,O=C(OCc1cc2c(cc1Cl)OCO2)N1CCC(n2c(O)nc3ccccc32)CC1,5.5968794788241825,train,O=C(OCc1ccc2c(c1)OCO2)N1CCC(n2cnc3ccccc32)CC1,ChEMBL
chembl-pic50-20260527T153246Z,CHEMBL236,δ-opioid,CHEMBL115549,O=C(OCc1cc2c(cc1[N+](=O)[O-])OCO2)N1CCC(n2c(O)nc3ccccc32)CC1,5.0,train,O=C(OCc1ccc2c(c1)OCO2)N1CCC(n2cnc3ccccc32)CC1,ChEMBL
chembl-pic50-20260527T153246Z,CHEMBL236,δ-opioid,CHEMBL115652,O=C1NCN(c2ccccc2)C12CCN(Cc1cc3c(cc1Cl)OCO3)CC2,6.860120913598763,train,O=C1NCN(c2ccccc2)C12CCN(Cc1ccc3c(c1)OCO3)CC2,ChEMBL
chembl-pic50-20260527T153246Z,CHEMBL236,δ-opioid,CHEMBL116463,N#Cc1ccc(CCOC(=O)NC2CCN(CCCC(c3ccc(F)cc3)c3ccc(F)cc3)CC2)cc1,5.238824186844268,train,O=C(NC1CCN(CCCC(c2ccccc2)c2ccccc2)CC1)OCCc1ccccc1,ChEMBL
chembl-pic50-20260527T153246Z,CHEMBL236,δ-opioid,CHEMBL116735,O=C(CCc1ccc(F)cc1)N1CCN(CCCC(c2ccc(F)cc2)c2ccc(F)cc2)CC1,5.027797161620936,train,O=C(CCc1ccccc1)N1CCN(CCCC(c2ccccc2)c2ccccc2)CC1,ChEMBL
chembl-pic50-20260527T153246Z,CHEMBL236,δ-opioid,CHEMBL1172244,CCCC[C@H](NC(=O)[C@H](Cc1c[nH]c2ccccc12)NC(=O)[C@H](CCCNC(=N)N)NC(=O)[C@@H](Cc1ccccc1)NC(=O)[C@H](Cc1cnc[nH]1)NC(=O)CCC(=O)N(c1ccccc1)C1CCN(CCc2ccccc2)CC1)C(=O)N[C@@H](CC(=O)O)C(=O)N[C@@H](Cc1ccccc1)C(N)=O,5.300000202445418,train,O=C(CNC(=O)CNC(=O)[C@H](Cc1c[nH]c2ccccc12)NC(=O)CNC(=O)[C@@H](Cc1ccccc1)NC(=O)[C@H](Cc1cnc[nH]1)NC(=O)CCC(=O)N(c1ccccc1)C1CCN(CCc2ccccc2)CC1)NCCc1ccccc1,ChEMBL
chembl-pic50-20260527T153246Z,CHEMBL236,δ-opioid,CHEMBL1172245,C[C@@H](NC(=O)[C@@H](N)Cc1ccc(O)cc1)C(=O)NCC(=O)N[C@@H](Cc1ccccc1)C(=O)NCCCC[C@H](NC(=O)[C@H](Cc1c[nH]c2ccccc12)NC(=O)[C@H](CCCNC(=N)N)NC(=O)[C@@H](Cc1ccc(Cl)cc1)NC(=O)[C@@H](N)Cc1cnc[nH]1)C(=O)N[C@@H](CC(=O)O)C(=O)N[C@@H](Cc1ccccc1)C(N)=O,8.100015437450608,train,O=C(CCc1ccccc1)NCC(=O)NCC(=O)N[C@@H](Cc1ccccc1)C(=O)NCCCC[C@H](NC(=O)[C@H](Cc1c[nH]c2ccccc12)NC(=O)CNC(=O)[C@@H](Cc1ccccc1)NC(=O)CCc1cnc[nH]1)C(=O)NCC(=O)NCCc1ccccc1,ChEMBL
chembl-pic50-20260527T153246Z,CHEMBL236,δ-opioid,CHEMBL1172247,Cc1cc(O)cc(C)c1C[C@H](N)C(=O)N1CC(=O)N[C@@H](Cc2cnc[nH]2)C(=O)N[C@H](Cc2ccccc2)C(=O)N[C@@H](CCCNC(=N)N)C(=O)N[C@@H](Cc2c[nH]c3ccccc23)C(=O)N[C@H](C(=O)N[C@@H](CC(=O)O)C(=O)N[C@@H](Cc2ccccc2)C(N)=O)CSSC[C@@H](N)C1=O,7.700057099977233,train,O=C(CNC(=O)[C@@H]1CSSCCC(=O)N(C(=O)CCc2ccccc2)CC(=O)N[C@@H](Cc2cnc[nH]2)C(=O)N[C@H](Cc2ccccc2)C(=O)NCC(=O)N[C@@H](Cc2c[nH]c3ccccc23)C(=O)N1)NCCc1ccccc1,ChEMBL
chembl-pic50-20260527T153246Z,CHEMBL236,δ-opioid,CHEMBL1172248,Cc1cc(O)cc(C)c1C[C@H](N)C(=O)N1CC(=O)N[C@@H](Cc2cnc[nH]2)C(=O)N[C@H](Cc2ccc3ccccc3c2)C(=O)N[C@@H](CCCNC(=N)N)C(=O)N[C@@H](Cc2c[nH]c3ccccc23)C(=O)N[C@H](C(=O)N[C@@H](CC(=O)O)C(=O)N[C@@H](Cc2ccccc2)C(N)=O)CSSC[C@@H](N)C1=O,7.899974269892137,train,O=C(CNC(=O)[C@@H]1CSSCCC(=O)N(C(=O)CCc2ccccc2)CC(=O)N[C@@H](Cc2cnc[nH]2)C(=O)N[C@H](Cc2ccc3ccccc3c2)C(=O)NCC(=O)N[C@@H](Cc2c[nH]c3ccccc23)C(=O)N1)NCCc1ccccc1,ChEMBL
chembl-pic50-20260527T153246Z,CHEMBL236,δ-opioid,CHEMBL1172249,CCCC[C@H](NC(=O)[C@H](Cc1c[nH]c2ccccc12)NC(=O)[C@H](CCCNC(=N)N)NC(=O)[C@@H](Cc1ccc2ccccc2c1)NC(=O)[C@H](Cc1cnc[nH]1)NC(=O)[C@H]1Cc2ccccc2CN1C(=O)[C@@H](N)Cc1c(C)cc(O)cc1C)C(=O)N[C@@H](CC(=O)O)C(=O)N[C@@H](Cc1ccccc1)C(N)=O,7.899974269892137,train,O=C(CNC(=O)CNC(=O)[C@H](Cc1c[nH]c2ccccc12)NC(=O)CNC(=O)[C@@H](Cc1ccc2ccccc2c1)NC(=O)[C@H](Cc1cnc[nH]1)NC(=O)[C@H]1Cc2ccccc2CN1C(=O)CCc1ccccc1)NCCc1ccccc1,ChEMBL
chembl-pic50-20260527T153246Z,CHEMBL236,δ-opioid,CHEMBL1172252,CCCC[C@H](NC(=O)[C@H](Cc1c[nH]c2ccccc12)NC(=O)[C@H](CCCNC(=N)N)NC(=O)[C@@H](Cc1ccc2ccccc2c1)NC(=O)[C@H](Cc1cnc[nH]1)NC(=O)[C@H](Cc1ccccc1)NC(=O)CNC(=O)[C@@H](C)NC(=O)[C@@H](N)Cc1ccc(O)cc1)C(=O)N[C@@H](CC(=O)O)C(=O)N[C@@H](Cc1ccccc1)C(N)=O,8.199970640755867,train,O=C(CCc1ccccc1)NCC(=O)NCC(=O)N[C@@H](Cc1ccccc1)C(=O)N[C@@H](Cc1cnc[nH]1)C(=O)N[C@H](Cc1ccc2ccccc2c1)C(=O)NCC(=O)N[C@@H](Cc1c[nH]c2ccccc12)C(=O)NCC(=O)NCC(=O)NCCc1ccccc1,ChEMBL
chembl-pic50-20260527T153246Z,CHEMBL236,δ-opioid,CHEMBL1172253,CCCC[C@H](NC(=O)[C@H](Cc1c[nH]c2ccccc12)NC(=O)[C@H](CCCNC(=N)N)NC(=O)[C@@H](Cc1ccc2ccccc2c1)NC(=O)[C@H](Cc1cnc[nH]1)NC(=O)[C@H](Cc1ccccc1)NC(=O)CNC(=O)[C@@H](C)NC(=O)[C@@H](N)Cc1c(C)cc(O)cc1C)C(=O)N[C@@H](CC(=O)O)C(=O)N[C@@H](Cc1ccccc1)C(N)=O,9.400007822415901,train,O=C(CCc1ccccc1)NCC(=O)NCC(=O)N[C@@H](Cc1ccccc1)C(=O)N[C@@H](Cc1cnc[nH]1)C(=O)N[C@H](Cc1ccc2ccccc2c1)C(=O)NCC(=O)N[C@@H](Cc1c[nH]c2ccccc12)C(=O)NCC(=O)NCC(=O)NCCc1ccccc1,ChEMBL
chembl-pic50-20260527T153246Z,CHEMBL236,δ-opioid,CHEMBL1172428,CCCC[C@H](NC(=O)[C@H](Cc1c[nH]c2ccccc12)NC(=O)[C@H](CCCNC(=N)N)NC(=O)[C@@H](Cc1ccc2ccccc2c1)NC(=O)[C@H](Cc1cnc[nH]1)NC(=O)[C@H](Cc1ccccc1)NC(=O)[C@@H](C)NC(=O)[C@@H](N)Cc1c(C)cc(O)cc1C)C(=O)N[C@@H](CC(=O)O)C(=O)N[C@@H](Cc1ccccc1)C(N)=O,8.100015437450608,train,O=C(CCc1ccccc1)NCC(=O)N[C@@H](Cc1ccccc1)C(=O)N[C@@H](Cc1cnc[nH]1)C(=O)N[C@H](Cc1ccc2ccccc2c1)C(=O)NCC(=O)N[C@@H](Cc1c[nH]c2ccccc12)C(=O)NCC(=O)NCC(=O)NCCc1ccccc1,ChEMBL
chembl-pic50-20260527T153246Z,CHEMBL236,δ-opioid,CHEMBL1172429,CCCC[C@H](NC(=O)[C@H](Cc1c[nH]c2ccccc12)NC(=O)[C@H](CCCNC(=N)N)NC(=O)[C@@H](Cc1ccc2ccccc2c1)NC(=O)[C@H](Cc1cnc[nH]1)NC(=O)[C@H](Cc1ccccc1)NC(=O)[C@@H](C)NC(=O)[C@@H](N)Cc1ccc(O)cc1)C(=O)N[C@@H](CC(=O)O)C(=O)N[C@@H](Cc1ccccc1)C(N)=O,7.100015437450609,train,O=C(CCc1ccccc1)NCC(=O)N[C@@H](Cc1ccccc1)C(=O)N[C@@H](Cc1cnc[nH]1)C(=O)N[C@H](Cc1ccc2ccccc2c1)C(=O)NCC(=O)N[C@@H](Cc1c[nH]c2ccccc12)C(=O)NCC(=O)NCC(=O)NCCc1ccccc1,ChEMBL
chembl-pic50-20260527T153246Z,CHEMBL236,δ-opioid,CHEMBL117537,O=C(CCCc1ccccc1)N1CCN(CCCC(c2ccc(F)cc2)c2ccc(F)cc2)CC1,5.430626090384954,train,O=C(CCCc1ccccc1)N1CCN(CCCC(c2ccccc2)c2ccccc2)CC1,ChEMBL
chembl-pic50-20260527T153246Z,CHEMBL236,δ-opioid,CHEMBL1214024,CC(C)C[C@H](NC(=O)[C@@H]1CCCN1C(=O)[C@@H]1NC(=O)[C@H](Cc2ccccc2)NC(=O)CNC(=O)[C@@H](NC(=O)[C@@H](N)Cc2ccc(O)cc2)C(C)(C)SSC1(C)C)C(=O)N[C@@H](Cc1c[nH]c2ccccc12)C(=O)NCc1cc(C(F)(F)F)cc(C(F)(F)F)c1,8.439973751087107,train,O=C(CCc1ccccc1)N[C@H]1CSSC[C@H](C(=O)N2CCC[C@H]2C(=O)NCC(=O)N[C@@H](Cc2c[nH]c3ccccc23)C(=O)NCc2ccccc2)NC(=O)[C@H](Cc2ccccc2)NC(=O)CNC1=O,ChEMBL
chembl-pic50-20260527T153246Z,CHEMBL236,δ-opioid,CHEMBL1214025,CC(C)C[C@H](NC(=O)[C@@H]1CCCN1C(=O)[C@H]1NC(=O)[C@H](Cc2ccccc2)NC(=O)CNC(=O)[C@@H](NC(=O)[C@@H](N)Cc2ccc(O)cc2)C(C)(C)SSC1(C)C)C(=O)N[C@@H](Cc1c[nH]c2ccccc12)C(=O)NCc1cc(C(F)(F)F)cc(C(F)(F)F)c1,7.140021558357979,train,O=C(CCc1ccccc1)N[C@H]1CSSC[C@@H](C(=O)N2CCC[C@H]2C(=O)NCC(=O)N[C@@H](Cc2c[nH]c3ccccc23)C(=O)NCc2ccccc2)NC(=O)[C@H](Cc2ccccc2)NC(=O)CNC1=O,ChEMBL
chembl-pic50-20260527T153246Z,CHEMBL236,δ-opioid,CHEMBL1214026,CCCC[C@@H]1NC(=O)[C@H](Cc2ccccc2)NC(=O)CNC(=O)[C@@H](NC(=O)[C@@H](N)Cc2ccc(O)cc2)C(C)(C)SSC(C)(C)[C@H](C(=O)N2CCC[C@H]2C(=O)N[C@@H](CC(C)C)C(=O)N[C@@H](Cc2c[nH]c3ccccc23)C(=O)NCc2cc(C(F)(F)F)cc(C(F)(F)F)c2)NC(=O)[C@@H]2CCCN2C1=O,6.499996931948306,train,O=C(CCc1ccccc1)N[C@H]1CSSC[C@H](C(=O)N2CCC[C@H]2C(=O)NCC(=O)N[C@@H](Cc2c[nH]c3ccccc23)C(=O)NCc2ccccc2)NC(=O)[C@@H]2CCCN2C(=O)CNC(=O)[C@H](Cc2ccccc2)NC(=O)CNC1=O,ChEMBL
chembl-pic50-20260527T153246Z,CHEMBL236,δ-opioid,CHEMBL1214027,CCCC[C@@H]1NC(=O)[C@H](Cc2ccccc2)NC(=O)CNC(=O)[C@@H](NC(=O)[C@@H](N)Cc2ccc(O)cc2)C(C)(C)SSC(C)(C)[C@@H](C(=O)N2CCC[C@H]2C(=O)N[C@@H](CC(C)C)C(=O)N[C@@H](Cc2c[nH]c3ccccc23)C(=O)NCc2cc(C(F)(F)F)cc(C(F)(F)F)c2)NC(=O)[C@@H]2CCCN2C1=O,5.860001341725206,train,O=C(CCc1ccccc1)N[C@H]1CSSC[C@@H](C(=O)N2CCC[C@H]2C(=O)NCC(=O)N[C@@H](Cc2c[nH]c3ccccc23)C(=O)NCc2ccccc2)NC(=O)[C@@H]2CCCN2C(=O)CNC(=O)[C@H](Cc2ccccc2)NC(=O)CNC1=O,ChEMBL
chembl-pic50-20260527T153246Z,CHEMBL236,δ-opioid,CHEMBL121946,CC(C)[C@H](NC(=O)[C@H](CC(=O)O)NC(=O)[C@](C)(Cc1ccccc1)NC(=O)[C@@H](C)NC(=O)[C@@H](N)Cc1ccc(O)cc1)C(=O)N[C@H](C(=O)NCC(N)=O)C(C)C,8.0,train,O=C(CCc1ccccc1)NCC(=O)NCCc1ccccc1,ChEMBL
chembl-pic50-20260527T153246Z,CHEMBL236,δ-opioid,CHEMBL122159,CC(C)[C@H](NC(=O)[C@H](CC(=O)O)NC(=O)[C@H](Cc1ccccc1)N(C)C(=O)[C@@H](C)NC(=O)[C@@H](N)Cc1ccc(O)cc1)C(=O)N[C@H](C(=O)NCC(N)=O)C(C)C,8.0,train,O=C(CCc1ccccc1)NCC(=O)NCCc1ccccc1,ChEMBL
chembl-pic50-20260527T153246Z,CHEMBL236,δ-opioid,CHEMBL1223815,Cc1ccc(CN2[C@@H]3CC[C@H]2C[C@@H](Oc2cccc(C(N)=O)c2)C3)s1,5.0806080732261405,train,c1ccc(O[C@H]2C[C@H]3CC[C@@H](C2)N3Cc2cccs2)cc1,ChEMBL
chembl-pic50-20260527T153246Z,CHEMBL236,δ-opioid,CHEMBL1223816,NC(=O)c1cccc(O[C@H]2C[C@H]3CC[C@@H](C2)N3CC2CCCCC2)c1,4.522878745280337,train,c1ccc(O[C@H]2C[C@H]3CC[C@@H](C2)N3CC2CCCCC2)cc1,ChEMBL
chembl-pic50-20260527T153246Z,CHEMBL236,δ-opioid,CHEMBL1223817,CN(C)C(=O)N[C@H]1CC[C@H](CN2[C@@H]3CC[C@H]2C[C@@H](Oc2cccc(C(N)=O)c2)C3)CC1,4.522878745280337,train,c1ccc(O[C@H]2C[C@H]3CC[C@@H](C2)N3CC2CCCCC2)cc1,ChEMBL
chembl-pic50-20260527T153246Z,CHEMBL236,δ-opioid,CHEMBL1223870,CN(C)C(=O)N[C@H]1CC[C@H](CCN2[C@@H]3CC[C@H]2C[C@@H](Oc2cccc(C(N)=O)c2)C3)CC1,4.522878745280337,train,c1ccc(O[C@H]2C[C@H]3CC[C@@H](C2)N3CCC2CCCCC2)cc1,ChEMBL
chembl-pic50-20260527T153246Z,CHEMBL236,δ-opioid,CHEMBL1223871,CN(C)C(=O)N[C@H]1CC[C@@H](CN2[C@@H]3CC[C@H]2C[C@@H](Oc2cccc(C(N)=O)c2)C3)CC1,4.522878745280337,train,c1ccc(O[C@H]2C[C@H]3CC[C@@H](C2)N3CC2CCCCC2)cc1,ChEMBL
chembl-pic50-20260527T153246Z,CHEMBL236,δ-opioid,CHEMBL1223872,CN(C)C(=O)N[C@H]1CC[C@@H](CCN2[C@@H]3CC[C@H]2C[C@@H](Oc2cccc(C(N)=O)c2)C3)CC1,4.522878745280337,train,c1ccc(O[C@H]2C[C@H]3CC[C@@H](C2)N3CCC2CCCCC2)cc1,ChEMBL
chembl-pic50-20260527T153246Z,CHEMBL236,δ-opioid,CHEMBL1223873,NC(=O)c1cccc(O[C@H]2C[C@H]3CC[C@@H](C2)N3Cc2ccccc2)c1,4.561584240002048,train,c1ccc(CN2[C@@H]3CC[C@H]2C[C@@H](Oc2ccccc2)C3)cc1,ChEMBL
chembl-pic50-20260527T153246Z,CHEMBL236,δ-opioid,CHEMBL1223952,NC(=O)c1cccc(C[C@H]2C[C@H]3CC[C@@H](C2)N3Cc2ccccc2)c1,4.522878745280337,train,c1ccc(C[C@H]2C[C@H]3CC[C@@H](C2)N3Cc2ccccc2)cc1,ChEMBL
chembl-pic50-20260527T153246Z,CHEMBL236,δ-opioid,CHEMBL1223954,NC(=O)c1cccc(S[C@H]2C[C@H]3CC[C@@H](C2)N3Cc2ccccc2)c1,4.522878745280337,train,c1ccc(CN2[C@@H]3CC[C@H]2C[C@@H](Sc2ccccc2)C3)cc1,ChEMBL
chembl-pic50-20260527T153246Z,CHEMBL236,δ-opioid,CHEMBL1224065,NC(=O)c1cccc(N[C@H]2C[C@H]3CC[C@@H](C2)N3Cc2ccccc2)c1,4.832771305824007,train,c1ccc(CN2[C@@H]3CC[C@H]2C[C@@H](Nc2ccccc2)C3)cc1,ChEMBL
chembl-pic50-20260527T153246Z,CHEMBL236,δ-opioid,CHEMBL124283,CC(C)C[C@H](NC(=O)[C@H](Cc1ccccc1)NC(=O)CNC(=O)[C@@H](CO)NC(=O)[C@@H](N)Cc1ccc(O)cc1)C(=O)N[C@H](C(=O)O)[C@@H](C)O,8.886056647693163,train,O=C(CCc1ccccc1)NCC(=O)NCC(=O)NCCc1ccccc1,ChEMBL
chembl-pic50-20260527T153246Z,CHEMBL236,δ-opioid,CHEMBL124435,CC(C)[C@H](NC(=O)[C@H](CC(=O)O)NC(=O)C1(NC(=O)[C@@H](C)NC(=O)[C@@H](N)Cc2ccc(O)cc2)Cc2ccccc2C1)C(=O)N[C@H](C(=O)NCC(N)=O)C(C)C,6.432973633840939,train,O=C(CCc1ccccc1)NCC(=O)NC1Cc2ccccc2C1,ChEMBL
chembl-pic50-20260527T153246Z,CHEMBL236,δ-opioid,CHEMBL124941,CC(C)[C@H](NC(=O)[C@H](CC(=O)O)NC(=O)C1(NC(=O)[C@@H](C)NC(=O)[C@@H](N)Cc2ccc(O)cc2)CCc2ccccc2C1)C(=O)N[C@H](C(=O)NCC(N)=O)C(C)C,5.790484985457369,train,O=C(CCc1ccccc1)NCC(=O)NC1CCc2ccccc2C1,ChEMBL
chembl-pic50-20260527T153246Z,CHEMBL236,δ-opioid,CHEMBL125248,CCN(CC)C(=O)c1ccc(C(c2ccccc2)N2CCN(CC3CC3)CC2)cc1,7.452225294612178,train,c1ccc(C(c2ccccc2)N2CCN(CC3CC3)CC2)cc1,ChEMBL
chembl-pic50-20260527T153246Z,CHEMBL236,δ-opioid,CHEMBL1254685,C[C@H]1CN(CCC(=O)Nc2ccccc2)[C@@H]2Cc3ccc(O)cc3[C@]1(C)C2,7.920818753952375,train,O=C(CCN1CCC2C[C@H]1Cc1ccccc12)Nc1ccccc1,ChEMBL
chembl-pic50-20260527T153246Z,CHEMBL236,δ-opioid,CHEMBL125626,CCN(CC)C(=O)c1ccc(C(c2ccccc2)N2CCOCC2)cc1,5.0,train,c1ccc(C(c2ccccc2)N2CCOCC2)cc1,ChEMBL
chembl-pic50-20260527T153246Z,CHEMBL236,δ-opioid,CHEMBL125734,CCN(CC)C(=O)c1ccc(C(c2cccc3ccccc23)N2CCNCC2)cc1,8.627087997029893,train,c1ccc(C(c2cccc3ccccc23)N2CCNCC2)cc1,ChEMBL
chembl-pic50-20260527T153246Z,CHEMBL236,δ-opioid,CHEMBL1257346,O=C(Nc1cccc(NC(=O)c2cccc(N3CCOCC3)c2)c1)c1cccc(OC2CCN(CC3CC3)CC2)c1,4.522878745280337,train,O=C(Nc1cccc(NC(=O)c2cccc(N3CCOCC3)c2)c1)c1cccc(OC2CCN(CC3CC3)CC2)c1,ChEMBL
chembl-pic50-20260527T153246Z,CHEMBL236,δ-opioid,CHEMBL1257457,NC(=O)c1cccc(OC2CCN(Cc3ccccc3)CC2)c1,4.522878745280337,train,c1ccc(CN2CCC(Oc3ccccc3)CC2)cc1,ChEMBL
chembl-pic50-20260527T153246Z,CHEMBL236,δ-opioid,CHEMBL1257577,NC(=O)c1cccc(O[C@@H]2C[C@H]3CC[C@@H](C2)N3Cc2cccs2)c1,4.522878745280337,train,c1ccc(O[C@@H]2C[C@H]3CC[C@@H](C2)N3Cc2cccs2)cc1,ChEMBL
chembl-pic50-20260527T153246Z,CHEMBL236,δ-opioid,CHEMBL1257578,Cc1ccc(CN2[C@@H]3CC[C@H]2C[C@H](Oc2cccc(C(N)=O)c2)C3)s1,5.0806080732261405,train,c1ccc(O[C@@H]2C[C@H]3CC[C@@H](C2)N3Cc2cccs2)cc1,ChEMBL
chembl-pic50-20260527T153246Z,CHEMBL236,δ-opioid,CHEMBL1258047,NC(=O)c1cccc(O[C@@H]2C[C@H]3CC[C@@H](C2)N3Cc2ccncc2)c1,4.60682857116311,train,c1ccc(O[C@@H]2C[C@H]3CC[C@@H](C2)N3Cc2ccncc2)cc1,ChEMBL
chembl-pic50-20260527T153246Z,CHEMBL236,δ-opioid,CHEMBL1258048,NC(=O)c1cccc(O[C@@H]2C[C@H]3CC[C@@H](C2)N3Cc2cccnc2)c1,4.65977407874281,train,c1ccc(O[C@@H]2C[C@H]3CC[C@@H](C2)N3Cc2cccnc2)cc1,ChEMBL
chembl-pic50-20260527T153246Z,CHEMBL236,δ-opioid,CHEMBL1258164,NC(=O)c1cccc(O[C@@H]2C[C@H]3CC[C@@H](C2)N3Cc2ccccn2)c1,4.522878745280337,train,c1ccc(O[C@@H]2C[C@H]3CC[C@@H](C2)N3Cc2ccccn2)cc1,ChEMBL
chembl-pic50-20260527T153246Z,CHEMBL236,δ-opioid,CHEMBL1258166,NC(=O)c1cccc(O[C@@H]2C[C@H]3CC[C@@H](C2)N3CC2CC2)c1,4.522878745280337,train,c1ccc(O[C@@H]2C[C@H]3CC[C@@H](C2)N3CC2CC2)cc1,ChEMBL
chembl-pic50-20260527T153246Z,CHEMBL236,δ-opioid,CHEMBL1258279,NC(=O)c1cccc(O[C@@H]2C[C@H]3CC[C@@H](C2)N3CC2CCCCC2)c1,4.522878745280337,train,c1ccc(O[C@@H]2C[C@H]3CC[C@@H](C2)N3CC2CCCCC2)cc1,ChEMBL
chembl-pic50-20260527T153246Z,CHEMBL236,δ-opioid,CHEMBL1258280,NC(=O)c1cccc(O[C@@H]2C[C@H]3CC[C@@H](C2)N3Cc2ccc3c(c2)OCO3)c1,5.314975214894286,train,c1ccc(O[C@@H]2C[C@H]3CC[C@@H](C2)N3Cc2ccc3c(c2)OCO3)cc1,ChEMBL
chembl-pic50-20260527T153246Z,CHEMBL236,δ-opioid,CHEMBL1258502,NC(=O)c1cccc(O[C@@H]2C[C@H]3CC[C@@H](C2)N3CC(=O)N2CCCC2)c1,4.522878745280337,train,O=C(CN1[C@@H]2CC[C@H]1C[C@H](Oc1ccccc1)C2)N1CCCC1,ChEMBL
chembl-pic50-20260527T153246Z,CHEMBL236,δ-opioid,CHEMBL126141,CCN(CC)C(=O)c1ccc(C(=C2CCN(CC=C(C)C)CC2)c2ccccc2)cc1,8.679853713888946,train,c1ccc(C(=C2CCNCC2)c2ccccc2)cc1,ChEMBL
chembl-pic50-20260527T153246Z,CHEMBL236,δ-opioid,CHEMBL126223,CCN(CC)C(=O)c1ccc(C(c2ccc3ccccc3c2)N2CCNCC2)cc1,8.11747546204512,train,c1ccc(C(c2ccc3ccccc3c2)N2CCNCC2)cc1,ChEMBL
chembl-pic50-20260527T153246Z,CHEMBL236,δ-opioid,CHEMBL126255,C=CCN1CCC(=C(c2ccccc2)c2ccc(C(=O)N(CC)CC)cc2)CC1,8.522878745280337,train,c1ccc(C(=C2CCNCC2)c2ccccc2)cc1,ChEMBL
chembl-pic50-20260527T153246Z,CHEMBL236,δ-opioid,CHEMBL126366,CCN(CC)C(=O)c1ccc(C(c2cccc3cnccc23)N2CCNCC2)cc1,8.38615817812393,train,c1ccc(C(c2cccc3cnccc23)N2CCNCC2)cc1,ChEMBL
chembl-pic50-20260527T153246Z,CHEMBL236,δ-opioid,CHEMBL126370,CCN(CC)C(=O)c1ccc(C(=C2CCNCC2)c2ccccc2F)cc1,8.98296666070122,train,c1ccc(C(=C2CCNCC2)c2ccccc2)cc1,ChEMBL
chembl-pic50-20260527T153246Z,CHEMBL236,δ-opioid,CHEMBL126382,CCN(CC)C(=O)c1ccc(C(c2ccccc2)C2CCNCC2)cc1,8.057000406633959,train,c1ccc(C(c2ccccc2)C2CCNCC2)cc1,ChEMBL
chembl-pic50-20260527T153246Z,CHEMBL236,δ-opioid,CHEMBL126819,CCN(CC)C(=O)c1ccc(C(c2ccc3cccnc3c2)N2CCNCC2)cc1,8.958607314841775,train,c1ccc(C(c2ccc3cccnc3c2)N2CCNCC2)cc1,ChEMBL
chembl-pic50-20260527T153246Z,CHEMBL236,δ-opioid,CHEMBL126842,CCN(CC)C(=O)c1ccc(C(=C2CCN(C)CC2)c2ccccc2)cc1,7.568636235841013,train,c1ccc(C(=C2CCNCC2)c2ccccc2)cc1,ChEMBL
chembl-pic50-20260527T153246Z,CHEMBL236,δ-opioid,CHEMBL126857,CCN(CC)C(=O)c1ccc(C(=C2CCNCC2)c2ccc(Cl)c(Cl)c2)cc1,8.636388020107855,train,c1ccc(C(=C2CCNCC2)c2ccccc2)cc1,ChEMBL
chembl-pic50-20260527T153246Z,CHEMBL236,δ-opioid,CHEMBL126884,CCN(CC)C(=O)c1ccc(C(=C2CCNCC2)c2c(C)cccc2C)cc1,6.728158393463501,train,c1ccc(C(=C2CCNCC2)c2ccccc2)cc1,ChEMBL
chembl-pic50-20260527T153246Z,CHEMBL236,δ-opioid,CHEMBL126946,CCN(CC)C(=O)c1ccc(C(=C2CCNCC2)c2ccc(F)cc2)cc1,7.823908740944319,train,c1ccc(C(=C2CCNCC2)c2ccccc2)cc1,ChEMBL
chembl-pic50-20260527T153246Z,CHEMBL236,δ-opioid,CHEMBL127007,CCN(CC)C(=O)c1ccc(C(=C2CCNCC2)c2ccc(Cl)cc2)cc1,8.379863945026242,train,c1ccc(C(=C2CCNCC2)c2ccccc2)cc1,ChEMBL
chembl-pic50-20260527T153246Z,CHEMBL236,δ-opioid,CHEMBL127240,CCN(CC)C(=O)c1ccc(C(c2ccccc2)N2CCCCC2)cc1,5.651695136951839,train,c1ccc(C(c2ccccc2)N2CCCCC2)cc1,ChEMBL
chembl-pic50-20260527T153246Z,CHEMBL236,δ-opioid,CHEMBL127495,CCN(CC)C(=O)c1ccc(C(=C2CCNCC2)c2cccc(N)c2)cc1,8.590066876668706,train,c1ccc(C(=C2CCNCC2)c2ccccc2)cc1,ChEMBL
chembl-pic50-20260527T153246Z,CHEMBL236,δ-opioid,CHEMBL127507,CCN(CC)C(=O)c1ccc(C(c2ccccc2)N2CCCNCC2)cc1,7.707743928643524,train,c1ccc(C(c2ccccc2)N2CCCNCC2)cc1,ChEMBL
chembl-pic50-20260527T153246Z,CHEMBL236,δ-opioid,CHEMBL127761,CCN(CC)C(=O)c1ccc(C(c2cccc3c2OC(C)(C)C3)N2CCNCC2)cc1,8.939302159646388,train,c1ccc(C(c2cccc3c2OCC3)N2CCNCC2)cc1,ChEMBL
chembl-pic50-20260527T153246Z,CHEMBL236,δ-opioid,CHEMBL127788,CCN(CC)C(=O)c1ccc(C(=C2CCN(CC3CC3)CC2)c2ccccc2)cc1,8.029188389127482,train,c1ccc(C(=C2CCN(CC3CC3)CC2)c2ccccc2)cc1,ChEMBL
chembl-pic50-20260527T153246Z,CHEMBL236,δ-opioid,CHEMBL127802,CCCCN1CCC(=C(c2ccccc2)c2ccc(C(=O)N(CC)CC)cc2)CC1,8.185086818724926,train,c1ccc(C(=C2CCNCC2)c2ccccc2)cc1,ChEMBL
chembl-pic50-20260527T153246Z,CHEMBL236,δ-opioid,CHEMBL129034,CCN(CC)C(=O)c1ccc(C(=C2CCNCC2)c2cccc3ccccc23)cc1,8.910094888560602,train,c1ccc(C(=C2CCNCC2)c2cccc3ccccc23)cc1,ChEMBL
chembl-pic50-20260527T153246Z,CHEMBL236,δ-opioid,CHEMBL129300,CCN(CC)C(=O)c1ccc(C(=C2CCNCC2)c2cccc(C(C)=O)c2)cc1,9.065501548756432,train,c1ccc(C(=C2CCNCC2)c2ccccc2)cc1,ChEMBL
chembl-pic50-20260527T153246Z,CHEMBL236,δ-opioid,CHEMBL129420,CCN(CC)C(=O)c1ccc(C(c2cccc3cccnc23)N2CCNCC2)cc1,9.292429823902063,train,c1ccc(C(c2cccc3cccnc23)N2CCNCC2)cc1,ChEMBL
chembl-pic50-20260527T153246Z,CHEMBL236,δ-opioid,CHEMBL129693,CCN(CC)C(=O)c1ccc(C(=C2CCNCC2)c2ccc(SC)cc2)cc1,8.679853713888946,train,c1ccc(C(=C2CCNCC2)c2ccccc2)cc1,ChEMBL
chembl-pic50-20260527T153246Z,CHEMBL236,δ-opioid,CHEMBL1299526,COc1cc(NC(=O)Cn2ncc(Cl)c(Cl)c2=O)c(C)cc1[N+](=O)[O-],4.494850021680094,train,O=C(Cn1ncccc1=O)Nc1ccccc1,ChEMBL
chembl-pic50-20260527T153246Z,CHEMBL236,δ-opioid,CHEMBL1302178,COc1cc(OC)cc(-c2nnc(NC(=O)c3ccc4c(c3)OCCO4)o2)c1,4.494850021680094,train,O=C(Nc1nnc(-c2ccccc2)o1)c1ccc2c(c1)OCCO2,ChEMBL
chembl-pic50-20260527T153246Z,CHEMBL236,δ-opioid,CHEMBL1310734,COc1cc2c(c(OC)c1OC)-c1c(cc3c(c1OC)OCO3)C1OC2[C@@H](C)[C@H]1C,4.494850021680094,train,c1ccc2c(c1)-c1cc3c(cc1C1CCC2O1)OCO3,ChEMBL
chembl-pic50-20260527T153246Z,CHEMBL236,δ-opioid,CHEMBL1311831,Cc1ccc(C(=O)N[C@@H](C)CN2C3=NC[C@@H](Cc4ccccc4)N3C[C@H]2Cc2ccc(O)cc2)cc1Br,4.494850021680094,train,O=C(NCCN1C2=NC[C@@H](Cc3ccccc3)N2C[C@H]1Cc1ccccc1)c1ccccc1,ChEMBL
chembl-pic50-20260527T153246Z,CHEMBL236,δ-opioid,CHEMBL1323553,O=S(=O)(Nc1cccc2cccnc12)c1ccc(S(=O)(=O)N2CCCC2)cc1,4.494850021680094,train,O=S(=O)(Nc1cccc2cccnc12)c1ccc(S(=O)(=O)N2CCCC2)cc1,ChEMBL
chembl-pic50-20260527T153246Z,CHEMBL236,δ-opioid,CHEMBL1324005,Cc1cccc(Cc2cnc(N3C(=N)SC(C)C3=O)s2)c1,4.494850021680094,train,N=C1SCC(=O)N1c1ncc(Cc2ccccc2)s1,ChEMBL
chembl-pic50-20260527T153246Z,CHEMBL236,δ-opioid,CHEMBL1329667,COc1ccc(C[C@@H]2CN3C(=NC[C@@H]3C)N2CCNC(=O)c2ccc(C)c(Br)c2)cc1,4.494850021680094,train,O=C(NCCN1C2=NCCN2C[C@H]1Cc1ccccc1)c1ccccc1,ChEMBL
chembl-pic50-20260527T153246Z,CHEMBL236,δ-opioid,CHEMBL1334809,COc1cc(OC)c(OC)cc1CCC(C)NCCC(c1ccccc1)c1ccccc1.Cl,4.612663573806663,train,c1ccc(CCCNCCC(c2ccccc2)c2ccccc2)cc1,ChEMBL
chembl-pic50-20260527T153246Z,CHEMBL236,δ-opioid,CHEMBL1337227,O=C(Cn1ncc(Cl)c(Cl)c1=O)N1CCc2ccccc21,4.833717932683429,train,O=C(Cn1ncccc1=O)N1CCc2ccccc21,ChEMBL
chembl-pic50-20260527T153246Z,CHEMBL236,δ-opioid,CHEMBL1341190,COC(=O)[C@H](Cc1c[nH]c2ccccc12)n1cc(-c2cc(C(=O)N3CCNCC3)cc(-c3cn([C@@H](Cc4ccc(O)cc4)C(=O)O)nn3)c2)nn1.Cl,4.494850021680094,train,O=C(c1cc(-c2cn(CCc3ccccc3)nn2)cc(-c2cn(CCc3c[nH]c4ccccc34)nn2)c1)N1CCNCC1,ChEMBL
chembl-pic50-20260527T153246Z,CHEMBL236,δ-opioid,CHEMBL1343080,Cc1ccc(S(=O)(=O)NCc2ccc(C(=O)N3CCN(Cc4ccccc4)CC3)cc2)cc1,4.494850021680094,train,O=C(c1ccc(CNS(=O)(=O)c2ccccc2)cc1)N1CCN(Cc2ccccc2)CC1,ChEMBL
chembl-pic50-20260527T153246Z,CHEMBL236,δ-opioid,CHEMBL1343705,O=S(=O)(Nc1cccc2ncccc12)c1cccs1,4.494850021680094,train,O=S(=O)(Nc1cccc2ncccc12)c1cccs1,ChEMBL
chembl-pic50-20260527T153246Z,CHEMBL236,δ-opioid,CHEMBL1348399,COc1ccc(C(=O)CSc2nnc(-c3ccccn3)n2Cc2ccco2)cc1,4.494850021680094,train,O=C(CSc1nnc(-c2ccccn2)n1Cc1ccco1)c1ccccc1,ChEMBL
chembl-pic50-20260527T153246Z,CHEMBL236,δ-opioid,CHEMBL1350432,S=c1sc2c(Cl)ncnc2n1-c1ccccc1,5.3281794398167515,train,S=c1sc2cncnc2n1-c1ccccc1,ChEMBL
chembl-pic50-20260527T153246Z,CHEMBL236,δ-opioid,CHEMBL1351467,COc1ccc(N2CCN(CCCNC(=O)C(=O)c3c(C)n(C)c4ccccc34)CC2)cc1,4.494850021680094,train,O=C(NCCCN1CCN(c2ccccc2)CC1)C(=O)c1c[nH]c2ccccc12,ChEMBL
chembl-pic50-20260527T153246Z,CHEMBL236,δ-opioid,CHEMBL1358924,CCOc1cc(CNC2CCCC2)cc(Cl)c1OCc1ccccc1.Cl,4.494850021680094,train,c1ccc(COc2ccc(CNC3CCCC3)cc2)cc1,ChEMBL
chembl-pic50-20260527T153246Z,CHEMBL236,δ-opioid,CHEMBL1363376,O=C(Nc1nccs1)c1sc2cc(Cl)ccc2c1Cl,4.494850021680094,train,O=C(Nc1nccs1)c1cc2ccccc2s1,ChEMBL
chembl-pic50-20260527T153246Z,CHEMBL236,δ-opioid,CHEMBL1369123,Oc1c(C=Nc2cccc3cccnc23)sc2ccccc12,5.995678626217358,train,C(=Nc1cccc2cccnc12)c1cc2ccccc2s1,ChEMBL
chembl-pic50-20260527T153246Z,CHEMBL236,δ-opioid,CHEMBL1370719,COc1cc(/C=C/c2ccc3cccc(O)c3n2)ccc1O,4.494850021680094,train,C(=C\c1ccc2ccccc2n1)/c1ccccc1,ChEMBL
chembl-pic50-20260527T153246Z,CHEMBL236,δ-opioid,CHEMBL1371990,O=C(c1cnccn1)N(Cc1ccco1)C1(C(=O)NC2CCCC2)CCCCC1,4.494850021680094,train,O=C(c1cnccn1)N(Cc1ccco1)C1(C(=O)NC2CCCC2)CCCCC1,ChEMBL
chembl-pic50-20260527T153246Z,CHEMBL236,δ-opioid,CHEMBL1372205,Cc1csc2c(NC3CCN(Cc4ccccc4)CC3)ncnc12,4.301029995663981,train,c1ccc(CN2CCC(Nc3ncnc4ccsc34)CC2)cc1,ChEMBL
chembl-pic50-20260527T153246Z,CHEMBL236,δ-opioid,CHEMBL1375133,CCCN(CCC)CC(O)Cn1cc(/C=C/C(=O)c2cccs2)c2ccccc21,4.494850021680094,train,O=C(/C=C/c1c[nH]c2ccccc12)c1cccs1,ChEMBL
chembl-pic50-20260527T153246Z,CHEMBL236,δ-opioid,CHEMBL13786,CSCC[C@H](NC(=O)[C@H](Cc1ccccc1)NC(=O)CNC(=O)CNC(=O)[C@@H](N)Cc1ccc(O)cc1)C(=O)O,8.193820026016112,train,O=C(CCc1ccccc1)NCC(=O)NCC(=O)NCCc1ccccc1,ChEMBL
chembl-pic50-20260527T153246Z,CHEMBL236,δ-opioid,CHEMBL1383537,COc1ccc(-c2csc(N3C(=N)SCC3=O)n2)cc1,4.494850021680094,train,N=C1SCC(=O)N1c1nc(-c2ccccc2)cs1,ChEMBL
chembl-pic50-20260527T153246Z,CHEMBL236,δ-opioid,CHEMBL1384246,COC(=O)c1ccc(C)c(-n2c(=O)n(Cc3ccccc3)c(=O)c3[nH]cnc32)c1,4.494850021680094,train,O=c1c2[nH]cnc2n(-c2ccccc2)c(=O)n1Cc1ccccc1,ChEMBL
chembl-pic50-20260527T153246Z,CHEMBL236,δ-opioid,CHEMBL1384373,COc1cc2ccccc2cc1C(=O)Nc1sc2c(c1C(N)=O)CCN(C(C)C)C2.Cl,4.494850021680094,train,O=C(Nc1cc2c(s1)CNCC2)c1ccc2ccccc2c1,ChEMBL
chembl-pic50-20260527T153246Z,CHEMBL236,δ-opioid,CHEMBL1384550,Cc1cccc(CSc2cccc3cccnc23)c1,4.494850021680094,train,c1ccc(CSc2cccc3cccnc23)cc1,ChEMBL
chembl-pic50-20260527T153246Z,CHEMBL236,δ-opioid,CHEMBL1385690,CCCC(=O)OCCNc1cc(Sc2nccn2C)c2nonc2c1[N+](=O)[O-],4.494850021680094,train,c1cc(Sc2ncc[nH]2)c2nonc2c1,ChEMBL
chembl-pic50-20260527T153246Z,CHEMBL236,δ-opioid,CHEMBL1387605,Oc1nc(-c2ccccn2)nc2sc(-c3ccccc3)cc12,4.494850021680094,train,c1ccc(-c2cc3cnc(-c4ccccn4)nc3s2)cc1,ChEMBL
chembl-pic50-20260527T153246Z,CHEMBL236,δ-opioid,CHEMBL1390716,Cc1[nH]c2ccccc2c1/C=C1\SC(=N)N(c2nccs2)C1=O,4.629931239349948,train,N=C1S/C(=C\c2c[nH]c3ccccc23)C(=O)N1c1nccs1,ChEMBL
chembl-pic50-20260527T153246Z,CHEMBL236,δ-opioid,CHEMBL1391094,Cc1ccc(NC(=O)c2cc(N3C(=O)C=CC3=O)ccc2N2CCOCC2)cc1,4.494850021680094,train,O=C(Nc1ccccc1)c1cc(N2C(=O)C=CC2=O)ccc1N1CCOCC1,ChEMBL
chembl-pic50-20260527T153246Z,CHEMBL236,δ-opioid,CHEMBL1391476,CCC(C)(C(=O)NC1CCCCC1)N(Cc1ccco1)C(=O)c1cnccn1,4.494850021680094,train,O=C(CN(Cc1ccco1)C(=O)c1cnccn1)NC1CCCCC1,ChEMBL
chembl-pic50-20260527T153246Z,CHEMBL236,δ-opioid,CHEMBL140145,C=C(COc1ccc2c3c1O[C@H]1C(=O)CC[C@@]4(O)[C@@H](C2)N(C)CC[C@]314)C(=O)OC,7.6777807052660805,train,O=C1CCC2[C@H]3Cc4cccc5c4[C@@]2(CCN3)[C@H]1O5,ChEMBL
chembl-pic50-20260527T153246Z,CHEMBL236,δ-opioid,CHEMBL1403666,O=C(CSc1nnc(-c2ccccn2)n1Cc1ccco1)c1ccc(Cl)cc1,4.494850021680094,train,O=C(CSc1nnc(-c2ccccn2)n1Cc1ccco1)c1ccccc1,ChEMBL
chembl-pic50-20260527T153246Z,CHEMBL236,δ-opioid,CHEMBL1405968,O=C(NC(NC(=S)Nc1c(Cl)cc(Cl)cc1Cl)C(Cl)(Cl)Cl)OCc1ccccc1,4.494850021680094,train,O=C(NCNC(=S)Nc1ccccc1)OCc1ccccc1,ChEMBL
chembl-pic50-20260527T153246Z,CHEMBL236,δ-opioid,CHEMBL140855,COC(=O)C(C)COc1ccc2c3c1O[C@H]1C(=O)CC[C@@]4(O)[C@@H](C2)N(CC2CC2)CC[C@]314,6.0,train,O=C1CCC2[C@H]3Cc4cccc5c4[C@@]2(CCN3CC2CC2)[C@H]1O5,ChEMBL
chembl-pic50-20260527T153246Z,CHEMBL236,δ-opioid,CHEMBL1412078,CCC(C)(C(=O)NC1CCCCC1)N(Cc1cccs1)C(=O)c1ccccn1,4.494850021680094,train,O=C(CN(Cc1cccs1)C(=O)c1ccccn1)NC1CCCCC1,ChEMBL
chembl-pic50-20260527T153246Z,CHEMBL236,δ-opioid,CHEMBL1416089,CCS(=O)(=O)c1ncc(Cl)c(C(=O)Nc2ccc(S(=O)(=O)N(C)c3ccccc3)cc2)n1,5.025120026993069,train,O=C(Nc1ccc(S(=O)(=O)Nc2ccccc2)cc1)c1ccncn1,ChEMBL
chembl-pic50-20260527T153246Z,CHEMBL236,δ-opioid,CHEMBL1416769,O=C(NC(NC(=S)Nc1cccc(Cl)c1)C(Cl)(Cl)Cl)OCc1ccccc1,4.61261017366127,train,O=C(NCNC(=S)Nc1ccccc1)OCc1ccccc1,ChEMBL
chembl-pic50-20260527T153246Z,CHEMBL236,δ-opioid,CHEMBL1421427,O=C(NNC(=O)C12CC3CC(CC(C3)C1)C2)c1ccccn1,4.494850021680094,train,O=C(NNC(=O)C12CC3CC(CC(C3)C1)C2)c1ccccn1,ChEMBL
chembl-pic50-20260527T153246Z,CHEMBL236,δ-opioid,CHEMBL1421770,O=c1cc(-c2c(F)c(F)c(F)c(F)c2F)oc2ccccc12,4.972324284095107,train,O=c1cc(-c2ccccc2)oc2ccccc12,ChEMBL
chembl-pic50-20260527T153246Z,CHEMBL236,δ-opioid,CHEMBL1426998,O=C(c1ccccn1)N(Cc1ccco1)C1(C(=O)NC2CCCC2)CCCCC1,4.494850021680094,train,O=C(c1ccccn1)N(Cc1ccco1)C1(C(=O)NC2CCCC2)CCCCC1,ChEMBL
chembl-pic50-20260527T153246Z,CHEMBL236,δ-opioid,CHEMBL1430337,Cc1ccc(C)c(NC(S)=NC(NC(=O)OCc2ccccc2)C(Cl)(Cl)Cl)c1,4.494850021680094,train,O=C(NCN=CNc1ccccc1)OCc1ccccc1,ChEMBL
chembl-pic50-20260527T153246Z,CHEMBL236,δ-opioid,CHEMBL1431014,COc1cccc(/C=C/c2ccc3cccc(O)c3n2)c1OC,4.494850021680094,train,C(=C\c1ccc2ccccc2n1)/c1ccccc1,ChEMBL
chembl-pic50-20260527T153246Z,CHEMBL236,δ-opioid,CHEMBL143592,CC(C)(C)c1ccc(C(c2cccc(O)c2)N2CCN(Cc3ccccc3)CC2)cc1,8.258848401148216,train,c1ccc(CN2CCN(C(c3ccccc3)c3ccccc3)CC2)cc1,ChEMBL
chembl-pic50-20260527T153246Z,CHEMBL236,δ-opioid,CHEMBL143939,CC1(C)SSC(C)(C)[C@@H](NC(=O)[C@@H](N)Cc2ccc(O)cc2)C(=O)NCC(=O)N[C@@H](Cc2ccc(Cl)cc2)C(=O)N[C@H]1C(=O)O,8.8153085691824,train,O=C1CNC(=O)[C@H](NC(=O)CCc2ccccc2)CSSCCNC(=O)[C@H](Cc2ccccc2)N1,ChEMBL
chembl-pic50-20260527T153246Z,CHEMBL236,δ-opioid,CHEMBL1440728,Cc1ccc(C)c(N2CCN(CCCNC(=O)CCn3c(=O)c4cccn4c4cccnc43)CC2)c1,4.494850021680094,train,O=C(CCn1c(=O)c2cccn2c2cccnc21)NCCCN1CCN(c2ccccc2)CC1,ChEMBL
chembl-pic50-20260527T153246Z,CHEMBL236,δ-opioid,CHEMBL1442120,CC1CCc2c(nc3sc4c(c3c2N)CCCC4)C1,4.494850021680094,train,c1c2c(nc3sc4c(c13)CCCC4)CCCC2,ChEMBL
chembl-pic50-20260527T153246Z,CHEMBL236,δ-opioid,CHEMBL1445491,COc1ccc(S(=O)(=O)N(CC(=O)Nc2ccc(S(=O)(=O)N3CCOCC3)cc2)c2ccccc2)cc1,4.494850021680094,train,O=C(CN(c1ccccc1)S(=O)(=O)c1ccccc1)Nc1ccc(S(=O)(=O)N2CCOCC2)cc1,ChEMBL
chembl-pic50-20260527T153246Z,CHEMBL236,δ-opioid,CHEMBL1448582,CCN(CCCNC(=O)C1CCN(S(=O)(=O)N2CCC3(CC2)OCCO3)CC1)c1ccccc1,4.494850021680094,train,O=C(NCCCNc1ccccc1)C1CCN(S(=O)(=O)N2CCC3(CC2)OCCO3)CC1,ChEMBL
chembl-pic50-20260527T153246Z,CHEMBL236,δ-opioid,CHEMBL1448902,Oc1ccc(C=NNc2ccnc3cc(Cl)ccc23)cc1O,4.723538195826756,train,C(=NNc1ccnc2ccccc12)c1ccccc1,ChEMBL
chembl-pic50-20260527T153246Z,CHEMBL236,δ-opioid,CHEMBL1455762,O=C(c1ccc(CNS(=O)(=O)c2ccccc2)cc1)N1CCN(Cc2ccccc2)CC1,4.494850021680094,train,O=C(c1ccc(CNS(=O)(=O)c2ccccc2)cc1)N1CCN(Cc2ccccc2)CC1,ChEMBL
chembl-pic50-20260527T153246Z,CHEMBL236,δ-opioid,CHEMBL1455766,Cc1ccc(S(=O)(=O)NCc2ccc(C(=O)NCCN(Cc3ccccc3)C(C)C)cc2)cc1,4.494850021680094,train,O=C(NCCNCc1ccccc1)c1ccc(CNS(=O)(=O)c2ccccc2)cc1,ChEMBL
chembl-pic50-20260527T153246Z,CHEMBL236,δ-opioid,CHEMBL1456130,CCc1nc2sc3c(Cl)ncnc3c2c2c1CCCC2,4.494850021680094,train,c1ncc2sc3ncc4c(c3c2n1)CCCC4,ChEMBL
chembl-pic50-20260527T153246Z,CHEMBL236,δ-opioid,CHEMBL1458833,COc1ccc(/C=C2\SC(=N)N(c3nccs3)C2=O)cc1OC,4.494850021680094,train,N=C1S/C(=C\c2ccccc2)C(=O)N1c1nccs1,ChEMBL
chembl-pic50-20260527T153246Z,CHEMBL236,δ-opioid,CHEMBL146013,CCn1c(=O)n(C2CCN(CC3CCCCCCC3)CC2)c2ccccc21,5.0,train,O=c1[nH]c2ccccc2n1C1CCN(CC2CCCCCCC2)CC1,ChEMBL
chembl-pic50-20260527T153246Z,CHEMBL236,δ-opioid,CHEMBL1460705,O=C(Nc1nnc(SCc2ccc(F)cc2)s1)c1ccccn1,4.494850021680094,train,O=C(Nc1nnc(SCc2ccccc2)s1)c1ccccn1,ChEMBL
chembl-pic50-20260527T153246Z,CHEMBL236,δ-opioid,CHEMBL1461661,O=C(NC(NC(=S)Nc1c(Cl)cccc1Cl)C(Cl)(Cl)Cl)OCc1ccccc1,4.494850021680094,train,O=C(NCNC(=S)Nc1ccccc1)OCc1ccccc1,ChEMBL
chembl-pic50-20260527T153246Z,CHEMBL236,δ-opioid,CHEMBL146191,Oc1nc2ccccc2n1C1CCN(CC2CCCCCCC2)CC1,5.0,train,c1ccc2c(c1)ncn2C1CCN(CC2CCCCCCC2)CC1,ChEMBL
chembl-pic50-20260527T153246Z,CHEMBL236,δ-opioid,CHEMBL1464584,O=C(c1ccc([N+](=O)[O-])cc1)N(Cc1ccc(Cl)cc1)N1C(=O)CCCC1=O,4.494850021680094,train,O=C(c1ccccc1)N(Cc1ccccc1)N1C(=O)CCCC1=O,ChEMBL
chembl-pic50-20260527T153246Z,CHEMBL236,δ-opioid,CHEMBL146462,CCn1c(=O)n([C@H]2CCN(CC3CCCCCCC3)C[C@@H]2CO)c2ccccc21,5.0,train,O=c1[nH]c2ccccc2n1C1CCN(CC2CCCCCCC2)CC1,ChEMBL
chembl-pic50-20260527T153246Z,CHEMBL236,δ-opioid,CHEMBL14653,CC(=O)c1ccc(-c2cccn(C(CN3CCC(O)C3)c3ccccc3)c2=O)cc1,5.0,train,O=c1c(-c2ccccc2)cccn1C(CN1CCCC1)c1ccccc1,ChEMBL
chembl-pic50-20260527T153246Z,CHEMBL236,δ-opioid,CHEMBL14680,O=C(CSSCC(=O)N[C@@]12CCC(=O)[C@@H]3Oc4c(O)ccc5c4[C@@]31CCN(CC1CCC1)[C@@H]2C5)N[C@@]12CCC(=O)[C@@H]3Oc4c(O)ccc5c4[C@@]31CCN(CC1CCC1)[C@@H]2C5,7.924453038607469,train,O=C(CSSCC(=O)N[C@@]12CCC(=O)[C@@H]3Oc4cccc5c4[C@@]31CCN(CC1CCC1)[C@@H]2C5)N[C@@]12CCC(=O)[C@@H]3Oc4cccc5c4[C@@]31CCN(CC1CCC1)[C@@H]2C5,ChEMBL
chembl-pic50-20260527T153246Z,CHEMBL236,δ-opioid,CHEMBL1471101,O=C(NNC(=O)c1ccccc1OCc1ccccc1Cl)c1csc(N2CCOCC2)n1,4.494850021680094,train,O=C(NNC(=O)c1ccccc1OCc1ccccc1)c1csc(N2CCOCC2)n1,ChEMBL
chembl-pic50-20260527T153246Z,CHEMBL236,δ-opioid,CHEMBL1476347,N#Cc1ccc(-c2cccnc2)nc1SCC(=O)Nc1sc2c(c1C#N)CCC2,4.494850021680094,train,O=C(CSc1cccc(-c2cccnc2)n1)Nc1cc2c(s1)CCC2,ChEMBL
chembl-pic50-20260527T153246Z,CHEMBL236,δ-opioid,CHEMBL1478375,CC(=O)c1ccc(S(=O)(=O)NCc2ccc(C(=O)N(C)CC(=O)Nc3cccc(F)c3)cc2)cc1,4.494850021680094,train,O=C(CNC(=O)c1ccc(CNS(=O)(=O)c2ccccc2)cc1)Nc1ccccc1,ChEMBL
chembl-pic50-20260527T153246Z,CHEMBL236,δ-opioid,CHEMBL14784,Cc1ccc(C(C)Nc2cccn(C(CN3CCCC3)c3ccccc3)c2=O)cc1,5.0,train,O=c1c(NCc2ccccc2)cccn1C(CN1CCCC1)c1ccccc1,ChEMBL
chembl-pic50-20260527T153246Z,CHEMBL236,δ-opioid,CHEMBL1479335,O=C(c1ccc([N+](=O)[O-])cc1)N(Cc1ccc(Br)cc1)N1C(=O)CCCC1=O,4.494850021680094,train,O=C(c1ccccc1)N(Cc1ccccc1)N1C(=O)CCCC1=O,ChEMBL
chembl-pic50-20260527T153246Z,CHEMBL236,δ-opioid,CHEMBL1480657,O=C(c1ccccn1)N(Cc1ccco1)C1(C(=O)NC2CCCCC2)CCCCC1,4.494850021680094,train,O=C(c1ccccn1)N(Cc1ccco1)C1(C(=O)NC2CCCCC2)CCCCC1,ChEMBL
chembl-pic50-20260527T153246Z,CHEMBL236,δ-opioid,CHEMBL1484009,O=C1C2ON(c3ccccc3)C(c3cccnc3)C2C(=O)N1c1ccc(Cl)c(Cl)c1,4.494850021680094,train,O=C1C2ON(c3ccccc3)C(c3cccnc3)C2C(=O)N1c1ccccc1,ChEMBL
chembl-pic50-20260527T153246Z,CHEMBL236,δ-opioid,CHEMBL1485010,O=C(OCn1ncc(Br)c(Br)c1=O)c1ccc(F)cc1,4.987204941854587,train,O=C(OCn1ncccc1=O)c1ccccc1,ChEMBL
chembl-pic50-20260527T153246Z,CHEMBL236,δ-opioid,CHEMBL1486214,O=C(Sc1cccc2cccnc12)c1ccccc1Br,4.494850021680094,train,O=C(Sc1cccc2cccnc12)c1ccccc1,ChEMBL
chembl-pic50-20260527T153246Z,CHEMBL236,δ-opioid,CHEMBL1487635,Cc1ccc(S(=O)(=O)Nc2cccc3cccnc23)cc1,4.494850021680094,train,O=S(=O)(Nc1cccc2cccnc12)c1ccccc1,ChEMBL
chembl-pic50-20260527T153246Z,CHEMBL236,δ-opioid,CHEMBL14893,O=c1c(-c2ccccc2)cccn1C(CN1CCC(O)C1)c1ccccc1,5.0,train,O=c1c(-c2ccccc2)cccn1C(CN1CCCC1)c1ccccc1,ChEMBL
chembl-pic50-20260527T153246Z,CHEMBL236,δ-opioid,CHEMBL14905,Cc1ccc(Nc2cccn(C(CN3CCCC3)c3ccccc3)c2=O)cc1,5.0,train,O=c1c(Nc2ccccc2)cccn1C(CN1CCCC1)c1ccccc1,ChEMBL
chembl-pic50-20260527T153246Z,CHEMBL236,δ-opioid,CHEMBL1490629,C(=C/c1ccccc1)\CSc1nnc(-c2ccccn2)n1Cc1ccco1,4.494850021680094,train,C(=C\c1ccccc1)/CSc1nnc(-c2ccccn2)n1Cc1ccco1,ChEMBL
chembl-pic50-20260527T153246Z,CHEMBL236,δ-opioid,CHEMBL1492017,COCc1cc(O)nc(Nc2nc3ccc(C)cc3o2)n1,4.494850021680094,train,c1cnc(Nc2nc3ccccc3o2)nc1,ChEMBL
chembl-pic50-20260527T153246Z,CHEMBL236,δ-opioid,CHEMBL1493095,CCC(C)(C(=O)NC1CCCCC1)N(Cc1ccco1)C(=O)c1ccccn1,4.494850021680094,train,O=C(CN(Cc1ccco1)C(=O)c1ccccn1)NC1CCCCC1,ChEMBL
chembl-pic50-20260527T153246Z,CHEMBL236,δ-opioid,CHEMBL1493386,O=C(c1cnccn1)N(Cc1cccs1)C1(C(=O)NC2CCCCC2)CCCCC1,4.494850021680094,train,O=C(c1cnccn1)N(Cc1cccs1)C1(C(=O)NC2CCCCC2)CCCCC1,ChEMBL
chembl-pic50-20260527T153246Z,CHEMBL236,δ-opioid,CHEMBL14959,Nc1cccc(-c2cccn(C(CN3CCC(O)C3)c3ccccc3)c2=O)c1,5.0,train,O=c1c(-c2ccccc2)cccn1C(CN1CCCC1)c1ccccc1,ChEMBL
chembl-pic50-20260527T153246Z,CHEMBL236,δ-opioid,CHEMBL14967,O=c1c(-c2ccc(C(F)(F)F)cc2)cccn1C(CN1C=CC=CC=N1)c1ccccc1,5.0,train,O=c1c(-c2ccccc2)cccn1C(CN1C=CC=CC=N1)c1ccccc1,ChEMBL
chembl-pic50-20260527T153246Z,CHEMBL236,δ-opioid,CHEMBL14969,O=c1c(-c2ccc(Cl)cc2Cl)cccn1C(CN1CCCC1)c1ccccc1,5.0,train,O=c1c(-c2ccccc2)cccn1C(CN1CCCC1)c1ccccc1,ChEMBL
chembl-pic50-20260527T153246Z,CHEMBL236,δ-opioid,CHEMBL1500450,O=C(NC(=S)N1CCN(c2ccc(Cl)cc2[N+](=O)[O-])CC1)c1cccs1,4.494850021680094,train,O=C(NC(=S)N1CCN(c2ccccc2)CC1)c1cccs1,ChEMBL
chembl-pic50-20260527T153246Z,CHEMBL236,δ-opioid,CHEMBL15034,COc1ccccc1-c1cccn(C(CN2CCC(O)C2)c2ccccc2)c1=O,5.0,train,O=c1c(-c2ccccc2)cccn1C(CN1CCCC1)c1ccccc1,ChEMBL
chembl-pic50-20260527T153246Z,CHEMBL236,δ-opioid,CHEMBL1504142,Nc1c2c(nc3sc4c(c13)CCCC4)CCCC2,4.494850021680094,train,c1c2c(nc3sc4c(c13)CCCC4)CCCC2,ChEMBL
chembl-pic50-20260527T153246Z,CHEMBL236,δ-opioid,CHEMBL1508445,CCC(C)(C(=O)NC1CCCC1)N(Cc1cccs1)C(=O)c1ccccn1,4.494850021680094,train,O=C(CN(Cc1cccs1)C(=O)c1ccccn1)NC1CCCC1,ChEMBL
chembl-pic50-20260527T153246Z,CHEMBL236,δ-opioid,CHEMBL1510156,CC(NC(=O)Cn1ncc(Cl)c(Cl)c1=O)C12CC3CC(CC(C3)C1)C2,5.188424994129407,train,O=C(Cn1ncccc1=O)NCC12CC3CC(CC(C3)C1)C2,ChEMBL
chembl-pic50-20260527T153246Z,CHEMBL236,δ-opioid,CHEMBL1511139,CC(=O)c1ccc(S(=O)(=O)NCc2ccc(C(=O)NCC(c3ccccc3)N(C)C)cc2)cc1,4.494850021680094,train,O=C(NCCc1ccccc1)c1ccc(CNS(=O)(=O)c2ccccc2)cc1,ChEMBL
chembl-pic50-20260527T153246Z,CHEMBL236,δ-opioid,CHEMBL15114,O=Cc1ccccc1-c1cccn(C(CN2CCC(O)C2)c2ccccc2)c1=O,5.0,train,O=c1c(-c2ccccc2)cccn1C(CN1CCCC1)c1ccccc1,ChEMBL
chembl-pic50-20260527T153246Z,CHEMBL236,δ-opioid,CHEMBL1520214,CCC(=O)OCCNc1cc(Sc2nc3ccccc3[nH]2)c2nonc2c1[N+](=O)[O-],4.494850021680094,train,c1ccc2[nH]c(Sc3cccc4nonc34)nc2c1,ChEMBL
chembl-pic50-20260527T153246Z,CHEMBL236,δ-opioid,CHEMBL1522211,CCCOc1ccc(C(=O)NNC(=S)NC(=O)CC)cc1,4.494850021680094,train,c1ccccc1,ChEMBL
chembl-pic50-20260527T153246Z,CHEMBL236,δ-opioid,CHEMBL152327,Oc1ccc2c3c1O[C@H]1[C@H](OCc4ccccc4CN=C=S)CC[C@@]4(O)C(C2)N(CC2CC2)CCC314,7.657577319177793,train,c1ccc(CO[C@@H]2CCC3C4Cc5cccc6c5C3(CCN4CC3CC3)[C@H]2O6)cc1,ChEMBL
chembl-pic50-20260527T153246Z,CHEMBL236,δ-opioid,CHEMBL152351,Oc1ccc2c3c1O[C@H]1[C@H](OCc4cccc(CN=C=S)c4)CC[C@@]4(O)C(C2)N(CC2CC2)CCC314,7.920818753952375,train,c1ccc(CO[C@@H]2CCC3C4Cc5cccc6c5C3(CCN4CC3CC3)[C@H]2O6)cc1,ChEMBL
chembl-pic50-20260527T153246Z,CHEMBL236,δ-opioid,CHEMBL15257,O=c1c(-c2ccc(Cl)cc2Cl)cncn1C(CN1CCCC1)c1ccccc1,5.0,train,O=c1c(-c2ccccc2)cncn1C(CN1CCCC1)c1ccccc1,ChEMBL
chembl-pic50-20260527T153246Z,CHEMBL236,δ-opioid,CHEMBL15264,O=c1c(Nc2ccc(C(F)(F)F)cc2)cccn1C(CN1CCCC1)c1ccccc1,5.0,train,O=c1c(Nc2ccccc2)cccn1C(CN1CCCC1)c1ccccc1,ChEMBL
chembl-pic50-20260527T153246Z,CHEMBL236,δ-opioid,CHEMBL15272,CC(=O)c1ccc(-c2cccn(C(CN3CCC(O)C3)c3ccccc3)c2=O)s1,5.0,train,O=c1c(-c2cccs2)cccn1C(CN1CCCC1)c1ccccc1,ChEMBL
chembl-pic50-20260527T153246Z,CHEMBL236,δ-opioid,CHEMBL1530899,COc1ccc(C[C@H]2CN3C(=NC[C@@H]3C(C)C)N2C[C@H](C)NC(=O)c2ccc(C)c(Br)c2)cc1,4.494850021680094,train,O=C(NCCN1C2=NCCN2C[C@@H]1Cc1ccccc1)c1ccccc1,ChEMBL
chembl-pic50-20260527T153246Z,CHEMBL236,δ-opioid,CHEMBL15354,COc1ccc(C(CN2CCCC2)n2cccc(-c3ccc(C(F)(F)F)cc3)c2=O)cc1,5.0,train,O=c1c(-c2ccccc2)cccn1C(CN1CCCC1)c1ccccc1,ChEMBL
chembl-pic50-20260527T153246Z,CHEMBL236,δ-opioid,CHEMBL1539016,Cc1nc(-c2ccccn2)nc(S)c1Cl,4.494850021680094,train,c1ccc(-c2ncccn2)nc1,ChEMBL
chembl-pic50-20260527T153246Z,CHEMBL236,δ-opioid,CHEMBL1539591,Cc1ccc(Cl)cc1N=C(S)N(Cc1cccs1)C1CCCC1,4.494850021680094,train,C(=Nc1ccccc1)N(Cc1cccs1)C1CCCC1,ChEMBL
chembl-pic50-20260527T153246Z,CHEMBL236,δ-opioid,CHEMBL15428,COc1ccc(Cl)cc1-c1cccn(C(CN2CCC(O)C2)c2ccccc2)c1=O,5.0,train,O=c1c(-c2ccccc2)cccn1C(CN1CCCC1)c1ccccc1,ChEMBL
chembl-pic50-20260527T153246Z,CHEMBL236,δ-opioid,CHEMBL1542886,O=C(Nc1nnc(-c2cccs2)o1)c1cccc(Oc2ccccc2)c1,4.494850021680094,train,O=C(Nc1nnc(-c2cccs2)o1)c1cccc(Oc2ccccc2)c1,ChEMBL
chembl-pic50-20260527T153246Z,CHEMBL236,δ-opioid,CHEMBL15429,O=C(O)COc1cccc(C(CN2CCCC2)n2cccc(-c3ccc(C(F)(F)F)cc3)c2=O)c1,5.251811972993799,train,O=c1c(-c2ccccc2)cccn1C(CN1CCCC1)c1ccccc1,ChEMBL
chembl-pic50-20260527T153246Z,CHEMBL238,DAT,CHEMBL103936,COC(=O)c1ccccc1-c1ccc2ccccc2c1,6.838631997765025,external,c1ccc(-c2ccc3ccccc3c2)cc1,ChEMBL
chembl-pic50-20260527T153246Z,CHEMBL238,DAT,CHEMBL1062,CC(=O)[C@@]1(O)CC[C@H]2[C@@H]3CCC4=CC(=O)CC[C@]4(C)[C@H]3CC[C@@]21C,5.16083631708535,external,O=C1C=C2CC[C@H]3[C@@H]4CCCC4CC[C@@H]3C2CC1,ChEMBL
chembl-pic50-20260527T153246Z,CHEMBL238,DAT,CHEMBL116735,O=C(CCc1ccc(F)cc1)N1CCN(CCCC(c2ccc(F)cc2)c2ccc(F)cc2)CC1,5.892790030352131,external,O=C(CCc1ccccc1)N1CCN(CCCC(c2ccccc2)c2ccccc2)CC1,ChEMBL
chembl-pic50-20260527T153246Z,CHEMBL238,DAT,CHEMBL117537,O=C(CCCc1ccccc1)N1CCN(CCCC(c2ccc(F)cc2)c2ccc(F)cc2)CC1,6.020451625295905,external,O=C(CCCc1ccccc1)N1CCN(CCCC(c2ccccc2)c2ccccc2)CC1,ChEMBL
chembl-pic50-20260527T153246Z,CHEMBL238,DAT,CHEMBL1204410,CNCCCC1Cc2ccccc2N(c2ccccc2)S1(=O)=O.Cl,5.180456064458132,external,O=S1(=O)CCc2ccccc2N1c1ccccc1,ChEMBL
chembl-pic50-20260527T153246Z,CHEMBL238,DAT,CHEMBL1204413,CNCCCC1Cc2cc(F)ccc2N(c2ccccc2)S1(=O)=O.Cl,5.3979400086720375,external,O=S1(=O)CCc2ccccc2N1c1ccccc1,ChEMBL
chembl-pic50-20260527T153246Z,CHEMBL238,DAT,CHEMBL120512,CN1CCN(C2Cn3cccc3Sc3ccc(Cl)cc32)CC1,5.187086643357144,external,c1ccc2c(c1)Sc1cccn1CC2N1CCNCC1,ChEMBL
chembl-pic50-20260527T153246Z,CHEMBL238,DAT,CHEMBL120633,COC(=O)[C@@H]1C2CCC(C[C@@H]1C(=O)Oc1ccccc1)N2C.Cc1ccc(C(=O)C2CN(C)CCC2(O)c2ccc(C)cc2)cc1,6.327902142064283,external,O=C(Oc1ccccc1)C1CC2CCC(C1)N2.O=C(c1ccccc1)C1CNCCC1c1ccccc1,ChEMBL
chembl-pic50-20260527T153246Z,CHEMBL238,DAT,CHEMBL120901,COC(=O)[C@@H]1C2CCC(C[C@@H]1C(=O)Oc1ccccc1)N2C,6.455931955649724,external,O=C(Oc1ccccc1)C1CC2CCC(C1)N2,ChEMBL
chembl-pic50-20260527T153246Z,CHEMBL238,DAT,CHEMBL121857,COC(=O)C1C2CCC(C[C@@H]1OC(c1ccccc1)c1ccc(I)cc1)N2C,7.252588192113577,external,c1ccc(C(OC2CC3CCC(C2)N3)c2ccccc2)cc1,ChEMBL
chembl-pic50-20260527T153246Z,CHEMBL238,DAT,CHEMBL1224383,CNCC[C@@H](c1ccc(Cl)c(Cl)c1)n1nnc(-n2nccn2)n1,7.037630664329979,external,c1ccc(Cn2nnc(-n3nccn3)n2)cc1,ChEMBL
chembl-pic50-20260527T153246Z,CHEMBL238,DAT,CHEMBL124278,COC(=O)C1C2CCC(C[C@@H]1OC(c1ccc(Br)cc1)c1ccc(Br)cc1)N2C,7.142667503568732,external,c1ccc(C(OC2CC3CCC(C2)N3)c2ccccc2)cc1,ChEMBL
chembl-pic50-20260527T153246Z,CHEMBL238,DAT,CHEMBL125017,COC(=O)C1C2CCC(C[C@@H]1OC(c1ccccc1)c1ccccc1)N2C,7.474955192963154,external,c1ccc(C(OC2CC3CCC(C2)N3)c2ccccc2)cc1,ChEMBL
chembl-pic50-20260527T153246Z,CHEMBL238,DAT,CHEMBL125140,COC(=O)C1C2CCC(C[C@@H]1OC(c1ccccc1)c1ccc(C)cc1)N2C,7.305394801066432,external,c1ccc(C(OC2CC3CCC(C2)N3)c2ccccc2)cc1,ChEMBL
chembl-pic50-20260527T153246Z,CHEMBL238,DAT,CHEMBL126100,COC(=O)C1C2CCC(C[C@@H]1OC(c1ccc(F)cc1)c1ccc(F)cc1)N2,7.692503962086787,external,c1ccc(C(OC2CC3CCC(C2)N3)c2ccccc2)cc1,ChEMBL
chembl-pic50-20260527T153246Z,CHEMBL238,DAT,CHEMBL135,C[C@]12CC[C@@H]3c4ccc(O)cc4CC[C@H]3[C@@H]1CC[C@@H]2O,4.826493229791896,external,c1ccc2c(c1)CC[C@@H]1[C@@H]2CCC2CCC[C@H]21,ChEMBL
chembl-pic50-20260527T153246Z,CHEMBL238,DAT,CHEMBL1419,CC(C)CC(N(C)C)C1(c2ccc(Cl)cc2)CCC1,6.199282921717615,external,c1ccc(C2CCC2)cc1,ChEMBL
chembl-pic50-20260527T153246Z,CHEMBL238,DAT,CHEMBL1479,C#C[C@]1(O)CC[C@H]2[C@@H]3CCC4=Cc5oncc5C[C@]4(C)[C@H]3CC[C@@]21C,5.164816930150956,external,C1=C2CC[C@H]3[C@@H]4CCCC4CC[C@@H]3C2Cc2cnoc21,ChEMBL
chembl-pic50-20260527T153246Z,CHEMBL238,DAT,CHEMBL1626,CN1CCC[C@@H]1CCO[C@](C)(c1ccccc1)c1ccc(Cl)cc1,6.168770306132936,external,c1ccc(C(OCC[C@H]2CCCN2)c2ccccc2)cc1,ChEMBL
chembl-pic50-20260527T153246Z,CHEMBL238,DAT,CHEMBL1643642,Cc1cc(C2=C(c3ccccc3)CC3CCC2S3)on1,5.698970004336019,external,c1ccc(C2=C(c3ccno3)C3CCC(C2)S3)cc1,ChEMBL
chembl-pic50-20260527T153246Z,CHEMBL238,DAT,CHEMBL1643643,Cc1cc(C2=C(c3ccc(F)cc3)CC3CCC2S3)on1,6.0,external,c1ccc(C2=C(c3ccno3)C3CCC(C2)S3)cc1,ChEMBL
chembl-pic50-20260527T153246Z,CHEMBL238,DAT,CHEMBL1643644,Cc1cc(C2=C(c3ccc(Cl)cc3)CC3CCC2S3)on1,6.809668301829708,external,c1ccc(C2=C(c3ccno3)C3CCC(C2)S3)cc1,ChEMBL
chembl-pic50-20260527T153246Z,CHEMBL238,DAT,CHEMBL1643645,Cc1cc(C2=C(c3ccc(Br)cc3)CC3CCC2S3)on1,6.856985199745905,external,c1ccc(C2=C(c3ccno3)C3CCC(C2)S3)cc1,ChEMBL
chembl-pic50-20260527T153246Z,CHEMBL238,DAT,CHEMBL1643646,Cc1cc(C2=C(c3ccc(Cl)c(Cl)c3)CC3CCC2S3)on1,7.1598939055432425,external,c1ccc(C2=C(c3ccno3)C3CCC(C2)S3)cc1,ChEMBL
chembl-pic50-20260527T153246Z,CHEMBL238,DAT,CHEMBL1644471,c1ccc(O[C@@H]2C[C@H]3CC[C@@H](C2)N3)cc1,6.132532512140949,external,c1ccc(O[C@@H]2C[C@H]3CC[C@@H](C2)N3)cc1,ChEMBL
chembl-pic50-20260527T153246Z,CHEMBL238,DAT,CHEMBL1644472,CN1[C@@H]2CC[C@H]1C[C@H](Oc1ccccc1)C2,6.359518563029578,external,c1ccc(O[C@@H]2C[C@H]3CC[C@@H](C2)N3)cc1,ChEMBL
chembl-pic50-20260527T153246Z,CHEMBL238,DAT,CHEMBL1644473,Clc1ccc(O[C@@H]2C[C@H]3CC[C@@H](C2)N3)cc1,5.64569943765464,external,c1ccc(O[C@@H]2C[C@H]3CC[C@@H](C2)N3)cc1,ChEMBL
chembl-pic50-20260527T153246Z,CHEMBL238,DAT,CHEMBL1644474,Clc1cccc(O[C@@H]2C[C@H]3CC[C@@H](C2)N3)c1,6.42021640338319,external,c1ccc(O[C@@H]2C[C@H]3CC[C@@H](C2)N3)cc1,ChEMBL
chembl-pic50-20260527T153246Z,CHEMBL238,DAT,CHEMBL1644475,Clc1ccccc1O[C@@H]1C[C@H]2CC[C@@H](C1)N2,5.880084589742009,external,c1ccc(O[C@@H]2C[C@H]3CC[C@@H](C2)N3)cc1,ChEMBL
chembl-pic50-20260527T153246Z,CHEMBL238,DAT,CHEMBL1644476,Brc1cccc(O[C@@H]2C[C@H]3CC[C@@H](C2)N3)c1,6.696803942579511,external,c1ccc(O[C@@H]2C[C@H]3CC[C@@H](C2)N3)cc1,ChEMBL
chembl-pic50-20260527T153246Z,CHEMBL238,DAT,CHEMBL1644477,Ic1cccc(O[C@@H]2C[C@H]3CC[C@@H](C2)N3)c1,6.094743951251549,external,c1ccc(O[C@@H]2C[C@H]3CC[C@@H](C2)N3)cc1,ChEMBL
chembl-pic50-20260527T153246Z,CHEMBL238,DAT,CHEMBL1644478,Fc1cccc(O[C@@H]2C[C@H]3CC[C@@H](C2)N3)c1,6.1249387366083,external,c1ccc(O[C@@H]2C[C@H]3CC[C@@H](C2)N3)cc1,ChEMBL
chembl-pic50-20260527T153246Z,CHEMBL238,DAT,CHEMBL1644479,Cc1cccc(O[C@@H]2C[C@H]3CC[C@@H](C2)N3)c1,5.614930223668066,external,c1ccc(O[C@@H]2C[C@H]3CC[C@@H](C2)N3)cc1,ChEMBL
chembl-pic50-20260527T153246Z,CHEMBL238,DAT,CHEMBL1644480,O=[N+]([O-])c1cccc(O[C@@H]2C[C@H]3CC[C@@H](C2)N3)c1,5.696803942579511,external,c1ccc(O[C@@H]2C[C@H]3CC[C@@H](C2)N3)cc1,ChEMBL
chembl-pic50-20260527T153246Z,CHEMBL238,DAT,CHEMBL1644481,FC(F)(F)c1cccc(O[C@@H]2C[C@H]3CC[C@@H](C2)N3)c1,5.413300198375951,external,c1ccc(O[C@@H]2C[C@H]3CC[C@@H](C2)N3)cc1,ChEMBL
chembl-pic50-20260527T153246Z,CHEMBL238,DAT,CHEMBL1644482,COc1cccc(O[C@@H]2C[C@H]3CC[C@@H](C2)N3)c1,5.556737012541305,external,c1ccc(O[C@@H]2C[C@H]3CC[C@@H](C2)N3)cc1,ChEMBL
chembl-pic50-20260527T153246Z,CHEMBL238,DAT,CHEMBL1644483,N#Cc1cccc(O[C@@H]2C[C@H]3CC[C@@H](C2)N3)c1,5.852632892206214,external,c1ccc(O[C@@H]2C[C@H]3CC[C@@H](C2)N3)cc1,ChEMBL
chembl-pic50-20260527T153246Z,CHEMBL238,DAT,CHEMBL1683873,Clc1ccc(C2(CNC3CC3)CCCCC2)cc1Cl,8.698970004336019,external,c1ccc(C2(CNC3CC3)CCCCC2)cc1,ChEMBL
chembl-pic50-20260527T153246Z,CHEMBL238,DAT,CHEMBL1683878,Clc1ccc(C2(CN3CCCCC3)CCCCC2)cc1Cl,7.920818753952375,external,c1ccc(C2(CN3CCCCC3)CCCCC2)cc1,ChEMBL
chembl-pic50-20260527T153246Z,CHEMBL238,DAT,CHEMBL1683881,NCC1(c2ccc(Cl)c(Cl)c2)CCCCCC1,7.1249387366083,external,c1ccc(C2CCCCCC2)cc1,ChEMBL
chembl-pic50-20260527T153246Z,CHEMBL238,DAT,CHEMBL1683883,CN(C)CC1(c2ccc(Cl)c(Cl)c2)CCC1,7.086186147616283,external,c1ccc(C2CCC2)cc1,ChEMBL
chembl-pic50-20260527T153246Z,CHEMBL238,DAT,CHEMBL104,Clc1ccccc1C(c1ccccc1)(c1ccccc1)n1ccnc1,5.25328797748334,scaffold_test,c1ccc(C(c2ccccc2)(c2ccccc2)n2ccnc2)cc1,ChEMBL
chembl-pic50-20260527T153246Z,CHEMBL238,DAT,CHEMBL1082292,CNC[C@H](O)CCN1c2ccccc2N(c2ccccc2C)S1(=O)=O,5.727694155597914,scaffold_test,O=S1(=O)Nc2ccccc2N1c1ccccc1,ChEMBL
chembl-pic50-20260527T153246Z,CHEMBL238,DAT,CHEMBL1082458,CNC[C@@H](O)CCN1c2ccccc2N(c2ccccc2F)S1(=O)=O,5.44165149123838,scaffold_test,O=S1(=O)Nc2ccccc2N1c1ccccc1,ChEMBL
chembl-pic50-20260527T153246Z,CHEMBL238,DAT,CHEMBL1083118,CNC[C@@H](O)CCN1c2ccccc2N(c2cc(F)ccc2F)S1(=O)=O,5.680685695909488,scaffold_test,O=S1(=O)Nc2ccccc2N1c1ccccc1,ChEMBL
chembl-pic50-20260527T153246Z,CHEMBL238,DAT,CHEMBL1083392,CNCC(=O)CCN1c2ccccc2N(c2ccccc2F)S1(=O)=O,5.831207979685818,scaffold_test,O=S1(=O)Nc2ccccc2N1c1ccccc1,ChEMBL
chembl-pic50-20260527T153246Z,CHEMBL238,DAT,CHEMBL1083409,CNC[C@@H](O)CCN1c2ccccc2N(c2ccccc2)S1(=O)=O,5.675100502947687,scaffold_test,O=S1(=O)Nc2ccccc2N1c1ccccc1,ChEMBL
chembl-pic50-20260527T153246Z,CHEMBL238,DAT,CHEMBL1083410,CNC[C@H](O)CCN1c2ccccc2N(c2ccccc2F)S1(=O)=O,5.618163200001657,scaffold_test,O=S1(=O)Nc2ccccc2N1c1ccccc1,ChEMBL
chembl-pic50-20260527T153246Z,CHEMBL238,DAT,CHEMBL1083428,CNC[C@H](O)CCN1c2ccccc2N(c2c(F)cccc2F)S1(=O)=O,5.259637310505756,scaffold_test,O=S1(=O)Nc2ccccc2N1c1ccccc1,ChEMBL
chembl-pic50-20260527T153246Z,CHEMBL238,DAT,CHEMBL1083429,CNC[C@@H](O)CCN1c2ccccc2N(c2c(F)cccc2F)S1(=O)=O,5.582030357785263,scaffold_test,O=S1(=O)Nc2ccccc2N1c1ccccc1,ChEMBL
chembl-pic50-20260527T153246Z,CHEMBL238,DAT,CHEMBL1083430,CNC[C@H](O)CCN1c2ccccc2N(c2ccc(F)c(F)c2)S1(=O)=O,6.536107011014093,scaffold_test,O=S1(=O)Nc2ccccc2N1c1ccccc1,ChEMBL
chembl-pic50-20260527T153246Z,CHEMBL238,DAT,CHEMBL1084311,CNC[C@H](O)CCN1c2ccccc2N(c2ccc(F)cc2F)S1(=O)=O,6.000869458712629,scaffold_test,O=S1(=O)Nc2ccccc2N1c1ccccc1,ChEMBL
chembl-pic50-20260527T153246Z,CHEMBL238,DAT,CHEMBL1084312,CNC[C@@H](O)CCN1c2ccccc2N(c2ccc(F)cc2F)S1(=O)=O,5.4968905633286305,scaffold_test,O=S1(=O)Nc2ccccc2N1c1ccccc1,ChEMBL
chembl-pic50-20260527T153246Z,CHEMBL238,DAT,CHEMBL1084313,CNC[C@H](O)CCN1c2ccccc2N(c2cc(F)ccc2F)S1(=O)=O,6.293282217663241,scaffold_test,O=S1(=O)Nc2ccccc2N1c1ccccc1,ChEMBL
chembl-pic50-20260527T153246Z,CHEMBL238,DAT,CHEMBL1084828,CNC[C@H](O)CCN1c2ccccc2N(c2ccc(F)cc2)S1(=O)=O,6.581698708680254,scaffold_test,O=S1(=O)Nc2ccccc2N1c1ccccc1,ChEMBL
chembl-pic50-20260527T153246Z,CHEMBL238,DAT,CHEMBL1084829,CNC[C@@H](O)CCN1c2ccccc2N(c2ccc(F)cc2)S1(=O)=O,6.413412695328245,scaffold_test,O=S1(=O)Nc2ccccc2N1c1ccccc1,ChEMBL
chembl-pic50-20260527T153246Z,CHEMBL238,DAT,CHEMBL1085066,CNC[C@@H](O)CCN1c2ccccc2N(c2ccccc2C)S1(=O)=O,5.63339028960757,scaffold_test,O=S1(=O)Nc2ccccc2N1c1ccccc1,ChEMBL
chembl-pic50-20260527T153246Z,CHEMBL238,DAT,CHEMBL1085322,CNC[C@H](O)CCN1c2ccccc2N(c2cccc(OC)c2)S1(=O)=O,6.573488738635425,scaffold_test,O=S1(=O)Nc2ccccc2N1c1ccccc1,ChEMBL
chembl-pic50-20260527T153246Z,CHEMBL238,DAT,CHEMBL1085323,CNC[C@@H](O)CCN1c2ccccc2N(c2cccc(OC)c2)S1(=O)=O,5.590066876668706,scaffold_test,O=S1(=O)Nc2ccccc2N1c1ccccc1,ChEMBL
chembl-pic50-20260527T153246Z,CHEMBL238,DAT,CHEMBL1085338,CNCCCN1c2ccccc2N(c2ccccc2F)S1(=O)=O,6.29073003902417,scaffold_test,O=S1(=O)Nc2ccccc2N1c1ccccc1,ChEMBL
chembl-pic50-20260527T153246Z,CHEMBL238,DAT,CHEMBL109776,O=C(CC1CCN(Cc2ccc(F)cc2)CC1)NC(c1ccccc1)c1ccccc1,5.493089274448482,scaffold_test,O=C(CC1CCN(Cc2ccccc2)CC1)NC(c1ccccc1)c1ccccc1,ChEMBL
chembl-pic50-20260527T153246Z,CHEMBL238,DAT,CHEMBL1173701,C[C@@H]1NC(C)(C)CO[C@@]1(O)c1ccc(-c2ccccc2)cc1,4.0,scaffold_test,c1ccc(-c2ccc(C3CNCCO3)cc2)cc1,ChEMBL
chembl-pic50-20260527T153246Z,CHEMBL238,DAT,CHEMBL1173771,C[C@@H]1NC(C)(C)CO[C@@]1(O)c1cccc(-c2ccc3ccccc3c2)c1,6.343901797987168,scaffold_test,c1cc(-c2ccc3ccccc3c2)cc(C2CNCCO2)c1,ChEMBL
chembl-pic50-20260527T153246Z,CHEMBL238,DAT,CHEMBL121027,CN(CCOC(c1ccccc1)c1ccccc1)CCN(C)CCc1ccc(F)cc1,6.924453038607469,scaffold_test,c1ccc(CCNCCNCCOC(c2ccccc2)c2ccccc2)cc1,ChEMBL
chembl-pic50-20260527T153246Z,CHEMBL238,DAT,CHEMBL1221,Clc1ccc(CSC(Cn2ccnc2)c2ccc(Cl)cc2Cl)cc1,5.762959208620809,scaffold_test,c1ccc(CSC(Cn2ccnc2)c2ccccc2)cc1,ChEMBL
chembl-pic50-20260527T153246Z,CHEMBL238,DAT,CHEMBL1224224,CN(C)CCC(c1ccc2ccccc2c1)n1ncnn1,6.210419287835575,scaffold_test,c1ccc2cc(Cn3ncnn3)ccc2c1,ChEMBL
chembl-pic50-20260527T153246Z,CHEMBL238,DAT,CHEMBL1224227,CNCCC(c1ccc2ccccc2c1)n1ncnn1,5.906578314837765,scaffold_test,c1ccc2cc(Cn3ncnn3)ccc2c1,ChEMBL
chembl-pic50-20260527T153246Z,CHEMBL238,DAT,CHEMBL123252,CN(CCCc1ccccc1)CCCN(C)CCOC(c1ccccc1)c1ccccc1,6.6252516539898965,scaffold_test,c1ccc(CCCNCCCNCCOC(c2ccccc2)c2ccccc2)cc1,ChEMBL
chembl-pic50-20260527T153246Z,CHEMBL238,DAT,CHEMBL1289,Clc1cc(Cl)c(OCC#CI)cc1Cl,5.705754283861881,scaffold_test,c1ccccc1,ChEMBL
chembl-pic50-20260527T153246Z,CHEMBL238,DAT,CHEMBL130877,OC1(c2ccc(Cl)cc2)c2cc3ccccc3cc2C2=NCCN21,7.442492798094342,scaffold_test,c1ccc(C2c3cc4ccccc4cc3C3=NCCN32)cc1,ChEMBL
chembl-pic50-20260527T153246Z,CHEMBL238,DAT,CHEMBL133646,OC1(c2ccc(Cl)cc2)c2ccc3ccccc3c2C2=NCCN21,7.97469413473523,scaffold_test,c1ccc(C2c3ccc4ccccc4c3C3=NCCN32)cc1,ChEMBL
chembl-pic50-20260527T153246Z,CHEMBL238,DAT,CHEMBL1411979,CN(C)CCN(Cc1cccs1)c1ccccn1,5.5595632338942265,scaffold_test,c1ccc(NCc2cccs2)nc1,ChEMBL
chembl-pic50-20260527T153246Z,CHEMBL238,DAT,CHEMBL153062,CCCCCCCCCc1ccc(O)cc1,5.782779344355482,scaffold_test,c1ccccc1,ChEMBL
chembl-pic50-20260527T153246Z,CHEMBL238,DAT,CHEMBL1641622,N[C@H]1Cc2ccccc2N(c2ccc(Cl)c(Cl)c2)C1,6.3325470471100465,scaffold_test,c1ccc(N2CCCc3ccccc32)cc1,ChEMBL
chembl-pic50-20260527T153246Z,CHEMBL238,DAT,CHEMBL1642890,N[C@H]1Cc2ccccc2[C@H](c2ccc(Cl)c(Cl)c2)C1,6.455931955649724,scaffold_test,c1ccc([C@@H]2CCCc3ccccc32)cc1,ChEMBL
chembl-pic50-20260527T153246Z,CHEMBL238,DAT,CHEMBL1642892,N[C@@H]1Cc2ccccc2[C@H](c2ccc(Cl)c(Cl)c2)C1,6.048662481204082,scaffold_test,c1ccc([C@@H]2CCCc3ccccc32)cc1,ChEMBL
chembl-pic50-20260527T153246Z,CHEMBL238,DAT,CHEMBL1642894,CN[C@H]1Cc2ccccc2[C@H](c2ccc(Cl)c(Cl)c2)C1,6.943095148663527,scaffold_test,c1ccc([C@@H]2CCCc3ccccc32)cc1,ChEMBL
chembl-pic50-20260527T153246Z,CHEMBL238,DAT,CHEMBL1642896,CN[C@@H]1Cc2ccccc2[C@H](c2ccc(Cl)c(Cl)c2)C1,6.55129368009492,scaffold_test,c1ccc([C@@H]2CCCc3ccccc32)cc1,ChEMBL
chembl-pic50-20260527T153246Z,CHEMBL238,DAT,CHEMBL1642898,CN(C)[C@H]1Cc2ccccc2[C@H](c2ccc(Cl)c(Cl)c2)C1,6.342944147142896,scaffold_test,c1ccc([C@@H]2CCCc3ccccc32)cc1,ChEMBL
chembl-pic50-20260527T153246Z,CHEMBL238,DAT,CHEMBL1642900,CN(C)[C@@H]1Cc2ccccc2[C@H](c2ccc(Cl)c(Cl)c2)C1,6.5638373529592435,scaffold_test,c1ccc([C@@H]2CCCc3ccccc32)cc1,ChEMBL
chembl-pic50-20260527T153246Z,CHEMBL238,DAT,CHEMBL1642902,NC[C@@H]1Cc2ccccc2[C@H](c2ccc(Cl)c(Cl)c2)C1,7.958607314841775,scaffold_test,c1ccc([C@@H]2CCCc3ccccc32)cc1,ChEMBL
chembl-pic50-20260527T153246Z,CHEMBL238,DAT,CHEMBL1642904,NC[C@H]1Cc2ccccc2[C@H](c2ccc(Cl)c(Cl)c2)C1,7.346787486224656,scaffold_test,c1ccc([C@@H]2CCCc3ccccc32)cc1,ChEMBL
chembl-pic50-20260527T153246Z,CHEMBL238,DAT,CHEMBL1642906,CNC[C@H]1Cc2ccccc2[C@H](c2ccc(Cl)c(Cl)c2)C1,6.903089986991944,scaffold_test,c1ccc([C@@H]2CCCc3ccccc32)cc1,ChEMBL
chembl-pic50-20260527T153246Z,CHEMBL238,DAT,CHEMBL1642908,CNC[C@@H]1Cc2ccccc2[C@H](c2ccc(Cl)c(Cl)c2)C1,6.954677021213342,scaffold_test,c1ccc([C@@H]2CCCc3ccccc32)cc1,ChEMBL
chembl-pic50-20260527T153246Z,CHEMBL238,DAT,CHEMBL1642910,CN(C)C[C@@H]1Cc2ccccc2[C@H](c2ccc(Cl)c(Cl)c2)C1,6.478861916295964,scaffold_test,c1ccc([C@@H]2CCCc3ccccc32)cc1,ChEMBL
chembl-pic50-20260527T153246Z,CHEMBL238,DAT,CHEMBL1642911,CN(C)C[C@H]1Cc2ccccc2[C@H](c2ccc(Cl)c(Cl)c2)C1,6.4698003017969175,scaffold_test,c1ccc([C@@H]2CCCc3ccccc32)cc1,ChEMBL
chembl-pic50-20260527T153246Z,CHEMBL238,DAT,CHEMBL1642912,NCC[C@@H]1Cc2ccccc2[C@H](c2ccc(Cl)c(Cl)c2)C1,7.494850021680094,scaffold_test,c1ccc([C@@H]2CCCc3ccccc32)cc1,ChEMBL
chembl-pic50-20260527T153246Z,CHEMBL238,DAT,CHEMBL1642914,CN[C@H]1CCc2ccccc2[C@@H]1c1ccc(Cl)c(Cl)c1,7.040958607678906,scaffold_test,c1ccc([C@@H]2CCCc3ccccc32)cc1,ChEMBL
chembl-pic50-20260527T153246Z,CHEMBL238,DAT,CHEMBL1642915,CN[C@@H]1CCc2ccccc2[C@@H]1c1ccc(Cl)c(Cl)c1,6.252588192113577,scaffold_test,c1ccc([C@@H]2CCCc3ccccc32)cc1,ChEMBL
chembl-pic50-20260527T153246Z,CHEMBL238,DAT,CHEMBL1643509,NC1CCN(c2ccc(Cl)c(Cl)c2)c2ccccc21,6.609064892896621,scaffold_test,c1ccc(N2CCCc3ccccc32)cc1,ChEMBL
chembl-pic50-20260527T153246Z,CHEMBL238,DAT,CHEMBL1643510,CN(C)C1CCN(c2ccc(Cl)c(Cl)c2)c2ccccc21,5.298173069602861,scaffold_test,c1ccc(N2CCCc3ccccc32)cc1,ChEMBL
chembl-pic50-20260527T153246Z,CHEMBL238,DAT,CHEMBL1643511,CNC1CCN(c2ccc(Cl)c(Cl)c2)c2ccccc21,7.4089353929735005,scaffold_test,c1ccc(N2CCCc3ccccc32)cc1,ChEMBL
chembl-pic50-20260527T153246Z,CHEMBL238,DAT,CHEMBL1643512,N[C@@H]1CCN(c2ccc(Cl)c(Cl)c2)c2ccccc21,7.920818753952375,scaffold_test,c1ccc(N2CCCc3ccccc32)cc1,ChEMBL
chembl-pic50-20260527T153246Z,CHEMBL238,DAT,CHEMBL1643513,CN[C@@H]1CCN(c2ccc(Cl)c(Cl)c2)c2ccccc21,8.096910013008056,scaffold_test,c1ccc(N2CCCc3ccccc32)cc1,ChEMBL
chembl-pic50-20260527T153246Z,CHEMBL238,DAT,CHEMBL1643514,CN(C)[C@@H]1CCN(c2ccc(Cl)c(Cl)c2)c2ccccc21,7.795880017344075,scaffold_test,c1ccc(N2CCCc3ccccc32)cc1,ChEMBL
chembl-pic50-20260527T153246Z,CHEMBL238,DAT,CHEMBL1643515,NC1Cc2ccccc2N(c2ccc(Cl)c(Cl)c2)C1,6.218244625347531,scaffold_test,c1ccc(N2CCCc3ccccc32)cc1,ChEMBL
chembl-pic50-20260527T153246Z,CHEMBL238,DAT,CHEMBL1643516,CN(C)C1Cc2ccccc2N(c2ccc(Cl)c(Cl)c2)C1,6.913640169325252,scaffold_test,c1ccc(N2CCCc3ccccc32)cc1,ChEMBL
chembl-pic50-20260527T153246Z,CHEMBL238,DAT,CHEMBL1643517,CNC1Cc2ccccc2N(c2ccc(Cl)c(Cl)c2)C1,6.752026733638194,scaffold_test,c1ccc(N2CCCc3ccccc32)cc1,ChEMBL
chembl-pic50-20260527T153246Z,CHEMBL238,DAT,CHEMBL1643518,CN[C@H]1Cc2ccccc2N(c2ccc(Cl)c(Cl)c2)C1,7.0,scaffold_test,c1ccc(N2CCCc3ccccc32)cc1,ChEMBL
chembl-pic50-20260527T153246Z,CHEMBL238,DAT,CHEMBL1643519,CN(C)[C@H]1Cc2ccccc2N(c2ccc(Cl)c(Cl)c2)C1,6.510041520575165,scaffold_test,c1ccc(N2CCCc3ccccc32)cc1,ChEMBL
chembl-pic50-20260527T153246Z,CHEMBL238,DAT,CHEMBL1643652,Cc1cc([C@@H]2C3CCC(C[C@H]2c2ccccc2)S3)on1,7.187086643357144,scaffold_test,c1ccc([C@@H]2CC3CCC(S3)[C@H]2c2ccno2)cc1,ChEMBL
chembl-pic50-20260527T153246Z,CHEMBL238,DAT,CHEMBL1643653,Cc1cc([C@@H]2C3CCC(C[C@H]2c2ccc(F)cc2)S3)on1,7.657577319177793,scaffold_test,c1ccc([C@@H]2CC3CCC(S3)[C@H]2c2ccno2)cc1,ChEMBL
chembl-pic50-20260527T153246Z,CHEMBL238,DAT,CHEMBL1643654,Cc1cc([C@@H]2C3CCC(C[C@H]2c2ccc(Cl)cc2)S3)on1,7.485452247339714,scaffold_test,c1ccc([C@@H]2CC3CCC(S3)[C@H]2c2ccno2)cc1,ChEMBL
chembl-pic50-20260527T153246Z,CHEMBL238,DAT,CHEMBL1643655,Cc1cc([C@@H]2C3CCC(C[C@H]2c2ccc(Br)cc2)S3)on1,7.33161408331,scaffold_test,c1ccc([C@@H]2CC3CCC(S3)[C@H]2c2ccno2)cc1,ChEMBL
chembl-pic50-20260527T153246Z,CHEMBL238,DAT,CHEMBL1643656,Cc1cc([C@@H]2C3CCC(C[C@H]2c2ccc(Cl)c(Cl)c2)S3)on1,6.994390554639719,scaffold_test,c1ccc([C@@H]2CC3CCC(S3)[C@H]2c2ccno2)cc1,ChEMBL
chembl-pic50-20260527T153246Z,CHEMBL238,DAT,CHEMBL100010,COC(=O)C1=C(c2ccccc2)CC2CCC1C2,5.418391633967943,train,C1=C(c2ccccc2)CC2CCC1C2,ChEMBL
chembl-pic50-20260527T153246Z,CHEMBL238,DAT,CHEMBL101250,Cc1ccc([C@H]2C[C@H]3CCC4C2[C@](C)(O)CN43)cc1,6.4089353929735005,train,c1ccc([C@H]2C[C@H]3CCC4C2CCN43)cc1,ChEMBL
chembl-pic50-20260527T153246Z,CHEMBL238,DAT,CHEMBL101905,C=C1CN2C3CC[C@@H]2C[C@H](c2ccc(C)cc2)C13,7.173925197299173,train,C=C1CN2C3CC[C@@H]2C[C@H](c2ccccc2)C13,ChEMBL
chembl-pic50-20260527T153246Z,CHEMBL238,DAT,CHEMBL101986,COC(=O)c1ccccc1-c1ccc(Cl)cc1,6.170696227168975,train,c1ccc(-c2ccccc2)cc1,ChEMBL
chembl-pic50-20260527T153246Z,CHEMBL238,DAT,CHEMBL102018,Cc1ccc([C@H]2C[C@H]3CCC4C2C(=O)CN43)cc1,6.269217724333611,train,O=C1CN2C3CC[C@@H]2C[C@H](c2ccccc2)C13,ChEMBL
chembl-pic50-20260527T153246Z,CHEMBL238,DAT,CHEMBL102144,COC(=O)c1ccccc1-c1ccc(-c2ccc(Br)cc2)cc1,6.0,train,c1ccc(-c2ccc(-c3ccccc3)cc2)cc1,ChEMBL
chembl-pic50-20260527T153246Z,CHEMBL238,DAT,CHEMBL103138,COC(=O)c1ccccc1-c1ccc(F)cc1,4.795880017344075,train,c1ccc(-c2ccccc2)cc1,ChEMBL
chembl-pic50-20260527T153246Z,CHEMBL238,DAT,CHEMBL103152,COC(=O)C1=C(c2ccc3ccccc3c2)CC2CCC1C2,7.958607314841775,train,C1=C(c2ccc3ccccc3c2)CC2CCC1C2,ChEMBL
chembl-pic50-20260527T153246Z,CHEMBL238,DAT,CHEMBL103504,CCC[C@@]1(O)CN2C3CC[C@@H]2C[C@H](c2ccc(C)cc2)C31,6.428291168191312,train,c1ccc([C@H]2C[C@H]3CCC4C2CCN43)cc1,ChEMBL
chembl-pic50-20260527T153246Z,CHEMBL238,DAT,CHEMBL103701,CCCC1C2C3CCN2[C@H](C3)C[C@@H]1c1ccc(C)cc1,6.2441251443275085,train,c1ccc([C@@H]2CC3C4CCN3[C@H](C4)C2)cc1,ChEMBL
chembl-pic50-20260527T153246Z,CHEMBL238,DAT,CHEMBL103831,COC(=O)c1ccccc1-c1ccccc1,4.0,train,c1ccc(-c2ccccc2)cc1,ChEMBL
chembl-pic50-20260527T153246Z,CHEMBL238,DAT,CHEMBL103919,COC(=O)[C@@H]1C2CCC(C2)CC1c1ccc(Cl)c(Cl)c1,7.376750709602099,train,c1ccc(C2CC3CCC(C3)C2)cc1,ChEMBL
chembl-pic50-20260527T153246Z,CHEMBL238,DAT,CHEMBL1082723,C[C@H]1Cc2c([nH]c3cc(Cl)c(F)cc23)[C@@]2(N1)C(=O)Nc1ccc(Cl)cc12,5.0,train,O=C1Nc2ccccc2[C@]12NCCc1c2[nH]c2ccccc12,ChEMBL
chembl-pic50-20260527T153246Z,CHEMBL238,DAT,CHEMBL109097,CCC[C@@H]1CN(C)CC[C@@H]1c1ccc(Cl)cc1,8.522878745280337,train,c1ccc(C2CCNCC2)cc1,ChEMBL
chembl-pic50-20260527T153246Z,CHEMBL238,DAT,CHEMBL109517,CN(C)C[C@@H]1C2CCC(C2)[C@H]1c1ccc2ccccc2c1,7.031517051446065,train,c1ccc2cc([C@H]3CC4CCC3C4)ccc2c1,ChEMBL
chembl-pic50-20260527T153246Z,CHEMBL238,DAT,CHEMBL109571,CN(C)CC1C2CCC(C2)C1c1ccc2ccccc2c1,7.022276394711152,train,c1ccc2cc(C3CC4CCC3C4)ccc2c1,ChEMBL
chembl-pic50-20260527T153246Z,CHEMBL238,DAT,CHEMBL1095850,CN1CCN(C[C@H](c2csc(Cl)c2)C2(O)CCCCC2)CC1,6.673664139071248,train,c1cc([C@@H](CN2CCNCC2)C2CCCCC2)cs1,ChEMBL
chembl-pic50-20260527T153246Z,CHEMBL238,DAT,CHEMBL1096495,CN1CCN(CC(c2cccc(Cl)c2)C2(O)CCCCC2)CC1,6.607303046740334,train,c1ccc(C(CN2CCNCC2)C2CCCCC2)cc1,ChEMBL
chembl-pic50-20260527T153246Z,CHEMBL238,DAT,CHEMBL1097148,CN1CCN(CC(c2csc(Cl)c2)C2(O)CCCCC2)CC1,6.410050398674292,train,c1cc(C(CN2CCNCC2)C2CCCCC2)cs1,ChEMBL
chembl-pic50-20260527T153246Z,CHEMBL238,DAT,CHEMBL1099178,CN1CCN(C[C@@H](c2csc(Cl)c2)C2(O)CCCCC2)CC1,5.221848749616356,train,c1cc([C@H](CN2CCNCC2)C2CCCCC2)cs1,ChEMBL
chembl-pic50-20260527T153246Z,CHEMBL238,DAT,CHEMBL1099179,CN1CCN(C[C@H](c2cccc(Cl)c2)C2(O)CCCCC2)CC1,6.756961951313706,train,c1ccc([C@@H](CN2CCNCC2)C2CCCCC2)cc1,ChEMBL
chembl-pic50-20260527T153246Z,CHEMBL238,DAT,CHEMBL1099212,CN1CCN(C[C@@H](c2cccc(Cl)c2)C2(N)CCCCC2)CC1,7.522878745280337,train,c1ccc([C@H](CN2CCNCC2)C2CCCCC2)cc1,ChEMBL
chembl-pic50-20260527T153246Z,CHEMBL238,DAT,CHEMBL11,CN(C)CCCN1c2ccccc2CCc2ccccc21,4.59176003468815,train,c1ccc2c(c1)CCc1ccccc1N2,ChEMBL
chembl-pic50-20260527T153246Z,CHEMBL238,DAT,CHEMBL110530,Fc1ccc(CN2CCC(CCNC(c3ccccc3)c3ccccc3)CC2)cc1,7.522878745280337,train,c1ccc(CN2CCC(CCNC(c3ccccc3)c3ccccc3)CC2)cc1,ChEMBL
chembl-pic50-20260527T153246Z,CHEMBL238,DAT,CHEMBL111128,CNC[C@H]1C2CCC(C2)[C@@H]1c1ccc2ccccc2c1,7.0655015487564325,train,c1ccc2cc([C@@H]3CC4CCC3C4)ccc2c1,ChEMBL
chembl-pic50-20260527T153246Z,CHEMBL238,DAT,CHEMBL113136,CN(C)C[C@H]1C2CCC(CC2)[C@@H]1c1cccc(Cl)c1,6.782516055786093,train,c1ccc([C@@H]2CC3CCC2CC3)cc1,ChEMBL
chembl-pic50-20260527T153246Z,CHEMBL238,DAT,CHEMBL113956,CCOc1ccc(CCNC(=O)N2CCN(CCCC(c3ccc(F)cc3)c3ccc(F)cc3)CC2)cc1,6.002613615602686,train,O=C(NCCc1ccccc1)N1CCN(CCCC(c2ccccc2)c2ccccc2)CC1,ChEMBL
chembl-pic50-20260527T153246Z,CHEMBL238,DAT,CHEMBL114,CC(C)(C)NC(=O)[C@@H]1C[C@@H]2CCCC[C@@H]2CN1C[C@@H](O)[C@H](Cc1ccccc1)NC(=O)[C@H](CC(N)=O)NC(=O)c1ccc2ccccc2n1,4.454730004307044,train,O=C(CNC(=O)c1ccc2ccccc2n1)N[C@H](CCN1CC[C@@H]2CCCC[C@@H]2C1)Cc1ccccc1,ChEMBL
chembl-pic50-20260527T153246Z,CHEMBL238,DAT,CHEMBL115280,O=C1NCN(c2ccccc2)C12CCN(Cc1cccc(Oc3ccccc3)c1)CC2,5.647817481888637,train,O=C1NCN(c2ccccc2)C12CCN(Cc1cccc(Oc3ccccc3)c1)CC2,ChEMBL
chembl-pic50-20260527T153246Z,CHEMBL238,DAT,CHEMBL116463,N#Cc1ccc(CCOC(=O)NC2CCN(CCCC(c3ccc(F)cc3)c3ccc(F)cc3)CC2)cc1,6.1073489661227,train,O=C(NC1CCN(CCCC(c2ccccc2)c2ccccc2)CC1)OCCc1ccccc1,ChEMBL
chembl-pic50-20260527T153246Z,CHEMBL238,DAT,CHEMBL1169524,CCN(CC)C(=O)[C@@]1(c2ccccc2)C[C@H]1CNC(=O)CN,5.0,train,c1ccc(C2CC2)cc1,ChEMBL
chembl-pic50-20260527T153246Z,CHEMBL238,DAT,CHEMBL1170441,Cc1ccc([C@]2(O)OCC(C)(C)N[C@H]2C)cc1,6.079876673709276,train,c1ccc(C2CNCCO2)cc1,ChEMBL
chembl-pic50-20260527T153246Z,CHEMBL238,DAT,CHEMBL1171260,C[C@@H]1N(C)C(C)(C)CO[C@@]1(O)c1cccc(Cl)c1,5.468521082957745,train,c1ccc(C2CNCCO2)cc1,ChEMBL
chembl-pic50-20260527T153246Z,CHEMBL238,DAT,CHEMBL1172,Clc1ccc2c(c1)CCc1cccnc1C2=C1CCNCC1,5.411280220399943,train,c1ccc2c(c1)CCc1cccnc1C2=C1CCNCC1,ChEMBL
chembl-pic50-20260527T153246Z,CHEMBL238,DAT,CHEMBL1172928,C[C@@H]1NC(C)(C)CO[C@@]1(O)c1cccc(Cl)c1,4.0,train,c1ccc(C2CNCCO2)cc1,ChEMBL
chembl-pic50-20260527T153246Z,CHEMBL238,DAT,CHEMBL1172929,C[C@H]1NC(C)(C)CO[C@]1(O)c1cccc(Cl)c1,6.200659450546418,train,c1ccc(C2CNCCO2)cc1,ChEMBL
chembl-pic50-20260527T153246Z,CHEMBL238,DAT,CHEMBL1173274,C[C@@H]1NC(C)(C)CO[C@@]1(O)c1ccccc1,5.972650392225243,train,c1ccc(C2CNCCO2)cc1,ChEMBL
chembl-pic50-20260527T153246Z,CHEMBL238,DAT,CHEMBL1173275,C[C@@H]1NC(C)(C)CO[C@@]1(O)c1cccc(F)c1,5.860120913598763,train,c1ccc(C2CNCCO2)cc1,ChEMBL
chembl-pic50-20260527T153246Z,CHEMBL238,DAT,CHEMBL1173276,C[C@@H]1NC(C)(C)CO[C@@]1(O)c1cccc(Br)c1,5.476253533188435,train,c1ccc(C2CNCCO2)cc1,ChEMBL
chembl-pic50-20260527T153246Z,CHEMBL238,DAT,CHEMBL1173277,Cc1cccc([C@]2(O)OCC(C)(C)N[C@H]2C)c1,5.585026652029182,train,c1ccc(C2CNCCO2)cc1,ChEMBL
chembl-pic50-20260527T153246Z,CHEMBL238,DAT,CHEMBL1173279,COc1cccc([C@]2(O)OCC(C)(C)N[C@H]2C)c1,4.795880017344075,train,c1ccc(C2CNCCO2)cc1,ChEMBL
chembl-pic50-20260527T153246Z,CHEMBL238,DAT,CHEMBL1173280,C[C@@H]1NC(C)(C)CO[C@@]1(O)c1cccc([N+](=O)[O-])c1,4.920818753952375,train,c1ccc(C2CNCCO2)cc1,ChEMBL
chembl-pic50-20260527T153246Z,CHEMBL238,DAT,CHEMBL1173353,C[C@@H]1NC(C)(C)CO[C@@]1(O)c1ccc(F)cc1,5.376750709602099,train,c1ccc(C2CNCCO2)cc1,ChEMBL
chembl-pic50-20260527T153246Z,CHEMBL238,DAT,CHEMBL1173354,C[C@@H]1NC(C)(C)CO[C@@]1(O)c1ccc(Cl)cc1,6.54515513999149,train,c1ccc(C2CNCCO2)cc1,ChEMBL
chembl-pic50-20260527T153246Z,CHEMBL238,DAT,CHEMBL1173355,COc1ccc([C@]2(O)OCC(C)(C)N[C@H]2C)cc1,4.0,train,c1ccc(C2CNCCO2)cc1,ChEMBL
chembl-pic50-20260527T153246Z,CHEMBL238,DAT,CHEMBL1173427,C[C@@H]1NC(C)(C)CO[C@@]1(O)c1ccc(F)c(F)c1,5.669586226650809,train,c1ccc(C2CNCCO2)cc1,ChEMBL
chembl-pic50-20260527T153246Z,CHEMBL238,DAT,CHEMBL1173428,CC1NC(C)(C)COC1(O)c1ccc(Cl)c(Cl)c1,7.154901959985743,train,c1ccc(C2CNCCO2)cc1,ChEMBL
chembl-pic50-20260527T153246Z,CHEMBL238,DAT,CHEMBL1173429,C[C@@H]1NC(C)(C)CO[C@@]1(O)c1cc(F)cc(F)c1,5.991399828238082,train,c1ccc(C2CNCCO2)cc1,ChEMBL
chembl-pic50-20260527T153246Z,CHEMBL238,DAT,CHEMBL1173430,CC1NC(C)(C)COC1(O)c1cc(Cl)cc(Cl)c1,5.0835460514500745,train,c1ccc(C2CNCCO2)cc1,ChEMBL
chembl-pic50-20260527T153246Z,CHEMBL238,DAT,CHEMBL1173532,COC[C@@]12CNCC[C@]1(c1ccc(Cl)c(Cl)c1)C2,8.700057099977233,train,c1ccc([C@]23CCNCC2C3)cc1,ChEMBL
chembl-pic50-20260527T153246Z,CHEMBL238,DAT,CHEMBL1173597,CCC[C@@H]1NC(C)(C)CO[C@@]1(O)c1cccc(Cl)c1,7.522878745280337,train,c1ccc(C2CNCCO2)cc1,ChEMBL
chembl-pic50-20260527T153246Z,CHEMBL238,DAT,CHEMBL1173598,C[C@@H]1N(C)C(C)(C)CO[C@@]1(O)c1ccc(Cl)cc1,5.542118103266008,train,c1ccc(C2CNCCO2)cc1,ChEMBL
chembl-pic50-20260527T153246Z,CHEMBL238,DAT,CHEMBL1173599,CC1NC(C)(C)COC1(O)c1cccnc1,4.0,train,c1cncc(C2CNCCO2)c1,ChEMBL
chembl-pic50-20260527T153246Z,CHEMBL238,DAT,CHEMBL1173600,CC1NC(C)(C)COC1(O)c1ccccn1,4.0,train,c1ccc(C2CNCCO2)nc1,ChEMBL
chembl-pic50-20260527T153246Z,CHEMBL238,DAT,CHEMBL1173770,C[C@@H]1NC(C)(C)CO[C@@]1(O)c1cccc(-c2cccc3ccccc23)c1,5.0,train,c1cc(-c2cccc3ccccc23)cc(C2CNCCO2)c1,ChEMBL
chembl-pic50-20260527T153246Z,CHEMBL238,DAT,CHEMBL1173772,CC[C@@H]1NC(C)(C)CO[C@@]1(O)c1cccc(Cl)c1,6.690369832574102,train,c1ccc(C2CNCCO2)cc1,ChEMBL
chembl-pic50-20260527T153246Z,CHEMBL238,DAT,CHEMBL1175,CNCC[C@H](Oc1cccc2ccccc12)c1cccs1,6.060480747381382,train,c1csc(COc2cccc3ccccc23)c1,ChEMBL
chembl-pic50-20260527T153246Z,CHEMBL238,DAT,CHEMBL1177,NC1=NC(=O)C(c2ccccc2)O1,6.282912275072981,train,O=C1N=COC1c1ccccc1,ChEMBL
chembl-pic50-20260527T153246Z,CHEMBL238,DAT,CHEMBL118,Cc1ccc(-c2cc(C(F)(F)F)nn2-c2ccc(S(N)(=O)=O)cc2)cc1,5.6142150411566645,train,c1ccc(-c2ccnn2-c2ccccc2)cc1,ChEMBL
chembl-pic50-20260527T153246Z,CHEMBL238,DAT,CHEMBL119385,O=c1ncn2nc(Sc3ccc(F)cc3F)ccc2c1-c1c(Cl)cccc1Cl,5.091622227567606,train,O=c1ncn2nc(Sc3ccccc3)ccc2c1-c1ccccc1,ChEMBL
chembl-pic50-20260527T153246Z,CHEMBL238,DAT,CHEMBL1200406,CN(C)CCOC(c1ccccc1)c1ccccc1.Cn1c(=O)c2[nH]c(Cl)nc2n(C)c1=O,5.648783654660658,train,O=c1[nH]c(=O)c2[nH]cnc2[nH]1.c1ccc(Cc2ccccc2)cc1,ChEMBL
chembl-pic50-20260527T153246Z,CHEMBL238,DAT,CHEMBL1201066,COc1ccc(C(CN(C)C)C2(O)CCCCC2)cc1.Cl,4.804100347590766,train,c1ccc(CC2CCCCC2)cc1,ChEMBL
chembl-pic50-20260527T153246Z,CHEMBL238,DAT,CHEMBL1201082,CNCCC(Oc1ccc(C(F)(F)F)cc1)c1ccccc1.Cl,4.735182176990463,train,c1ccc(COc2ccccc2)cc1,ChEMBL
chembl-pic50-20260527T153246Z,CHEMBL238,DAT,CHEMBL1201192,NC(=O)C[S@@+]([O-])C(c1ccccc1)c1ccccc1,5.180456064458132,train,c1ccc(Cc2ccccc2)cc1,ChEMBL
chembl-pic50-20260527T153246Z,CHEMBL238,DAT,CHEMBL1201203,CN1[C@@H]2CC[C@H]1C[C@@H](OC(c1ccccc1)c1ccccc1)C2,6.505845405981558,train,c1ccc(C(O[C@H]2C[C@H]3CC[C@@H](C2)N3)c2ccccc2)cc1,ChEMBL
chembl-pic50-20260527T153246Z,CHEMBL238,DAT,CHEMBL1201353,CN(C)CC[C@@H](c1ccc(Cl)cc1)c1ccccn1,6.031050319018657,train,c1ccc(Cc2ccccn2)cc1,ChEMBL
chembl-pic50-20260527T153246Z,CHEMBL238,DAT,CHEMBL1204009,CCOC(=O)CCc1ccc(OC[C@H](O)CNC(C)(C)Cc2ccc3ccccc3c2)c(C#N)c1.Cl,7.229147988357855,train,c1ccc(OCCCNCCc2ccc3ccccc3c2)cc1,ChEMBL
chembl-pic50-20260527T153246Z,CHEMBL238,DAT,CHEMBL1210154,C/C(=N\OC(=O)Nc1ccccc1)c1cccc(-c2cccs2)c1,5.0,train,O=C(Nc1ccccc1)ON=Cc1cccc(-c2cccs2)c1,ChEMBL
chembl-pic50-20260527T153246Z,CHEMBL238,DAT,CHEMBL12131,Cc1cc(C(C#N)c2ccc(Cl)cc2)c(Cl)cc1NC(=O)c1cc(I)cc(I)c1O,5.318758762624412,train,O=C(Nc1ccc(Cc2ccccc2)cc1)c1ccccc1,ChEMBL
chembl-pic50-20260527T153246Z,CHEMBL238,DAT,CHEMBL1214060,COC(=O)[C@@H]1C2CCC(C[C@@H]1c1ccc(C)cc1)N2C/C=C/CF,8.619788758288394,train,c1ccc(C2CC3CCC(C2)N3)cc1,ChEMBL
chembl-pic50-20260527T153246Z,CHEMBL238,DAT,CHEMBL121460,CN(CCOC(c1ccc(F)cc1)c1ccc(F)cc1)CCN(C)CCOC(c1ccc(F)cc1)c1ccc(F)cc1,6.080921907623926,train,c1ccc(C(OCCNCCNCCOC(c2ccccc2)c2ccccc2)c2ccccc2)cc1,ChEMBL
chembl-pic50-20260527T153246Z,CHEMBL238,DAT,CHEMBL121611,Fc1ccc(C(OCCNCCCNCCc2ccccc2)c2ccc(F)cc2)cc1,7.167491087293763,train,c1ccc(CCNCCCNCCOC(c2ccccc2)c2ccccc2)cc1,ChEMBL
chembl-pic50-20260527T153246Z,CHEMBL238,DAT,CHEMBL1224303,CN(C)CCC(c1ccc(Cl)c(Cl)c1)n1ncnn1,7.107905397309519,train,c1ccc(Cn2ncnn2)cc1,ChEMBL
chembl-pic50-20260527T153246Z,CHEMBL238,DAT,CHEMBL1224381,CNCCC(c1ccc(Cl)c(Cl)c1)n1ncnn1,6.935542010773082,train,c1ccc(Cn2ncnn2)cc1,ChEMBL
chembl-pic50-20260527T153246Z,CHEMBL238,DAT,CHEMBL1224382,CNCC[C@@H](c1ccc(Cl)c(Cl)c1)n1nnc(C)n1,7.236572006437063,train,c1ccc(Cn2ncnn2)cc1,ChEMBL
chembl-pic50-20260527T153246Z,CHEMBL238,DAT,CHEMBL122452,CN(CCCN(C)CCc1ccccc1)CCOC(c1ccccc1)c1ccccc1,6.45717457304082,train,c1ccc(CCNCCCNCCOC(c2ccccc2)c2ccccc2)cc1,ChEMBL
chembl-pic50-20260527T153246Z,CHEMBL238,DAT,CHEMBL122859,O=C1CN(CCc2ccccc2)CCN1CCOC(c1ccc(F)cc1)c1ccc(F)cc1,8.0,train,O=C1CN(CCc2ccccc2)CCN1CCOC(c1ccccc1)c1ccccc1,ChEMBL
chembl-pic50-20260527T153246Z,CHEMBL238,DAT,CHEMBL1231,CCN(CC)CC#CCOC(=O)C(O)(c1ccccc1)C1CCCCC1,7.068033885271827,train,c1ccc(CC2CCCCC2)cc1,ChEMBL
chembl-pic50-20260527T153246Z,CHEMBL238,DAT,CHEMBL1232461,CCNC(=O)C[C@@H]1N=C(c2ccc(Cl)cc2)c2cc(OC)ccc2-n2c(C)nnc21,4.102372908709558,train,c1ccc(C2=NCc3nncn3-c3ccccc32)cc1,ChEMBL
chembl-pic50-20260527T153246Z,CHEMBL238,DAT,CHEMBL1237210,CC(C)=CCC[C@]1(C)[C@@H](CC=C(C)C)C[C@]2(CC=C(C)C)C(=O)C(CC=C(C)C)=C(O)[C@@]1(C(=O)C(C)C)C2=O,5.698970004336019,train,O=C1C=CC2CCCC1C2=O,ChEMBL
chembl-pic50-20260527T153246Z,CHEMBL238,DAT,CHEMBL123830,O=C(Cc1ccc(F)cc1)NCCNCCOC(c1ccc(F)cc1)c1ccc(F)cc1,7.327902142064283,train,O=C(Cc1ccccc1)NCCNCCOC(c1ccccc1)c1ccccc1,ChEMBL
chembl-pic50-20260527T153246Z,CHEMBL238,DAT,CHEMBL124222,O=C1CN(CCOC(c2ccccc2)c2ccccc2)CCN1CCCc1ccccc1,8.0,train,O=C1CN(CCOC(c2ccccc2)c2ccccc2)CCN1CCCc1ccccc1,ChEMBL
chembl-pic50-20260527T153246Z,CHEMBL238,DAT,CHEMBL124670,COC(=O)C1C2CCC(C[C@@H]1OC(c1ccc(F)cc1)c1ccc(F)cc1)N2CCCc1ccc(Br)cc1,7.095825631715837,train,c1ccc(CCCN2C3CCC2CC(OC(c2ccccc2)c2ccccc2)C3)cc1,ChEMBL
chembl-pic50-20260527T153246Z,CHEMBL238,DAT,CHEMBL124854,COC(=O)C1C2CCC(C[C@@H]1OC(c1ccc(F)cc1)c1ccc(F)cc1)N2Cc1ccccc1,6.651695136951839,train,c1ccc(CN2C3CCC2CC(OC(c2ccccc2)c2ccccc2)C3)cc1,ChEMBL
chembl-pic50-20260527T153246Z,CHEMBL238,DAT,CHEMBL1253735,COC(=O)[C@H](c1ccc(I)cc1)[C@H]1CCCCN1,7.958607314841775,train,c1ccc(C[C@H]2CCCCN2)cc1,ChEMBL
chembl-pic50-20260527T153246Z,CHEMBL238,DAT,CHEMBL1255834,CC(N)Cc1c[nH]c2ccc(OCc3cccs3)cc12,5.571120414148381,train,c1csc(COc2ccc3[nH]ccc3c2)c1,ChEMBL
chembl-pic50-20260527T153246Z,CHEMBL238,DAT,CHEMBL125871,COC(=O)C1C2CCC(C[C@@H]1OC(c1ccc(F)cc1)c1ccc(F)cc1)N2CCCc1ccc(I)cc1,6.924453038607469,train,c1ccc(CCCN2C3CCC2CC(OC(c2ccccc2)c2ccccc2)C3)cc1,ChEMBL
chembl-pic50-20260527T153246Z,CHEMBL238,DAT,CHEMBL125954,COC(=O)C1C2CCC(C[C@@H]1OC(c1ccc(F)cc1)c1ccc(F)cc1)N2CCCc1ccccc1,7.657577319177793,train,c1ccc(CCCN2C3CCC2CC(OC(c2ccccc2)c2ccccc2)C3)cc1,ChEMBL
chembl-pic50-20260527T153246Z,CHEMBL238,DAT,CHEMBL1262,Clc1ccc(CO/N=C(\Cn2ccnc2)c2ccc(Cl)cc2Cl)c(Cl)c1,5.575853694244844,train,c1ccc(CO/N=C(\Cn2ccnc2)c2ccccc2)cc1,ChEMBL
chembl-pic50-20260527T153246Z,CHEMBL238,DAT,CHEMBL1275709,CN(C)[C@@H]1CC[C@H](c2c[nH]c3ccc(C#N)cc23)C1,5.886056647693163,train,c1ccc2c(C3CCCC3)c[nH]c2c1,ChEMBL
chembl-pic50-20260527T153246Z,CHEMBL238,DAT,CHEMBL1275791,CN(C)[C@H]1CC[C@@H](c2c[nH]c3ccc(F)cc23)C1,5.958607314841775,train,c1ccc2c(C3CCCC3)c[nH]c2c1,ChEMBL
chembl-pic50-20260527T153246Z,CHEMBL238,DAT,CHEMBL1278088,Nn1c(CCCCN2CCN(c3ccc4ccccc4n3)CC2)nc2c(c1=O)CCCC2,6.0,train,O=c1[nH]c(CCCCN2CCN(c3ccc4ccccc4n3)CC2)nc2c1CCCC2,ChEMBL
chembl-pic50-20260527T153246Z,CHEMBL238,DAT,CHEMBL129832,COc1ccc(C2(O)c3ccccc3C3=NCCN32)cc1,6.958607314841775,train,c1ccc(C2c3ccccc3C3=NCCN32)cc1,ChEMBL
chembl-pic50-20260527T153246Z,CHEMBL238,DAT,CHEMBL130477,OC1(c2ccc(Cl)cc2)c2ccccc2C2=NCCCN21,8.431798275933005,train,c1ccc(C2c3ccccc3C3=NCCCN32)cc1,ChEMBL
chembl-pic50-20260527T153246Z,CHEMBL238,DAT,CHEMBL130593,OC1(c2ccc(Cl)cc2)c2c(ccc3ccccc23)C2=NCCN21,6.661543506395395,train,c1ccc(C2c3c(ccc4ccccc34)C3=NCCN32)cc1,ChEMBL
chembl-pic50-20260527T153246Z,CHEMBL238,DAT,CHEMBL130668,Oc1ccc(C2(O)c3ccccc3C3=NCCCN32)cc1,7.229147988357855,train,c1ccc(C2c3ccccc3C3=NCCCN32)cc1,ChEMBL
chembl-pic50-20260527T153246Z,CHEMBL238,DAT,CHEMBL132082,COc1ccc2c(c1)C(O)(c1ccc(Cl)cc1)N1CCN=C21,7.876148359032914,train,c1ccc(C2c3ccccc3C3=NCCN32)cc1,ChEMBL
chembl-pic50-20260527T153246Z,CHEMBL238,DAT,CHEMBL132676,OC1(c2ccc3ccccc3c2)c2ccccc2C2=NCCN21,8.387216143280265,train,c1ccc2c(c1)C1=NCCN1C2c1ccc2ccccc2c1,ChEMBL
chembl-pic50-20260527T153246Z,CHEMBL238,DAT,CHEMBL132683,COC(=O)C1C(c2ccc(O)c(O)c2)CC2CCC1N2C,6.391473966422806,train,c1ccc(C2CC3CCC(C2)N3)cc1,ChEMBL
chembl-pic50-20260527T153246Z,CHEMBL238,DAT,CHEMBL132713,OC1(c2cccc3ccccc23)c2ccccc2C2=NCCN21,5.734946211495985,train,c1ccc2c(c1)C1=NCCN1C2c1cccc2ccccc12,ChEMBL
chembl-pic50-20260527T153246Z,CHEMBL238,DAT,CHEMBL132954,COc1cccc2c1C(O)(c1ccc(Cl)cc1)N1CCN=C21,7.1732774798310075,train,c1ccc(C2c3ccccc3C3=NCCN32)cc1,ChEMBL
chembl-pic50-20260527T153246Z,CHEMBL238,DAT,CHEMBL132955,OC1(c2ccc(Cl)cc2)c2cc(Cl)c(Cl)cc2C2=NCCN21,8.221848749616356,train,c1ccc(C2c3ccccc3C3=NCCN32)cc1,ChEMBL
chembl-pic50-20260527T153246Z,CHEMBL238,DAT,CHEMBL132962,CC1(c2ccc(Cl)cc2)c2ccccc2C2=NCCCN21,6.903089986991944,train,c1ccc(C2c3ccccc3C3=NCCCN32)cc1,ChEMBL
chembl-pic50-20260527T153246Z,CHEMBL238,DAT,CHEMBL133043,COc1ccc(C2(O)c3ccccc3C3=NCCCN32)cc1,7.517126416391246,train,c1ccc(C2c3ccccc3C3=NCCCN32)cc1,ChEMBL
chembl-pic50-20260527T153246Z,CHEMBL238,DAT,CHEMBL133902,OC1(c2ccccc2)c2ccccc2C2=NCCN21,6.136677139879544,train,c1ccc(C2c3ccccc3C3=NCCN32)cc1,ChEMBL
chembl-pic50-20260527T153246Z,CHEMBL238,DAT,CHEMBL137020,Fc1ccc(C(OCCC2CCN(Cc3cc4ccccc4s3)CC2)c2ccc(F)cc2)cc1,7.924453038607469,train,c1ccc(C(OCCC2CCN(Cc3cc4ccccc4s3)CC2)c2ccccc2)cc1,ChEMBL
chembl-pic50-20260527T153246Z,CHEMBL238,DAT,CHEMBL1373,NC(=O)C[S+]([O-])C(c1ccccc1)c1ccccc1,5.737074530668169,train,c1ccc(Cc2ccccc2)cc1,ChEMBL
chembl-pic50-20260527T153246Z,CHEMBL238,DAT,CHEMBL141343,Cc1c(C)c2c(c(C)c1O)CCC(C)(CN1CCN(c3cc(N4CCCC4)nc(N4CCCC4)n3)CC1)O2,4.87445367632881,train,c1ccc2c(c1)CCC(CN1CCN(c3cc(N4CCCC4)nc(N4CCCC4)n3)CC1)O2,ChEMBL
chembl-pic50-20260527T153246Z,CHEMBL238,DAT,CHEMBL14370,CCOc1ccccc1OC(c1ccccc1)C1CNCCO1,4.6020599913279625,train,c1ccc(OC(c2ccccc2)C2CNCCO2)cc1,ChEMBL
chembl-pic50-20260527T153246Z,CHEMBL238,DAT,CHEMBL14391,COC(=O)C1C(c2ccc(I)cc2)CC2CCC1N2C,8.899629454882437,train,c1ccc(C2CC3CCC(C2)N3)cc1,ChEMBL
chembl-pic50-20260527T153246Z,CHEMBL238,DAT,CHEMBL1491,CCOC(=O)C1=C(COCCN)NC(C)=C(C(=O)OC)C1c1ccccc1Cl,5.257982252859862,train,C1=CC(c2ccccc2)C=CN1,ChEMBL
chembl-pic50-20260527T153246Z,CHEMBL238,DAT,CHEMBL150932,c1ccc(C(Oc2cccc3ccccc23)C2CCNCC2)cc1,6.431798275933005,train,c1ccc(C(Oc2cccc3ccccc23)C2CCNCC2)cc1,ChEMBL
chembl-pic50-20260527T153246Z,CHEMBL238,DAT,CHEMBL157101,CC(=O)N1CCN(c2ccc(OCC3COC(Cn4ccnc4)(c4ccc(Cl)cc4Cl)O3)cc2)CC1,4.628618080833349,train,c1ccc(C2(Cn3ccnc3)OCC(COc3ccc(N4CCNCC4)cc3)O2)cc1,ChEMBL
chembl-pic50-20260527T153246Z,CHEMBL238,DAT,CHEMBL1641691,COC(=O)[C@H](c1cccc(I)c1)[C@H]1CCCCN1,7.853871964321762,train,c1ccc(C[C@H]2CCCCN2)cc1,ChEMBL
chembl-pic50-20260527T153246Z,CHEMBL238,DAT,CHEMBL1641692,COC(=O)[C@H](c1ccc(I)cc1)[C@H]1CCCCN1Cc1ccc(N=[N+]=[N-])cc1,5.558461961297839,train,c1ccc(C[C@H]2CCCCN2Cc2ccccc2)cc1,ChEMBL
chembl-pic50-20260527T153246Z,CHEMBL238,DAT,CHEMBL1641693,COC(=O)[C@H](c1ccc(I)cc1)[C@H]1CCCCN1Cc1cccc(N=[N+]=[N-])c1,5.098759697926691,train,c1ccc(C[C@H]2CCCCN2Cc2ccccc2)cc1,ChEMBL
chembl-pic50-20260527T153246Z,CHEMBL238,DAT,CHEMBL1641694,COC(=O)[C@H](c1ccc(I)cc1)[C@H]1CCCCN1Cc1ccccc1N=[N+]=[N-],5.909389292171594,train,c1ccc(C[C@H]2CCCCN2Cc2ccccc2)cc1,ChEMBL
chembl-pic50-20260527T153246Z,CHEMBL238,DAT,CHEMBL1641695,COC(=O)[C@H](c1cccc(I)c1)[C@H]1CCCCN1Cc1ccc(N=[N+]=[N-])cc1,5.738023808602187,train,c1ccc(C[C@H]2CCCCN2Cc2ccccc2)cc1,ChEMBL
chembl-pic50-20260527T153246Z,CHEMBL238,DAT,CHEMBL1641696,COC(=O)[C@H](c1cccc(I)c1)[C@H]1CCCCN1Cc1cccc(N=[N+]=[N-])c1,5.334700500500103,train,c1ccc(C[C@H]2CCCCN2Cc2ccccc2)cc1,ChEMBL
chembl-pic50-20260527T153246Z,CHEMBL238,DAT,CHEMBL1641697,COC(=O)[C@H](c1cccc(I)c1)[C@H]1CCCCN1Cc1ccccc1N=[N+]=[N-],5.569280112136718,train,c1ccc(C[C@H]2CCCCN2Cc2ccccc2)cc1,ChEMBL
chembl-pic50-20260527T153246Z,CHEMBL238,DAT,CHEMBL1642891,N[C@@H]1Cc2ccccc2[C@@H](c2ccc(Cl)c(Cl)c2)C1,6.38933983691012,train,c1ccc([C@H]2CCCc3ccccc32)cc1,ChEMBL
chembl-pic50-20260527T153246Z,CHEMBL238,DAT,CHEMBL1642893,N[C@H]1Cc2ccccc2[C@@H](c2ccc(Cl)c(Cl)c2)C1,6.756961951313706,train,c1ccc([C@H]2CCCc3ccccc32)cc1,ChEMBL
chembl-pic50-20260527T153246Z,CHEMBL238,DAT,CHEMBL1642895,CN[C@@H]1Cc2ccccc2[C@@H](c2ccc(Cl)c(Cl)c2)C1,7.2076083105017466,train,c1ccc([C@H]2CCCc3ccccc32)cc1,ChEMBL
chembl-pic50-20260527T153246Z,CHEMBL238,DAT,CHEMBL1642897,CN[C@H]1Cc2ccccc2[C@@H](c2ccc(Cl)c(Cl)c2)C1,7.142667503568732,train,c1ccc([C@H]2CCCc3ccccc32)cc1,ChEMBL
chembl-pic50-20260527T153246Z,CHEMBL238,DAT,CHEMBL1642899,CN(C)[C@@H]1Cc2ccccc2[C@@H](c2ccc(Cl)c(Cl)c2)C1,6.7544873321858505,train,c1ccc([C@H]2CCCc3ccccc32)cc1,ChEMBL
chembl-pic50-20260527T153246Z,CHEMBL238,DAT,CHEMBL1642901,CN(C)[C@H]1Cc2ccccc2[C@@H](c2ccc(Cl)c(Cl)c2)C1,6.496209316942819,train,c1ccc([C@H]2CCCc3ccccc32)cc1,ChEMBL
chembl-pic50-20260527T153246Z,CHEMBL238,DAT,CHEMBL1642903,NC[C@H]1Cc2ccccc2[C@@H](c2ccc(Cl)c(Cl)c2)C1,6.954677021213342,train,c1ccc([C@H]2CCCc3ccccc32)cc1,ChEMBL
chembl-pic50-20260527T153246Z,CHEMBL238,DAT,CHEMBL1642905,NC[C@@H]1Cc2ccccc2[C@@H](c2ccc(Cl)c(Cl)c2)C1,7.036212172654444,train,c1ccc([C@H]2CCCc3ccccc32)cc1,ChEMBL
chembl-pic50-20260527T153246Z,CHEMBL238,DAT,CHEMBL1642907,CNC[C@@H]1Cc2ccccc2[C@@H](c2ccc(Cl)c(Cl)c2)C1,6.987162775294828,train,c1ccc([C@H]2CCCc3ccccc32)cc1,ChEMBL
chembl-pic50-20260527T153246Z,CHEMBL238,DAT,CHEMBL1642909,CNC[C@H]1Cc2ccccc2[C@@H](c2ccc(Cl)c(Cl)c2)C1,6.315154638355588,train,c1ccc([C@H]2CCCc3ccccc32)cc1,ChEMBL
chembl-pic50-20260527T153246Z,CHEMBL238,DAT,CHEMBL1642913,NCC[C@H]1Cc2ccccc2[C@@H](c2ccc(Cl)c(Cl)c2)C1,7.301029995663981,train,c1ccc([C@H]2CCCc3ccccc32)cc1,ChEMBL
chembl-pic50-20260527T153246Z,CHEMBL238,DAT,CHEMBL1642916,CN[C@@H]1CCc2ccccc2[C@H]1c1ccc(Cl)c(Cl)c1,6.673664139071248,train,c1ccc([C@H]2CCCc3ccccc32)cc1,ChEMBL
chembl-pic50-20260527T153246Z,CHEMBL238,DAT,CHEMBL1642917,CN[C@H]1CCc2ccccc2[C@H]1c1ccc(Cl)c(Cl)c1,5.791558643561433,train,c1ccc([C@H]2CCCc3ccccc32)cc1,ChEMBL
chembl-pic50-20260527T153246Z,CHEMBL238,DAT,CHEMBL1643647,c1ccc(C2=C(c3cc(-c4ccccc4)no3)C3CCC(C2)S3)cc1,5.301029995663981,train,c1ccc(C2=C(c3cc(-c4ccccc4)no3)C3CCC(C2)S3)cc1,ChEMBL
chembl-pic50-20260527T153246Z,CHEMBL238,DAT,CHEMBL1643648,Fc1ccc(C2=C(c3cc(-c4ccccc4)no3)C3CCC(C2)S3)cc1,5.698970004336019,train,c1ccc(C2=C(c3cc(-c4ccccc4)no3)C3CCC(C2)S3)cc1,ChEMBL
chembl-pic50-20260527T153246Z,CHEMBL238,DAT,CHEMBL1643649,Clc1ccc(C2=C(c3cc(-c4ccccc4)no3)C3CCC(C2)S3)cc1,7.1771783546968955,train,c1ccc(C2=C(c3cc(-c4ccccc4)no3)C3CCC(C2)S3)cc1,ChEMBL
chembl-pic50-20260527T153246Z,CHEMBL238,DAT,CHEMBL1643650,Brc1ccc(C2=C(c3cc(-c4ccccc4)no3)C3CCC(C2)S3)cc1,6.899629454882437,train,c1ccc(C2=C(c3cc(-c4ccccc4)no3)C3CCC(C2)S3)cc1,ChEMBL
chembl-pic50-20260527T153246Z,CHEMBL238,DAT,CHEMBL1643651,Clc1ccc(C2=C(c3cc(-c4ccccc4)no3)C3CCC(C2)S3)cc1Cl,6.478861916295964,train,c1ccc(C2=C(c3cc(-c4ccccc4)no3)C3CCC(C2)S3)cc1,ChEMBL
chembl-pic50-20260527T153246Z,CHEMBL238,DAT,CHEMBL1643657,c1ccc(-c2cc(C3C4CCC(C[C@H]3c3ccccc3)S4)on2)cc1,6.0,train,c1ccc(-c2cc(C3C4CCC(C[C@H]3c3ccccc3)S4)on2)cc1,ChEMBL
chembl-pic50-20260527T153246Z,CHEMBL238,DAT,CHEMBL1643658,Fc1ccc([C@@H]2CC3CCC(S3)C2c2cc(-c3ccccc3)no2)cc1,6.341035157335565,train,c1ccc(-c2cc(C3C4CCC(C[C@H]3c3ccccc3)S4)on2)cc1,ChEMBL
chembl-pic50-20260527T153246Z,CHEMBL238,DAT,CHEMBL1643659,Clc1ccc([C@@H]2CC3CCC(S3)C2c2cc(-c3ccccc3)no2)cc1,6.886056647693163,train,c1ccc(-c2cc(C3C4CCC(C[C@H]3c3ccccc3)S4)on2)cc1,ChEMBL
chembl-pic50-20260527T153246Z,CHEMBL238,DAT,CHEMBL1643660,Brc1ccc([C@@H]2CC3CCC(S3)C2c2cc(-c3ccccc3)no2)cc1,6.623423042943488,train,c1ccc(-c2cc(C3C4CCC(C[C@H]3c3ccccc3)S4)on2)cc1,ChEMBL
chembl-pic50-20260527T153246Z,CHEMBL238,DAT,CHEMBL1643661,Clc1ccc([C@@H]2CC3CCC(S3)C2c2cc(-c3ccccc3)no2)cc1Cl,6.303643611266668,train,c1ccc(-c2cc(C3C4CCC(C[C@H]3c3ccccc3)S4)on2)cc1,ChEMBL
chembl-pic50-20260527T153246Z,CHEMBL238,DAT,CHEMBL1643662,Cc1cc([C@@H]2C3CCC(C[C@@H]2c2ccccc2)S3)on1,7.920818753952375,train,c1ccc([C@H]2CC3CCC(S3)[C@H]2c2ccno2)cc1,ChEMBL
chembl-pic50-20260527T153246Z,CHEMBL238,DAT,CHEMBL1643663,Cc1cc([C@@H]2C3CCC(C[C@@H]2c2ccc(F)cc2)S3)on1,8.154901959985743,train,c1ccc([C@H]2CC3CCC(S3)[C@H]2c2ccno2)cc1,ChEMBL
chembl-pic50-20260527T153246Z,CHEMBL238,DAT,CHEMBL1643664,Cc1cc([C@@H]2C3CCC(C[C@@H]2c2ccc(Cl)cc2)S3)on1,8.142667503568731,train,c1ccc([C@H]2CC3CCC(S3)[C@H]2c2ccno2)cc1,ChEMBL
chembl-pic50-20260527T153246Z,CHEMBL238,DAT,CHEMBL1643665,Cc1cc([C@@H]2C3CCC(C[C@@H]2c2ccc(Br)cc2)S3)on1,7.853871964321762,train,c1ccc([C@H]2CC3CCC(S3)[C@H]2c2ccno2)cc1,ChEMBL
chembl-pic50-20260527T153246Z,CHEMBL238,DAT,CHEMBL1643666,Cc1cc([C@@H]2C3CCC(C[C@@H]2c2ccc(Cl)c(Cl)c2)S3)on1,7.361510743045363,train,c1ccc([C@H]2CC3CCC(S3)[C@H]2c2ccno2)cc1,ChEMBL
chembl-pic50-20260527T153246Z,CHEMBL238,DAT,CHEMBL1643667,c1ccc(-c2cc(C3C4CCC(C[C@@H]3c3ccccc3)S4)on2)cc1,6.804100347590766,train,c1ccc(-c2cc(C3C4CCC(C[C@@H]3c3ccccc3)S4)on2)cc1,ChEMBL
chembl-pic50-20260527T153246Z,CHEMBL238,DAT,CHEMBL1643668,Fc1ccc([C@H]2CC3CCC(S3)C2c2cc(-c3ccccc3)no2)cc1,7.309803919971486,train,c1ccc(-c2cc(C3C4CCC(C[C@@H]3c3ccccc3)S4)on2)cc1,ChEMBL
chembl-pic50-20260527T153246Z,CHEMBL238,DAT,CHEMBL1643669,Clc1ccc([C@H]2CC3CCC(S3)C2c2cc(-c3ccccc3)no2)cc1Cl,6.570247719997592,train,c1ccc(-c2cc(C3C4CCC(C[C@@H]3c3ccccc3)S4)on2)cc1,ChEMBL
chembl-pic50-20260527T153246Z,CHEMBL238,DAT,CHEMBL1643896,CN1[C@H]2CC[C@@H]1[C@@H](C(=O)N1CCCC1)[C@@H](c1ccc(I)cc1)C2,9.431798275933005,train,O=C([C@H]1[C@@H](c2ccccc2)C[C@@H]2CC[C@H]1N2)N1CCCC1,ChEMBL
chembl-pic50-20260527T153246Z,CHEMBL238,DAT,CHEMBL1644470,c1ccc(-c2cccc(O[C@@H]3C[C@H]4CC[C@@H](C3)N4)n2)cc1,5.0,train,c1ccc(-c2cccc(O[C@@H]3C[C@H]4CC[C@@H](C3)N4)n2)cc1,ChEMBL
chembl-pic50-20260527T153246Z,CHEMBL238,DAT,CHEMBL1644600,FC(F)(F)c1cc(O[C@@H]2C[C@H]3CC[C@@H](C2)N3)cc(-c2ccccc2)c1,5.0,train,c1ccc(-c2cccc(O[C@@H]3C[C@H]4CC[C@@H](C3)N4)c2)cc1,ChEMBL
chembl-pic50-20260527T153246Z,CHEMBL238,DAT,CHEMBL1644601,Brc1cc(O[C@@H]2C[C@H]3CC[C@@H](C2)N3)cc(-c2ccccc2)c1,5.0,train,c1ccc(-c2cccc(O[C@@H]3C[C@H]4CC[C@@H](C3)N4)c2)cc1,ChEMBL
chembl-pic50-20260527T153246Z,CHEMBL238,DAT,CHEMBL1644602,Clc1cc(O[C@@H]2C[C@H]3CC[C@@H](C2)N3)cc(-c2ccccc2)c1,5.273354279759088,train,c1ccc(-c2cccc(O[C@@H]3C[C@H]4CC[C@@H](C3)N4)c2)cc1,ChEMBL
chembl-pic50-20260527T153246Z,CHEMBL238,DAT,CHEMBL1644603,Fc1cc(O[C@@H]2C[C@H]3CC[C@@H](C2)N3)cc(-c2ccccc2)c1,5.059981844992337,train,c1ccc(-c2cccc(O[C@@H]3C[C@H]4CC[C@@H](C3)N4)c2)cc1,ChEMBL
chembl-pic50-20260527T153246Z,CHEMBL238,DAT,CHEMBL1644604,N#Cc1cc(O[C@@H]2C[C@H]3CC[C@@H](C2)N3)cc(-c2ccccc2)c1,5.019996628416254,train,c1ccc(-c2cccc(O[C@@H]3C[C@H]4CC[C@@H](C3)N4)c2)cc1,ChEMBL
chembl-pic50-20260527T153246Z,CHEMBL238,DAT,CHEMBL1644605,N#Cc1cc(O[C@@H]2C[C@H]3CC[C@@H](C2)N3)nc(-c2ccccc2)c1,5.0,train,c1ccc(-c2cccc(O[C@@H]3C[C@H]4CC[C@@H](C3)N4)n2)cc1,ChEMBL
chembl-pic50-20260527T153246Z,CHEMBL238,DAT,CHEMBL1644606,N#Cc1ccc(-c2cccc(O[C@@H]3C[C@H]4CC[C@@H](C3)N4)c2)cc1,6.761953896871205,train,c1ccc(-c2cccc(O[C@@H]3C[C@H]4CC[C@@H](C3)N4)c2)cc1,ChEMBL
chembl-pic50-20260527T153246Z,CHEMBL238,DAT,CHEMBL1644607,N#Cc1cccc(-c2cccc(O[C@@H]3C[C@H]4CC[C@@H](C3)N4)c2)c1,6.317854923626168,train,c1ccc(-c2cccc(O[C@@H]3C[C@H]4CC[C@@H](C3)N4)c2)cc1,ChEMBL
chembl-pic50-20260527T153246Z,CHEMBL238,DAT,CHEMBL1644608,N#Cc1ccccc1-c1cccc(O[C@@H]2C[C@H]3CC[C@@H](C2)N3)c1,5.0933417823284,train,c1ccc(-c2cccc(O[C@@H]3C[C@H]4CC[C@@H](C3)N4)c2)cc1,ChEMBL
chembl-pic50-20260527T153246Z,CHEMBL238,DAT,CHEMBL1644609,N#Cc1ccccc1-c1cccc(O[C@@H]2C[C@H]3CC[C@@H](C2)N3)n1,5.0,train,c1ccc(-c2cccc(O[C@@H]3C[C@H]4CC[C@@H](C3)N4)n2)cc1,ChEMBL
chembl-pic50-20260527T153246Z,CHEMBL238,DAT,CHEMBL1644610,N#Cc1cc(O[C@@H]2C[C@H]3CC[C@@H](C2)N3)nc(-c2ccccc2C#N)c1,5.0,train,c1ccc(-c2cccc(O[C@@H]3C[C@H]4CC[C@@H](C3)N4)n2)cc1,ChEMBL
chembl-pic50-20260527T153246Z,CHEMBL238,DAT,CHEMBL1670,Clc1ccc(C(c2ccccc2Cl)C(Cl)Cl)cc1,5.999565922520682,train,c1ccc(Cc2ccccc2)cc1,ChEMBL
chembl-pic50-20260527T153246Z,CHEMBL238,DAT,CHEMBL1681810,CN(C)CC1(c2ccc(C(F)(F)F)cc2)CCCCC1,6.5718652059712115,train,c1ccc(C2CCCCC2)cc1,ChEMBL
chembl-pic50-20260527T153246Z,CHEMBL238,DAT,CHEMBL1683870,CNCC1(c2ccc(Cl)c(Cl)c2)CCCCC1,7.6777807052660805,train,c1ccc(C2CCCCC2)cc1,ChEMBL
chembl-pic50-20260527T153246Z,CHEMBL238,DAT,CHEMBL1683871,NCC1(c2ccc(Cl)c(Cl)c2)CCCCC1,6.823908740944319,train,c1ccc(C2CCCCC2)cc1,ChEMBL
chembl-pic50-20260527T153246Z,CHEMBL238,DAT,CHEMBL1683872,CCNCC1(c2ccc(Cl)c(Cl)c2)CCCCC1,8.397940008672037,train,c1ccc(C2CCCCC2)cc1,ChEMBL
chembl-pic50-20260527T153246Z,CHEMBL238,DAT,CHEMBL1683874,CN(C)CC1(c2ccc(Cl)c(Cl)c2)CCCCC1,9.0,train,c1ccc(C2CCCCC2)cc1,ChEMBL
chembl-pic50-20260527T153246Z,CHEMBL238,DAT,CHEMBL1683875,CCN(C)CC1(c2ccc(Cl)c(Cl)c2)CCCCC1,9.0,train,c1ccc(C2CCCCC2)cc1,ChEMBL
chembl-pic50-20260527T153246Z,CHEMBL238,DAT,CHEMBL1683876,CCN(CC)CC1(c2ccc(Cl)c(Cl)c2)CCCCC1,9.0,train,c1ccc(C2CCCCC2)cc1,ChEMBL
chembl-pic50-20260527T153246Z,CHEMBL238,DAT,CHEMBL1683877,Clc1ccc(C2(CN3CCCC3)CCCCC2)cc1Cl,8.698970004336019,train,c1ccc(C2(CN3CCCC3)CCCCC2)cc1,ChEMBL
chembl-pic50-20260527T153246Z,CHEMBL238,DAT,CHEMBL1683879,Clc1ccc(C2(CN3CCOCC3)CCCCC2)cc1Cl,8.698970004336019,train,c1ccc(C2(CN3CCOCC3)CCCCC2)cc1,ChEMBL
chembl-pic50-20260527T153246Z,CHEMBL238,DAT,CHEMBL1683880,CN1CCN(CC2(c3ccc(Cl)c(Cl)c3)CCCCC2)CC1,9.0,train,c1ccc(C2(CN3CCNCC3)CCCCC2)cc1,ChEMBL
chembl-pic50-20260527T153246Z,CHEMBL238,DAT,CHEMBL1683882,CN(C)CC1(c2ccc(Cl)c(Cl)c2)CCCC1,8.045757490560675,train,c1ccc(C2CCCC2)cc1,ChEMBL
chembl-pic50-20260527T153246Z,CHEMBL238,DAT,CHEMBL1683884,CN(C)CC1(c2ccc(Cl)cc2)CCCCC1,7.585026652029182,train,c1ccc(C2CCCCC2)cc1,ChEMBL
chembl-pic50-20260527T153246Z,CHEMBL238,DAT,CHEMBL1683885,CNCC1(c2ccc(Cl)cc2)CCCCC1,6.403402904373539,train,c1ccc(C2CCCCC2)cc1,ChEMBL
chembl-pic50-20260527T153246Z,CHEMBL238,DAT,CHEMBL1683886,CN(C)CC1(c2cccc(Cl)c2)CCCCC1,7.376750709602099,train,c1ccc(C2CCCCC2)cc1,ChEMBL
chembl-pic50-20260527T153246Z,CHEMBL238,DAT,CHEMBL1683887,CNCC1(c2cccc(Cl)c2)CCCCC1,6.053547734986927,train,c1ccc(C2CCCCC2)cc1,ChEMBL
chembl-pic50-20260527T153246Z,CHEMBL238,DAT,CHEMBL1683888,CN(C)CC1(c2ccc(Cl)c(F)c2)CCCCC1,7.769551078621726,train,c1ccc(C2CCCCC2)cc1,ChEMBL
chembl-pic50-20260527T153246Z,CHEMBL238,DAT,CHEMBL1683889,CN(C)CC1(c2ccc(F)c(Cl)c2)CCCCC1,7.958607314841775,train,c1ccc(C2CCCCC2)cc1,ChEMBL
chembl-pic50-20260527T153246Z,CHEMBL238,DAT,CHEMBL1683890,CNCC1(c2ccc(F)c(Cl)c2)CCCCC1,6.769551078621726,train,c1ccc(C2CCCCC2)cc1,ChEMBL
chembl-pic50-20260527T153246Z,CHEMBL238,DAT,CHEMBL1683891,CN(C)CC1(c2ccc(F)c(F)c2)CCCCC1,7.2441251443275085,train,c1ccc(C2CCCCC2)cc1,ChEMBL
chembl-pic50-20260527T153246Z,CHEMBL238,DAT,CHEMBL1683892,CNCC1(c2ccc(F)c(F)c2)CCCCC1,5.439017944413765,train,c1ccc(C2CCCCC2)cc1,ChEMBL
chembl-pic50-20260527T153246Z,CHEMBL238,DAT,CHEMBL1683893,CN(C)CC1(c2cccc(F)c2)CCCCC1,6.262807357295263,train,c1ccc(C2CCCCC2)cc1,ChEMBL
chembl-pic50-20260527T153246Z,CHEMBL238,DAT,CHEMBL1683894,CN(C)CC1(c2ccc(F)cc2)CCCCC1,6.903089986991944,train,c1ccc(C2CCCCC2)cc1,ChEMBL
chembl-pic50-20260527T153246Z,CHEMBL238,DAT,CHEMBL1683895,CN(C)CC1(c2ccccc2)CCCCC1,6.4156687756324695,train,c1ccc(C2CCCCC2)cc1,ChEMBL
chembl-pic50-20260527T153246Z,CHEMBL238,DAT,CHEMBL1683896,CN(C)CC1(c2cccc(C(F)(F)F)c2)CCCCC1,6.204119982655925,train,c1ccc(C2CCCCC2)cc1,ChEMBL
chembl-pic50-20260527T153246Z,CHEMBL238,DAT,CHEMBL1683897,NCC1(c2cccc3ccccc23)CCCCC1,5.218747405751544,train,c1ccc2c(C3CCCCC3)cccc2c1,ChEMBL
chembl-pic50-20260527T153246Z,CHEMBL238,DAT,CHEMBL1683898,CNCC1(c2cccc3ccccc23)CCCCC1,5.750312572194699,train,c1ccc2c(C3CCCCC3)cccc2c1,ChEMBL
chembl-pic50-20260527T153246Z,CHEMBL238,DAT,CHEMBL1683899,CN(C)CC1(c2cccc3ccccc23)CCCCC1,9.0,train,c1ccc2c(C3CCCCC3)cccc2c1,ChEMBL
chembl-pic50-20260527T153246Z,CHEMBL238,DAT,CHEMBL1683900,NCC1(c2ccc3ccccc3c2)CCCCC1,7.080921907623926,train,c1ccc2cc(C3CCCCC3)ccc2c1,ChEMBL
chembl-pic50-20260527T153246Z,CHEMBL238,DAT,CHEMBL1683901,CNCC1(c2ccc3ccccc3c2)CCCCC1,7.045757490560675,train,c1ccc2cc(C3CCCCC3)ccc2c1,ChEMBL
chembl-pic50-20260527T153246Z,CHEMBL238,DAT,CHEMBL1683902,CN(C)CC1(c2ccc3ccccc3c2)CCCCC1,8.522878745280337,train,c1ccc2cc(C3CCCCC3)ccc2c1,ChEMBL
chembl-pic50-20260527T153246Z,CHEMBL253,CB2,CHEMBL1082330,CN1c2nc(-c3ccc(Cl)cc3Cl)c(-c3ccc(Cl)cc3)cc2C(C(=O)NCO)CC1(C)C,6.096367483915762,external,c1ccc(-c2cc3c(nc2-c2ccccc2)NCCC3)cc1,ChEMBL
chembl-pic50-20260527T153246Z,CHEMBL253,CB2,CHEMBL1082650,C[C@@H](O)NC(=O)C1CC(C)(C)N(C)c2nc(-c3ccc(Cl)cc3Cl)c(-c3ccc(Cl)cc3)cc21,5.892790030352131,external,c1ccc(-c2cc3c(nc2-c2ccccc2)NCCC3)cc1,ChEMBL
chembl-pic50-20260527T153246Z,CHEMBL253,CB2,CHEMBL1084557,O=C1CC2(CCCCC2)Oc2nc(-c3ccccc3Cl)c(-c3ccc(Cl)cc3)cc21,5.080921907623926,external,O=C1CC2(CCCCC2)Oc2nc(-c3ccccc3)c(-c3ccccc3)cc21,ChEMBL
chembl-pic50-20260527T153246Z,CHEMBL253,CB2,CHEMBL1097840,CC1(C)C[C@@H](NC(=O)c2n[nH]c3c2CCC3)c2cc(-c3ccc(Cl)cc3)c(-c3ccc(Cl)cc3Cl)nc2O1,6.275724130399211,external,O=C(N[C@@H]1CCOc2nc(-c3ccccc3)c(-c3ccccc3)cc21)c1n[nH]c2c1CCC2,ChEMBL
chembl-pic50-20260527T153246Z,CHEMBL253,CB2,CHEMBL1288120,O=C(/C=C/c1ccc2ccccc2c1)CCC(=O)NCCO,6.0,external,c1ccc2ccccc2c1,ChEMBL
chembl-pic50-20260527T153246Z,CHEMBL253,CB2,CHEMBL1288150,CCOC(=O)CNC(=O)CCC(=O)/C=C/c1ccc2ccccc2c1,5.00788851221305,external,c1ccc2ccccc2c1,ChEMBL
chembl-pic50-20260527T153246Z,CHEMBL253,CB2,CHEMBL1288179,O=C(/C=C/c1ccc2ccccc2c1)CCC(=O)N(CCO)CCO,5.0,external,c1ccc2ccccc2c1,ChEMBL
chembl-pic50-20260527T153246Z,CHEMBL253,CB2,CHEMBL1288180,C[C@H](CO)NC(=O)CCC(=O)/C=C/c1ccc2ccccc2c1,5.0,external,c1ccc2ccccc2c1,ChEMBL
chembl-pic50-20260527T153246Z,CHEMBL253,CB2,CHEMBL1288208,O=C(/C=C/c1ccc2ccccc2c1)CCCC(=O)NCCO,5.38933983691012,external,c1ccc2ccccc2c1,ChEMBL
chembl-pic50-20260527T153246Z,CHEMBL253,CB2,CHEMBL1288210,CCOC(=O)CNC(=O)CCCC(=O)/C=C/c1ccc2ccccc2c1,5.0,external,c1ccc2ccccc2c1,ChEMBL
chembl-pic50-20260527T153246Z,CHEMBL253,CB2,CHEMBL1288237,C[C@@H](CO)NC(=O)CCCC(=O)/C=C/c1ccc2ccccc2c1,5.0,external,c1ccc2ccccc2c1,ChEMBL
chembl-pic50-20260527T153246Z,CHEMBL253,CB2,CHEMBL1288238,O=C(/C=C/c1ccc(-c2ccccc2)cc1)CCC(=O)NCCO,5.0,external,c1ccc(-c2ccccc2)cc1,ChEMBL
chembl-pic50-20260527T153246Z,CHEMBL253,CB2,CHEMBL1288239,O=C(CCC(=O)NCCO)CCc1ccc(-c2ccccc2)cc1,5.053056729302175,external,c1ccc(-c2ccccc2)cc1,ChEMBL
chembl-pic50-20260527T153246Z,CHEMBL253,CB2,CHEMBL1288265,O=C(CCC(=O)N1CCOCC1)c1ccc(-c2ccccc2)cc1,5.0,external,O=C(CCC(=O)N1CCOCC1)c1ccc(-c2ccccc2)cc1,ChEMBL
chembl-pic50-20260527T153246Z,CHEMBL253,CB2,CHEMBL1288693,O=C(O)CCC(=O)/C=C/c1ccc2ccccc2c1,5.0,external,c1ccc2ccccc2c1,ChEMBL
chembl-pic50-20260527T153246Z,CHEMBL253,CB2,CHEMBL1288694,O=C(O)CCCC(=O)/C=C/c1ccc2ccccc2c1,5.0,external,c1ccc2ccccc2c1,ChEMBL
chembl-pic50-20260527T153246Z,CHEMBL253,CB2,CHEMBL1366039,Cc1ccc(C2(C(=O)N3CCC(n4nc(-c5ccccc5)oc4=O)CC3)CC2)cc1,4.494850021680094,external,O=C(N1CCC(n2nc(-c3ccccc3)oc2=O)CC1)C1(c2ccccc2)CC1,ChEMBL
chembl-pic50-20260527T153246Z,CHEMBL253,CB2,CHEMBL1382214,Cc1ccc(-c2cc(C(=O)Nc3ccc(S(=O)(=O)Nc4nccs4)cc3)c3ccccc3n2)c(C)c1,4.494850021680094,external,O=C(Nc1ccc(S(=O)(=O)Nc2nccs2)cc1)c1cc(-c2ccccc2)nc2ccccc12,ChEMBL
chembl-pic50-20260527T153246Z,CHEMBL253,CB2,CHEMBL1386647,Cc1nc(N2CCN(C(=O)c3cccs3)CC2)c2c3c(sc2n1)CCCC3,4.494850021680094,external,O=C(c1cccs1)N1CCN(c2ncnc3sc4c(c23)CCCC4)CC1,ChEMBL
chembl-pic50-20260527T153246Z,CHEMBL253,CB2,CHEMBL1386881,COc1ccc(CNCCC(c2ccc(F)cc2)c2ccc(OC)cc2)cc1,4.616184634019569,external,c1ccc(CNCCC(c2ccccc2)c2ccccc2)cc1,ChEMBL
chembl-pic50-20260527T153246Z,CHEMBL253,CB2,CHEMBL1420151,CCOC(=O)c1cc2c(=O)n3ccccc3nc2n(Cc2ccccc2)c1=N,4.494850021680094,external,N=c1ccc2c(=O)n3ccccc3nc2n1Cc1ccccc1,ChEMBL
chembl-pic50-20260527T153246Z,CHEMBL253,CB2,CHEMBL1431310,COc1ccc(S(=O)(=O)Nc2ccc(F)cc2)cc1N(C)S(=O)(=O)c1ccc(Cl)cc1,4.494850021680094,external,O=S(=O)(Nc1cccc(S(=O)(=O)Nc2ccccc2)c1)c1ccccc1,ChEMBL
chembl-pic50-20260527T153246Z,CHEMBL253,CB2,CHEMBL1494709,COc1ccc(S(=O)(=O)N2CCOCC2)cc1NC(=O)c1cc2c(s1)CCCC2,4.494850021680094,external,O=C(Nc1cccc(S(=O)(=O)N2CCOCC2)c1)c1cc2c(s1)CCCC2,ChEMBL
chembl-pic50-20260527T153246Z,CHEMBL253,CB2,CHEMBL1498988,COc1ccc(S(=O)(=O)Nc2ccc(C)cc2)cc1N(C)S(=O)(=O)c1ccc(Cl)cc1,4.494850021680094,external,O=S(=O)(Nc1cccc(S(=O)(=O)Nc2ccccc2)c1)c1ccccc1,ChEMBL
chembl-pic50-20260527T153246Z,CHEMBL253,CB2,CHEMBL1534425,O=C(Nc1ccc(S(=O)(=O)Nc2nccs2)cc1)c1cc(-c2ccccc2)nc2ccccc12,4.494850021680094,external,O=C(Nc1ccc(S(=O)(=O)Nc2nccs2)cc1)c1cc(-c2ccccc2)nc2ccccc12,ChEMBL
chembl-pic50-20260527T153246Z,CHEMBL253,CB2,CHEMBL1542168,O=C(N1CCC(n2nc(-c3ccccc3)oc2=O)CC1)C1(c2ccc(Cl)cc2)CC1,4.494850021680094,external,O=C(N1CCC(n2nc(-c3ccccc3)oc2=O)CC1)C1(c2ccccc2)CC1,ChEMBL
chembl-pic50-20260527T153246Z,CHEMBL253,CB2,CHEMBL1684950,CC(C)c1ccc(CC(=O)N[C@H](C)c2ccc(OCC(F)(F)F)cn2)cc1,5.272458742971444,external,O=C(Cc1ccccc1)NCc1ccccn1,ChEMBL
chembl-pic50-20260527T153246Z,CHEMBL253,CB2,CHEMBL1701630,CCC1CCc2sc(C(=O)Nc3cc(S(=O)(=O)N4CCOCC4)ccc3OC)cc2C1,4.494850021680094,external,O=C(Nc1cccc(S(=O)(=O)N2CCOCC2)c1)c1cc2c(s1)CCCC2,ChEMBL
chembl-pic50-20260527T153246Z,CHEMBL253,CB2,CHEMBL1702412,Cc1nc(N2CCN(C(=O)c3ccncc3)CC2)c2c3c(sc2n1)CC(C)CC3,4.494850021680094,external,O=C(c1ccncc1)N1CCN(c2ncnc3sc4c(c23)CCCC4)CC1,ChEMBL
chembl-pic50-20260527T153246Z,CHEMBL253,CB2,CHEMBL1702427,COc1ccc(-c2csc(NC(=O)CSc3nnc4c(C)cc5cc6c(cc5n34)OCO6)n2)cc1,4.494850021680094,external,O=C(CSc1nnc2ccc3cc4c(cc3n12)OCO4)Nc1nc(-c2ccccc2)cs1,ChEMBL
chembl-pic50-20260527T153246Z,CHEMBL253,CB2,CHEMBL1703772,O=C(N1CCC(n2nc(-c3ccccc3)oc2=O)CC1)C1(c2ccccc2)CC1,4.494850021680094,external,O=C(N1CCC(n2nc(-c3ccccc3)oc2=O)CC1)C1(c2ccccc2)CC1,ChEMBL
chembl-pic50-20260527T153246Z,CHEMBL253,CB2,CHEMBL1704084,O=C(N1CCC(n2nc(-c3ccccc3)oc2=O)CC1)C1(c2ccccc2)CCCC1,4.853871964321762,external,O=C(N1CCC(n2nc(-c3ccccc3)oc2=O)CC1)C1(c2ccccc2)CCCC1,ChEMBL
chembl-pic50-20260527T153246Z,CHEMBL253,CB2,CHEMBL1705711,CCN(CC)S(=O)(=O)c1ccc(N2CCCCC2)c(C(=O)N2CCN(c3ccccc3)CC2)c1,4.494850021680094,external,O=C(c1ccccc1N1CCCCC1)N1CCN(c2ccccc2)CC1,ChEMBL
chembl-pic50-20260527T153246Z,CHEMBL253,CB2,CHEMBL1707797,O=C(Nc1cc(S(=O)(=O)N2CCOCC2)ccc1Cl)c1cc2c(s1)CCCC2,4.494850021680094,external,O=C(Nc1cccc(S(=O)(=O)N2CCOCC2)c1)c1cc2c(s1)CCCC2,ChEMBL
chembl-pic50-20260527T153246Z,CHEMBL253,CB2,CHEMBL1711005,CCN(CC)S(=O)(=O)c1ccc(N2CCC(C)CC2)c(C(=O)N2CCN(c3ccccc3)CC2)c1,4.494850021680094,external,O=C(c1ccccc1N1CCCCC1)N1CCN(c2ccccc2)CC1,ChEMBL
chembl-pic50-20260527T153246Z,CHEMBL253,CB2,CHEMBL1714418,O=C(Nc1cccc(S(=O)(=O)N2CCOCC2)c1)c1cc2c(s1)CCCC2,4.494850021680094,external,O=C(Nc1cccc(S(=O)(=O)N2CCOCC2)c1)c1cc2c(s1)CCCC2,ChEMBL
chembl-pic50-20260527T153246Z,CHEMBL253,CB2,CHEMBL1719423,Cc1ccc(C(C)C(=O)N2CCC(n3nc(-c4ccccc4)oc3=O)CC2)cc1,4.640164517660112,external,O=C(Cc1ccccc1)N1CCC(n2nc(-c3ccccc3)oc2=O)CC1,ChEMBL
chembl-pic50-20260527T153246Z,CHEMBL253,CB2,CHEMBL1719526,CCOc1ccc(CC(=O)N2CCC(n3nc(-c4ccccc4)oc3=O)CC2)cc1,4.494850021680094,external,O=C(Cc1ccccc1)N1CCC(n2nc(-c3ccccc3)oc2=O)CC1,ChEMBL
chembl-pic50-20260527T153246Z,CHEMBL253,CB2,CHEMBL1722279,Cc1cc2cc3c(cc2n2c(SCC(=O)Nc4nc(-c5ccccc5)cs4)nnc12)OCO3,4.494850021680094,external,O=C(CSc1nnc2ccc3cc4c(cc3n12)OCO4)Nc1nc(-c2ccccc2)cs1,ChEMBL
chembl-pic50-20260527T153246Z,CHEMBL253,CB2,CHEMBL1727434,O=C(Nc1ccc(S(=O)(=O)Nc2nccs2)cc1)c1cc(-c2cccs2)nc2ccccc12,4.494850021680094,external,O=C(Nc1ccc(S(=O)(=O)Nc2nccs2)cc1)c1cc(-c2cccs2)nc2ccccc12,ChEMBL
chembl-pic50-20260527T153246Z,CHEMBL253,CB2,CHEMBL1728454,O=C(Cc1ccccc1F)N1CCC(n2nc(-c3ccccc3)oc2=O)CC1,4.494850021680094,external,O=C(Cc1ccccc1)N1CCC(n2nc(-c3ccccc3)oc2=O)CC1,ChEMBL
chembl-pic50-20260527T153246Z,CHEMBL253,CB2,CHEMBL1729479,COc1ccc(C2(C(=O)N3CCC(n4nc(-c5ccccc5)oc4=O)CC3)CC2)cc1,4.494850021680094,external,O=C(N1CCC(n2nc(-c3ccccc3)oc2=O)CC1)C1(c2ccccc2)CC1,ChEMBL
chembl-pic50-20260527T153246Z,CHEMBL253,CB2,CHEMBL1736309,O=C(Cc1ccc(F)cc1)N1CCC(n2nc(-c3ccccc3)oc2=O)CC1,4.494850021680094,external,O=C(Cc1ccccc1)N1CCC(n2nc(-c3ccccc3)oc2=O)CC1,ChEMBL
chembl-pic50-20260527T153246Z,CHEMBL253,CB2,CHEMBL1760934,O=C(Nc1cccc(C(F)(F)F)n1)c1nc(CN2CCS(=O)(=O)CC2)c2ccccn12,7.356547323513812,external,O=C(Nc1ccccn1)c1nc(CN2CCS(=O)(=O)CC2)c2ccccn12,ChEMBL
chembl-pic50-20260527T153246Z,CHEMBL253,CB2,CHEMBL1760936,O=C(NC(C1CC1)C1CC1)c1nc(C2CC2)n2ccccc12,8.154901959985743,external,O=C(NC(C1CC1)C1CC1)c1nc(C2CC2)n2ccccc12,ChEMBL
chembl-pic50-20260527T153246Z,CHEMBL253,CB2,CHEMBL1760942,O=C(N[C@H](c1ccccn1)C(F)(F)F)c1nc(N2CCOCC2)c2cnccn12,6.856985199745905,external,O=C(NCc1ccccn1)c1nc(N2CCOCC2)c2cnccn12,ChEMBL
chembl-pic50-20260527T153246Z,CHEMBL253,CB2,CHEMBL1765155,O=C(c1ccc2ccccc2n1)N1CC[C@](O)(c2ccccc2)[C@H]2CCCC[C@@H]21,7.3872161432802645,external,O=C(c1ccc2ccccc2n1)N1CCC(c2ccccc2)[C@H]2CCCC[C@@H]21,ChEMBL
chembl-pic50-20260527T153246Z,CHEMBL253,CB2,CHEMBL1084556,O=C1CC2(CCCC2)Oc2nc(-c3ccccc3Cl)c(-c3ccc(Cl)cc3)cc21,5.522878745280337,scaffold_test,O=C1CC2(CCCC2)Oc2nc(-c3ccccc3)c(-c3ccccc3)cc21,ChEMBL
chembl-pic50-20260527T153246Z,CHEMBL253,CB2,CHEMBL1084558,O=C1CC2(CCSCC2)Oc2nc(-c3ccccc3Cl)c(-c3ccc(Cl)cc3)cc21,5.096910013008056,scaffold_test,O=C1CC2(CCSCC2)Oc2nc(-c3ccccc3)c(-c3ccccc3)cc21,ChEMBL
chembl-pic50-20260527T153246Z,CHEMBL253,CB2,CHEMBL1094839,CC1(C)C[C@@H](NC(=O)c2ccccc2O)c2cc(-c3ccc(Cl)cc3)c(-c3ccc(Cl)cc3Cl)nc2O1,5.481486060122113,scaffold_test,O=C(N[C@@H]1CCOc2nc(-c3ccccc3)c(-c3ccccc3)cc21)c1ccccc1,ChEMBL
chembl-pic50-20260527T153246Z,CHEMBL253,CB2,CHEMBL1094840,CC1(C)C[C@@H](NC(=O)c2ccccc2N)c2cc(-c3ccc(Cl)cc3)c(-c3ccc(Cl)cc3Cl)nc2O1,6.455931955649724,scaffold_test,O=C(N[C@@H]1CCOc2nc(-c3ccccc3)c(-c3ccccc3)cc21)c1ccccc1,ChEMBL
chembl-pic50-20260527T153246Z,CHEMBL253,CB2,CHEMBL1095499,CC1(C)CC(NC(=O)C2(O)CC2)c2cc(-c3ccc(Cl)cc3)c(-c3ccc(Cl)cc3Cl)nc2O1,5.522878745280337,scaffold_test,O=C(NC1CCOc2nc(-c3ccccc3)c(-c3ccccc3)cc21)C1CC1,ChEMBL
chembl-pic50-20260527T153246Z,CHEMBL253,CB2,CHEMBL1097795,CC1(C)C[C@@H](NC(=O)c2cccc3[nH]ncc23)c2cc(-c3ccc(Cl)cc3)c(-c3ccc(Cl)cc3Cl)nc2O1,5.721246399047171,scaffold_test,O=C(N[C@@H]1CCOc2nc(-c3ccccc3)c(-c3ccccc3)cc21)c1cccc2[nH]ncc12,ChEMBL
chembl-pic50-20260527T153246Z,CHEMBL253,CB2,CHEMBL1222968,FC(F)(F)C1(c2nnc(-c3nn(-c4ccc(Cl)cc4Cl)c(-c4ccc(Cl)cc4)c3Cn3cncn3)s2)CC1,5.439973751087107,scaffold_test,c1ccc(-c2c(Cn3cncn3)c(-c3nnc(C4CC4)s3)nn2-c2ccccc2)cc1,ChEMBL
chembl-pic50-20260527T153246Z,CHEMBL253,CB2,CHEMBL1223260,FC(F)(F)C1(c2nnc(-c3nn(-c4ccccc4Cl)c(-c4ccc(Br)cc4)c3Cn3cncn3)s2)CC1,6.906578314837765,scaffold_test,c1ccc(-c2c(Cn3cncn3)c(-c3nnc(C4CC4)s3)nn2-c2ccccc2)cc1,ChEMBL
chembl-pic50-20260527T153246Z,CHEMBL253,CB2,CHEMBL1288149,O=C(/C=C/c1ccc2ccccc2c1)CCC(=O)NC1CC1,5.0,scaffold_test,O=C(/C=C/c1ccc2ccccc2c1)CCC(=O)NC1CC1,ChEMBL
chembl-pic50-20260527T153246Z,CHEMBL253,CB2,CHEMBL1332976,COc1cc2c(cc1NC(=O)C(C)Sc1ccc(NC(C)=O)cc1)oc1ccccc12,4.494850021680094,scaffold_test,O=C(CSc1ccccc1)Nc1ccc2c(c1)oc1ccccc12,ChEMBL
chembl-pic50-20260527T153246Z,CHEMBL253,CB2,CHEMBL1393182,O=C(NCCN1CCOCC1)Nc1ccc(Cl)cc1,5.0,scaffold_test,O=C(NCCN1CCOCC1)Nc1ccccc1,ChEMBL
chembl-pic50-20260527T153246Z,CHEMBL253,CB2,CHEMBL1397703,O=C(Nc1cccc(S(=O)(=O)N2CCOCC2)c1)c1ccc(N2CCCC2=O)cc1,4.494850021680094,scaffold_test,O=C(Nc1cccc(S(=O)(=O)N2CCOCC2)c1)c1ccc(N2CCCC2=O)cc1,ChEMBL
chembl-pic50-20260527T153246Z,CHEMBL253,CB2,CHEMBL1398414,COc1ccc(S(=O)(=O)N2CCOCC2)cc1NC(=O)c1ccc2c(c1)OCO2,4.494850021680094,scaffold_test,O=C(Nc1cccc(S(=O)(=O)N2CCOCC2)c1)c1ccc2c(c1)OCO2,ChEMBL
chembl-pic50-20260527T153246Z,CHEMBL253,CB2,CHEMBL1411573,COc1ccc(-n2cc3c(-c4cccc(Br)c4)nnc(C)c3n2)cc1,5.267606240177032,scaffold_test,c1ccc(-c2nncc3nn(-c4ccccc4)cc23)cc1,ChEMBL
chembl-pic50-20260527T153246Z,CHEMBL253,CB2,CHEMBL1431953,Cc1nnc(-c2cccc(Br)c2)c2cn(-c3ccc(Br)cc3)nc12,4.494850021680094,scaffold_test,c1ccc(-c2nncc3nn(-c4ccccc4)cc23)cc1,ChEMBL
chembl-pic50-20260527T153246Z,CHEMBL253,CB2,CHEMBL1453321,COc1cc2c(cc1NC(=O)CSc1ccccc1)oc1ccccc12,4.494850021680094,scaffold_test,O=C(CSc1ccccc1)Nc1ccc2c(c1)oc1ccccc12,ChEMBL
chembl-pic50-20260527T153246Z,CHEMBL253,CB2,CHEMBL1464477,Cc1ccc(-n2cc3c(-c4cccc(Br)c4)nnc(C)c3n2)cc1,4.623423042943488,scaffold_test,c1ccc(-c2nncc3nn(-c4ccccc4)cc23)cc1,ChEMBL
chembl-pic50-20260527T153246Z,CHEMBL253,CB2,CHEMBL1542448,Cc1nnc(-c2cccc(Br)c2)c2cn(-c3ccccc3)nc12,4.982966660701219,scaffold_test,c1ccc(-c2nncc3nn(-c4ccccc4)cc23)cc1,ChEMBL
chembl-pic50-20260527T153246Z,CHEMBL253,CB2,CHEMBL1567371,Cc1cc(C)c2nc(-c3cccnc3)cc(C(=O)Nc3ccc(S(=O)(=O)Nc4onc(C)c4C)cc3)c2c1,4.494850021680094,scaffold_test,O=C(Nc1ccc(S(=O)(=O)Nc2ccno2)cc1)c1cc(-c2cccnc2)nc2ccccc12,ChEMBL
chembl-pic50-20260527T153246Z,CHEMBL253,CB2,CHEMBL1602521,CCOc1ccc(S(=O)(=O)N2CCOCC2)cc1NC(=O)c1ccc(N2CCCC2=O)cc1,4.494850021680094,scaffold_test,O=C(Nc1cccc(S(=O)(=O)N2CCOCC2)c1)c1ccc(N2CCCC2=O)cc1,ChEMBL
chembl-pic50-20260527T153246Z,CHEMBL253,CB2,CHEMBL1698983,Cc1ccc(-n2cc3c(-c4ccccc4)nnc(C)c3n2)cc1,4.494850021680094,scaffold_test,c1ccc(-c2nncc3nn(-c4ccccc4)cc23)cc1,ChEMBL
chembl-pic50-20260527T153246Z,CHEMBL253,CB2,CHEMBL1701470,CC(C)Oc1ccc(S(=O)(=O)N2CCOCC2)cc1NC(=O)c1ccc(N2CCCC2=O)cc1,4.494850021680094,scaffold_test,O=C(Nc1cccc(S(=O)(=O)N2CCOCC2)c1)c1ccc(N2CCCC2=O)cc1,ChEMBL
chembl-pic50-20260527T153246Z,CHEMBL253,CB2,CHEMBL1701998,Cc1nc(N2CCN(C(=O)c3ccc4c(c3)OCCO4)CC2)c2c3c(sc2n1)CCCC3,4.616184634019569,scaffold_test,O=C(c1ccc2c(c1)OCCO2)N1CCN(c2ncnc3sc4c(c23)CCCC4)CC1,ChEMBL
chembl-pic50-20260527T153246Z,CHEMBL253,CB2,CHEMBL1707517,Cc1ccc(-c2nnc(C)c3nn(-c4ccc(C)cc4)cc23)cc1,4.7447274948966935,scaffold_test,c1ccc(-c2nncc3nn(-c4ccccc4)cc23)cc1,ChEMBL
chembl-pic50-20260527T153246Z,CHEMBL253,CB2,CHEMBL1713770,COc1ccc(-c2nnc(C)c3nn(-c4ccc(C)cc4)cc23)cc1,4.806875401645539,scaffold_test,c1ccc(-c2nncc3nn(-c4ccccc4)cc23)cc1,ChEMBL
chembl-pic50-20260527T153246Z,CHEMBL253,CB2,CHEMBL1715078,N=c1c(C(=O)NCCN2CCOCC2)cc2c(=O)n3ccccc3nc2n1C1CCCC1,4.494850021680094,scaffold_test,N=c1c(C(=O)NCCN2CCOCC2)cc2c(=O)n3ccccc3nc2n1C1CCCC1,ChEMBL
chembl-pic50-20260527T153246Z,CHEMBL253,CB2,CHEMBL1722450,Cc1ccc(-n2cc3c(-c4ccc(Cl)cc4)nnc(C)c3n2)cc1,4.525783735923745,scaffold_test,c1ccc(-c2nncc3nn(-c4ccccc4)cc23)cc1,ChEMBL
chembl-pic50-20260527T153246Z,CHEMBL253,CB2,CHEMBL1726224,Cc1nnc(-c2ccc(Cl)cc2)c2cn(-c3ccccc3)nc12,4.709965388637482,scaffold_test,c1ccc(-c2nncc3nn(-c4ccccc4)cc23)cc1,ChEMBL
chembl-pic50-20260527T153246Z,CHEMBL253,CB2,CHEMBL1726562,COc1ccc(-c2c(-c3ccc(OCCN4CCOCC4)cc3O)n[nH]c2C)cc1,4.5718652059712115,scaffold_test,c1ccc(-c2c[nH]nc2-c2ccc(OCCN3CCOCC3)cc2)cc1,ChEMBL
chembl-pic50-20260527T153246Z,CHEMBL253,CB2,CHEMBL1729109,Cc1ccc(-c2nnc(C)c3nn(-c4ccccc4)cc23)cc1,4.494850021680094,scaffold_test,c1ccc(-c2nncc3nn(-c4ccccc4)cc23)cc1,ChEMBL
chembl-pic50-20260527T153246Z,CHEMBL253,CB2,CHEMBL1730076,COc1ccc(-c2nnc(C)c3nn(-c4ccc(Cl)cc4)cc23)cc1,4.87942606879415,scaffold_test,c1ccc(-c2nncc3nn(-c4ccccc4)cc23)cc1,ChEMBL
chembl-pic50-20260527T153246Z,CHEMBL253,CB2,CHEMBL1731489,O=C(Nc1cc(S(=O)(=O)N2CCOCC2)ccc1OCC(F)(F)F)c1ccc(N2CCCC2=O)cc1,4.494850021680094,scaffold_test,O=C(Nc1cccc(S(=O)(=O)N2CCOCC2)c1)c1ccc(N2CCCC2=O)cc1,ChEMBL
chembl-pic50-20260527T153246Z,CHEMBL253,CB2,CHEMBL1734939,Cc1[nH]nc(-c2ccc(OCCN3CCOCC3)cc2O)c1-c1ccc(Cl)cc1,4.536107011014093,scaffold_test,c1ccc(-c2c[nH]nc2-c2ccc(OCCN3CCOCC3)cc2)cc1,ChEMBL
chembl-pic50-20260527T153246Z,CHEMBL253,CB2,CHEMBL1736438,Cc1nnc(-c2ccccc2)c2cn(-c3ccc(Cl)cc3)nc12,4.494850021680094,scaffold_test,c1ccc(-c2nncc3nn(-c4ccccc4)cc23)cc1,ChEMBL
chembl-pic50-20260527T153246Z,CHEMBL253,CB2,CHEMBL1760941,C[C@@H](NC(=O)c1nc(N2CCC(F)(F)CC2)c2cnccn12)C(C)(C)C,7.443697499232712,scaffold_test,c1cn2cnc(N3CCCCC3)c2cn1,ChEMBL
chembl-pic50-20260527T153246Z,CHEMBL253,CB2,CHEMBL1765092,O=C(c1csc(-c2ccncc2)n1)N1CCC(O)(c2ccccc2)[C@@H]2CCCC[C@@H]21,9.259637310505756,scaffold_test,O=C(c1csc(-c2ccncc2)n1)N1CCC(c2ccccc2)[C@@H]2CCCC[C@@H]21,ChEMBL
chembl-pic50-20260527T153246Z,CHEMBL253,CB2,CHEMBL1765157,O=C(c1cc(-c2ccccc2F)[nH]n1)N1CC[C@](O)(c2ccccc2)[C@H]2CCCC[C@@H]21,5.890759031411797,scaffold_test,O=C(c1cc(-c2ccccc2)[nH]n1)N1CCC(c2ccccc2)[C@H]2CCCC[C@@H]21,ChEMBL
chembl-pic50-20260527T153246Z,CHEMBL253,CB2,CHEMBL1765158,CN1CCC(C(=O)N2CC[C@](O)(c3ccccc3)[C@H]3CCCC[C@@H]32)C1,4.769551078621726,scaffold_test,O=C(C1CCNC1)N1CCC(c2ccccc2)[C@H]2CCCC[C@@H]21,ChEMBL
chembl-pic50-20260527T153246Z,CHEMBL253,CB2,CHEMBL1082305,CC1(C)CC(C(N)=O)c2cc(-c3ccc(Cl)cc3)c(-c3ccc(Cl)cc3Cl)nc2O1,5.605548319173784,train,c1ccc(-c2cc3c(nc2-c2ccccc2)OCCC3)cc1,ChEMBL
chembl-pic50-20260527T153246Z,CHEMBL253,CB2,CHEMBL1082321,CC(C)(CO)NC(=O)C1CC(C)(C)Oc2nc(-c3ccc(Cl)cc3Cl)c(-c3ccc(Cl)cc3)cc21,5.288192770958809,train,c1ccc(-c2cc3c(nc2-c2ccccc2)OCCC3)cc1,ChEMBL
chembl-pic50-20260527T153246Z,CHEMBL253,CB2,CHEMBL1083000,CC1(C)CC(C)(O)c2cc(-c3ccc(Cl)cc3)c(-c3ccc(Cl)cc3Cl)nc2O1,5.534617148551582,train,c1ccc(-c2cc3c(nc2-c2ccccc2)OCCC3)cc1,ChEMBL
chembl-pic50-20260527T153246Z,CHEMBL253,CB2,CHEMBL1083014,CC1(C)CC(NC(=O)CO)c2cc(-c3ccc(Cl)cc3)c(-c3ccc(Cl)cc3Cl)nc2O1,5.320572103387881,train,c1ccc(-c2cc3c(nc2-c2ccccc2)OCCC3)cc1,ChEMBL
chembl-pic50-20260527T153246Z,CHEMBL253,CB2,CHEMBL1083016,CC1(C)CC(NC(=O)C(C)(C)CO)c2cc(-c3ccc(Cl)cc3)c(-c3ccc(Cl)cc3Cl)nc2O1,6.2441251443275085,train,c1ccc(-c2cc3c(nc2-c2ccccc2)OCCC3)cc1,ChEMBL
chembl-pic50-20260527T153246Z,CHEMBL253,CB2,CHEMBL1083025,CC1(C)CC(NC(=O)CCO)c2cc(-c3ccc(Cl)cc3)c(-c3ccc(Cl)cc3Cl)nc2O1,5.609064892896621,train,c1ccc(-c2cc3c(nc2-c2ccccc2)OCCC3)cc1,ChEMBL
chembl-pic50-20260527T153246Z,CHEMBL253,CB2,CHEMBL1083619,C[C@@H](O)C(=O)NC1CC2(CCCCC2)Oc2nc(-c3ccccc3Cl)c(-c3ccc(Cl)cc3)cc21,5.443697499232712,train,c1ccc(-c2cc3c(nc2-c2ccccc2)OC2(CCCCC2)CC3)cc1,ChEMBL
chembl-pic50-20260527T153246Z,CHEMBL253,CB2,CHEMBL1083646,C[C@@H](O)C(=O)NC1CC(C)(C)Oc2nc(-c3ccc(Cl)cc3Cl)c(-c3ccc(Cl)cc3)cc21,5.323306390375134,train,c1ccc(-c2cc3c(nc2-c2ccccc2)OCCC3)cc1,ChEMBL
chembl-pic50-20260527T153246Z,CHEMBL253,CB2,CHEMBL1084039,CC1(C)CC(=O)c2cc(-c3ccc(Cl)cc3)c(-c3ccc(Cl)cc3Cl)nc2O1,5.886056647693163,train,O=C1CCOc2nc(-c3ccccc3)c(-c3ccccc3)cc21,ChEMBL
chembl-pic50-20260527T153246Z,CHEMBL253,CB2,CHEMBL1084471,CC1CC(=O)c2cc(-c3ccc(Cl)cc3)c(-c3ccccc3Cl)nc2O1,5.200659450546418,train,O=C1CCOc2nc(-c3ccccc3)c(-c3ccccc3)cc21,ChEMBL
chembl-pic50-20260527T153246Z,CHEMBL253,CB2,CHEMBL1084555,O=C1CC(c2cccc(F)c2)Oc2nc(-c3ccccc3Cl)c(-c3ccc(Cl)cc3)cc21,5.698970004336019,train,O=C1CC(c2ccccc2)Oc2nc(-c3ccccc3)c(-c3ccccc3)cc21,ChEMBL
chembl-pic50-20260527T153246Z,CHEMBL253,CB2,CHEMBL1084602,CC1(C)CC(=O)c2cc(-c3ccc(Cl)cc3)c(-c3ccccc3Cl)nc2O1,5.638272163982407,train,O=C1CCOc2nc(-c3ccccc3)c(-c3ccccc3)cc21,ChEMBL
chembl-pic50-20260527T153246Z,CHEMBL253,CB2,CHEMBL1084610,C/C=C/C=C/C=C\CC/C=C/C(=O)NCC(C)(C)O,7.229147988357855,train,C/C=C/C=C/C=C\CC/C=C/C(=O)NCC(C)(C)O,ChEMBL
chembl-pic50-20260527T153246Z,CHEMBL253,CB2,CHEMBL1084820,C[C@H](O)C(=O)NC1CC2(CCCCC2)Oc2nc(-c3ccccc3Cl)c(-c3ccc(Cl)cc3)cc21,5.7447274948966935,train,c1ccc(-c2cc3c(nc2-c2ccccc2)OC2(CCCCC2)CC3)cc1,ChEMBL
chembl-pic50-20260527T153246Z,CHEMBL253,CB2,CHEMBL1084848,CCC1(CC)CC(=O)c2cc(-c3ccc(Cl)cc3)c(-c3ccccc3Cl)nc2O1,5.376750709602099,train,O=C1CCOc2nc(-c3ccccc3)c(-c3ccccc3)cc21,ChEMBL
chembl-pic50-20260527T153246Z,CHEMBL253,CB2,CHEMBL1085259,COC1CC(C)(C)Oc2nc(-c3ccc(Cl)cc3Cl)c(-c3ccc(Cl)cc3)cc21,5.421360790031928,train,c1ccc(-c2cc3c(nc2-c2ccccc2)OCCC3)cc1,ChEMBL
chembl-pic50-20260527T153246Z,CHEMBL253,CB2,CHEMBL1085260,CC1(C)CC(N)c2cc(-c3ccc(Cl)cc3)c(-c3ccc(Cl)cc3Cl)nc2O1,5.110138278741812,train,c1ccc(-c2cc3c(nc2-c2ccccc2)OCCC3)cc1,ChEMBL
chembl-pic50-20260527T153246Z,CHEMBL253,CB2,CHEMBL1085261,CC1(C)CC(NC(=O)CO)c2cc(-c3ccc(Cl)cc3)c(-c3ccccc3Cl)nc2O1,5.698970004336019,train,c1ccc(-c2cc3c(nc2-c2ccccc2)OCCC3)cc1,ChEMBL
chembl-pic50-20260527T153246Z,CHEMBL253,CB2,CHEMBL1085566,CC(C)(O)C(=O)NC1CC2(CCCCC2)Oc2nc(-c3ccccc3Cl)c(-c3ccc(Cl)cc3)cc21,5.494850021680094,train,c1ccc(-c2cc3c(nc2-c2ccccc2)OC2(CCCCC2)CC3)cc1,ChEMBL
chembl-pic50-20260527T153246Z,CHEMBL253,CB2,CHEMBL1085732,CC1(C)CC(O)c2cc(-c3ccc(Cl)cc3)c(-c3ccc(Cl)cc3Cl)nc2O1,5.305394801066432,train,c1ccc(-c2cc3c(nc2-c2ccccc2)OCCC3)cc1,ChEMBL
chembl-pic50-20260527T153246Z,CHEMBL253,CB2,CHEMBL1086012,CC(C)C1CC(=O)c2cc(-c3ccc(Cl)cc3)c(-c3ccccc3Cl)nc2O1,5.481486060122113,train,O=C1CCOc2nc(-c3ccccc3)c(-c3ccccc3)cc21,ChEMBL
chembl-pic50-20260527T153246Z,CHEMBL253,CB2,CHEMBL1086013,CC(C)(C)C1CC(=O)c2cc(-c3ccc(Cl)cc3)c(-c3ccccc3Cl)nc2O1,5.468521082957745,train,O=C1CCOc2nc(-c3ccccc3)c(-c3ccccc3)cc21,ChEMBL
chembl-pic50-20260527T153246Z,CHEMBL253,CB2,CHEMBL1086271,O=C1CC2(CCS(=O)(=O)CC2)Oc2nc(-c3ccccc3Cl)c(-c3ccc(Cl)cc3)cc21,5.3872161432802645,train,O=C1CC2(CCS(=O)(=O)CC2)Oc2nc(-c3ccccc3)c(-c3ccccc3)cc21,ChEMBL
chembl-pic50-20260527T153246Z,CHEMBL253,CB2,CHEMBL1086492,CN1CCC2(CC1)CC(=O)c1cc(-c3ccc(Cl)cc3)c(-c3ccccc3Cl)nc1O2,5.698970004336019,train,O=C1CC2(CCNCC2)Oc2nc(-c3ccccc3)c(-c3ccccc3)cc21,ChEMBL
chembl-pic50-20260527T153246Z,CHEMBL253,CB2,CHEMBL1086493,CC(=O)NC1CC2(CCCCC2)Oc2nc(-c3ccccc3Cl)c(-c3ccc(Cl)cc3)cc21,5.4089353929735005,train,c1ccc(-c2cc3c(nc2-c2ccccc2)OC2(CCCCC2)CC3)cc1,ChEMBL
chembl-pic50-20260527T153246Z,CHEMBL253,CB2,CHEMBL1086494,O=C(CO)NC1CC2(CCCCC2)Oc2nc(-c3ccccc3Cl)c(-c3ccc(Cl)cc3)cc21,5.376750709602099,train,c1ccc(-c2cc3c(nc2-c2ccccc2)OC2(CCCCC2)CC3)cc1,ChEMBL
chembl-pic50-20260527T153246Z,CHEMBL253,CB2,CHEMBL1089018,Nc1c(C(=O)c2ccccc2)oc2nc(-c3ccc(Cl)cc3Cl)c(-c3ccc(Cl)cc3)cc12,6.356547323513812,train,O=C(c1ccccc1)c1cc2cc(-c3ccccc3)c(-c3ccccc3)nc2o1,ChEMBL
chembl-pic50-20260527T153246Z,CHEMBL253,CB2,CHEMBL1089032,CC(C)(C)C(=O)c1oc2nc(-c3ccccc3Cl)c(-c3ccc(Cl)cc3)cc2c1NC(=O)CO,5.468521082957745,train,c1ccc(-c2cc3ccoc3nc2-c2ccccc2)cc1,ChEMBL
chembl-pic50-20260527T153246Z,CHEMBL253,CB2,CHEMBL1089337,CCC(=O)c1oc2nc(-c3ccccc3Cl)c(-c3ccc(Cl)cc3)cc2c1N,6.0,train,c1ccc(-c2cc3ccoc3nc2-c2ccccc2)cc1,ChEMBL
chembl-pic50-20260527T153246Z,CHEMBL253,CB2,CHEMBL1089338,CC(C)C(=O)c1oc2nc(-c3ccc(Cl)cc3Cl)c(-c3ccc(Cl)cc3)cc2c1N,6.1938200260161125,train,c1ccc(-c2cc3ccoc3nc2-c2ccccc2)cc1,ChEMBL
chembl-pic50-20260527T153246Z,CHEMBL253,CB2,CHEMBL1089351,CC(C)(C)C(=O)c1oc2nc(-c3ccc(Cl)cc3Cl)c(-c3ccc(Cl)cc3)cc2c1N,6.356547323513812,train,c1ccc(-c2cc3ccoc3nc2-c2ccccc2)cc1,ChEMBL
chembl-pic50-20260527T153246Z,CHEMBL253,CB2,CHEMBL1089352,CC(C)(C)C(=O)c1oc2nc(-c3ccccc3Cl)c(-c3ccc(Cl)cc3)cc2c1N,5.721246399047171,train,c1ccc(-c2cc3ccoc3nc2-c2ccccc2)cc1,ChEMBL
chembl-pic50-20260527T153246Z,CHEMBL253,CB2,CHEMBL1089353,CC(C)(O)C(=O)c1oc2nc(-c3ccccc3Cl)c(-c3ccc(Cl)cc3)cc2c1N,5.6777807052660805,train,c1ccc(-c2cc3ccoc3nc2-c2ccccc2)cc1,ChEMBL
chembl-pic50-20260527T153246Z,CHEMBL253,CB2,CHEMBL1090402,CC(=O)Nc1c(C(=O)C(C)(C)C)oc2nc(-c3ccccc3Cl)c(-c3ccc(Cl)cc3)cc12,5.698970004336019,train,c1ccc(-c2cc3ccoc3nc2-c2ccccc2)cc1,ChEMBL
chembl-pic50-20260527T153246Z,CHEMBL253,CB2,CHEMBL1090403,CN(C)C(=O)Nc1c(C(=O)C(C)(C)C)oc2nc(-c3ccccc3Cl)c(-c3ccc(Cl)cc3)cc12,5.705533773838407,train,c1ccc(-c2cc3ccoc3nc2-c2ccccc2)cc1,ChEMBL
chembl-pic50-20260527T153246Z,CHEMBL253,CB2,CHEMBL1090404,CNCC(=O)Nc1c(C(=O)C(C)(C)C)oc2nc(-c3ccccc3Cl)c(-c3ccc(Cl)cc3)cc12,5.481486060122113,train,c1ccc(-c2cc3ccoc3nc2-c2ccccc2)cc1,ChEMBL
chembl-pic50-20260527T153246Z,CHEMBL253,CB2,CHEMBL1091466,CC(=O)c1oc2nc(-c3ccc(Cl)cc3Cl)c(-c3ccc(Cl)cc3)cc2c1N,6.0,train,c1ccc(-c2cc3ccoc3nc2-c2ccccc2)cc1,ChEMBL
chembl-pic50-20260527T153246Z,CHEMBL253,CB2,CHEMBL1091692,CC(C)C(=O)c1oc2nc(-c3ccccc3Cl)c(-c3ccc(Cl)cc3)cc2c1N,5.886056647693163,train,c1ccc(-c2cc3ccoc3nc2-c2ccccc2)cc1,ChEMBL
chembl-pic50-20260527T153246Z,CHEMBL253,CB2,CHEMBL1091832,CC(C)C(=O)c1oc2nc(-c3ccccc3Cl)c(-c3ccc(Cl)cc3)cc2c1NC(=O)CO,5.292429823902063,train,c1ccc(-c2cc3ccoc3nc2-c2ccccc2)cc1,ChEMBL
chembl-pic50-20260527T153246Z,CHEMBL253,CB2,CHEMBL1092168,CC(=O)Nc1c(C(=O)C(C)(C)O)oc2nc(-c3ccccc3Cl)c(-c3ccc(Cl)cc3)cc12,5.267606240177032,train,c1ccc(-c2cc3ccoc3nc2-c2ccccc2)cc1,ChEMBL
chembl-pic50-20260527T153246Z,CHEMBL253,CB2,CHEMBL1092169,CC(C)(O)C(=O)c1oc2nc(-c3ccccc3Cl)c(-c3ccc(Cl)cc3)cc2c1NC(=O)CO,5.267606240177032,train,c1ccc(-c2cc3ccoc3nc2-c2ccccc2)cc1,ChEMBL
chembl-pic50-20260527T153246Z,CHEMBL253,CB2,CHEMBL1093997,CCC(=O)c1oc2nc(-c3ccc(Cl)cc3Cl)c(-c3ccc(Cl)cc3)cc2c1N,6.443697499232712,train,c1ccc(-c2cc3ccoc3nc2-c2ccccc2)cc1,ChEMBL
chembl-pic50-20260527T153246Z,CHEMBL253,CB2,CHEMBL1094521,C[C@H](O)C(=O)NC1CC(C)(C)Oc2nc(-c3ccc(Cl)cc3Cl)c(-c3ccc(Cl)cc3)cc21,5.318758762624412,train,c1ccc(-c2cc3c(nc2-c2ccccc2)OCCC3)cc1,ChEMBL
chembl-pic50-20260527T153246Z,CHEMBL253,CB2,CHEMBL1094847,CC1(C)CC(NC(=O)C(C)(C)O)c2cc(-c3ccc(Cl)cc3)c(-c3ccc(Cl)cc3Cl)nc2O1,5.6020599913279625,train,c1ccc(-c2cc3c(nc2-c2ccccc2)OCCC3)cc1,ChEMBL
chembl-pic50-20260527T153246Z,CHEMBL253,CB2,CHEMBL1095150,Cc1n[nH]cc1C(=O)N[C@@H]1CC(C)(C)Oc2nc(-c3ccc(Cl)cc3Cl)c(-c3ccc(Cl)cc3)cc21,5.853871964321762,train,O=C(N[C@@H]1CCOc2nc(-c3ccccc3)c(-c3ccccc3)cc21)c1cn[nH]c1,ChEMBL
chembl-pic50-20260527T153246Z,CHEMBL253,CB2,CHEMBL1095151,Cc1n[nH]c(C)c1C(=O)N[C@@H]1CC(C)(C)Oc2nc(-c3ccc(Cl)cc3Cl)c(-c3ccc(Cl)cc3)cc21,5.638272163982407,train,O=C(N[C@@H]1CCOc2nc(-c3ccccc3)c(-c3ccccc3)cc21)c1cn[nH]c1,ChEMBL
chembl-pic50-20260527T153246Z,CHEMBL253,CB2,CHEMBL1095158,Cc1c[nH]nc1C(=O)N[C@@H]1CC(C)(C)Oc2nc(-c3ccc(Cl)cc3Cl)c(-c3ccc(Cl)cc3)cc21,5.657577319177793,train,O=C(N[C@@H]1CCOc2nc(-c3ccccc3)c(-c3ccccc3)cc21)c1cc[nH]n1,ChEMBL
chembl-pic50-20260527T153246Z,CHEMBL253,CB2,CHEMBL1095159,CC1(C)CC(NC(=O)C(F)(F)CO)c2cc(-c3ccc(Cl)cc3)c(-c3ccc(Cl)cc3Cl)nc2O1,5.886056647693163,train,c1ccc(-c2cc3c(nc2-c2ccccc2)OCCC3)cc1,ChEMBL
chembl-pic50-20260527T153246Z,CHEMBL253,CB2,CHEMBL1095211,CC1(C)C[C@@H](NC(=O)CC(O)(C(F)(F)F)C(F)(F)F)c2cc(-c3ccc(Cl)cc3)c(-c3ccc(Cl)cc3Cl)nc2O1,7.251811972993799,train,c1ccc(-c2cc3c(nc2-c2ccccc2)OCCC3)cc1,ChEMBL
chembl-pic50-20260527T153246Z,CHEMBL253,CB2,CHEMBL1095476,Cc1[nH]nc(C(=O)N[C@@H]2CC(C)(C)Oc3nc(-c4ccc(Cl)cc4Cl)c(-c4ccc(Cl)cc4)cc32)c1C,5.853871964321762,train,O=C(N[C@@H]1CCOc2nc(-c3ccccc3)c(-c3ccccc3)cc21)c1cc[nH]n1,ChEMBL
chembl-pic50-20260527T153246Z,CHEMBL253,CB2,CHEMBL1095553,CC1(C)C[C@@H](NC(=O)c2n[nH]c3ccccc23)c2cc(-c3ccc(Cl)cc3)c(-c3ccc(Cl)cc3Cl)nc2O1,4.853871964321762,train,O=C(N[C@@H]1CCOc2nc(-c3ccccc3)c(-c3ccccc3)cc21)c1n[nH]c2ccccc12,ChEMBL
chembl-pic50-20260527T153246Z,CHEMBL253,CB2,CHEMBL1095554,CC1(C)C[C@@H](NC(=O)c2ccc3[nH]ncc3c2)c2cc(-c3ccc(Cl)cc3)c(-c3ccc(Cl)cc3Cl)nc2O1,5.568636235841013,train,O=C(N[C@@H]1CCOc2nc(-c3ccccc3)c(-c3ccccc3)cc21)c1ccc2[nH]ncc2c1,ChEMBL
chembl-pic50-20260527T153246Z,CHEMBL253,CB2,CHEMBL1095789,CCc1cc(C(=O)N[C@@H]2CC(C)(C)Oc3nc(-c4ccc(Cl)cc4Cl)c(-c4ccc(Cl)cc4)cc32)n[nH]1,6.301029995663981,train,O=C(N[C@@H]1CCOc2nc(-c3ccccc3)c(-c3ccccc3)cc21)c1cc[nH]n1,ChEMBL
chembl-pic50-20260527T153246Z,CHEMBL253,CB2,CHEMBL1095990,CC(=O)N[C@@H]1CC(C)(C)Oc2nc(-c3ccc(Cl)cc3Cl)c(-c3ccc(Cl)cc3)cc21,5.920818753952375,train,c1ccc(-c2cc3c(nc2-c2ccccc2)OCCC3)cc1,ChEMBL
chembl-pic50-20260527T153246Z,CHEMBL253,CB2,CHEMBL1096182,Cc1cc(C(=O)N[C@@H]2CC(C)(C)Oc3nc(-c4ccc(Cl)cc4Cl)c(-c4ccc(Cl)cc4)cc32)n[nH]1,5.823908740944319,train,O=C(N[C@@H]1CCOc2nc(-c3ccccc3)c(-c3ccccc3)cc21)c1cc[nH]n1,ChEMBL
chembl-pic50-20260527T153246Z,CHEMBL253,CB2,CHEMBL1096845,CC1(C)C[C@H](NC(=O)CC(O)(C(F)(F)F)C(F)(F)F)c2cc(-c3ccc(Cl)cc3)c(-c3ccc(Cl)cc3Cl)nc2O1,4.769551078621726,train,c1ccc(-c2cc3c(nc2-c2ccccc2)OCCC3)cc1,ChEMBL
chembl-pic50-20260527T153246Z,CHEMBL253,CB2,CHEMBL1097455,CC1(C)CC(NC(=O)C(C)(O)C(F)(F)F)c2cc(-c3ccc(Cl)cc3)c(-c3ccc(Cl)cc3Cl)nc2O1,5.853871964321762,train,c1ccc(-c2cc3c(nc2-c2ccccc2)OCCC3)cc1,ChEMBL
chembl-pic50-20260527T153246Z,CHEMBL253,CB2,CHEMBL1097456,CC1(C)CC(NC(=O)CC(O)C(F)(F)F)c2cc(-c3ccc(Cl)cc3)c(-c3ccc(Cl)cc3Cl)nc2O1,6.6020599913279625,train,c1ccc(-c2cc3c(nc2-c2ccccc2)OCCC3)cc1,ChEMBL
chembl-pic50-20260527T153246Z,CHEMBL253,CB2,CHEMBL1097841,CC1(C)C[C@@H](NC(=O)c2cn[nH]c2)c2cc(-c3ccc(Cl)cc3)c(-c3ccc(Cl)cc3Cl)nc2O1,5.468521082957745,train,O=C(N[C@@H]1CCOc2nc(-c3ccccc3)c(-c3ccccc3)cc21)c1cn[nH]c1,ChEMBL
chembl-pic50-20260527T153246Z,CHEMBL253,CB2,CHEMBL1098847,CC(=O)N[C@H]1CC(C)(C)Oc2nc(-c3ccc(Cl)cc3Cl)c(-c3ccc(Cl)cc3)cc21,5.026872146400302,train,c1ccc(-c2cc3c(nc2-c2ccccc2)OCCC3)cc1,ChEMBL
chembl-pic50-20260527T153246Z,CHEMBL253,CB2,CHEMBL1098876,Cc1nc(C(=O)N[C@@H]2CC(C)(C)Oc3nc(-c4ccc(Cl)cc4Cl)c(-c4ccc(Cl)cc4)cc32)n[nH]1,5.2839966563652006,train,O=C(N[C@@H]1CCOc2nc(-c3ccccc3)c(-c3ccccc3)cc21)c1nc[nH]n1,ChEMBL
chembl-pic50-20260527T153246Z,CHEMBL253,CB2,CHEMBL111,Cc1c(C(=O)NN2CCCCC2)nn(-c2ccc(Cl)cc2Cl)c1-c1ccc(Cl)cc1,6.221848749616356,train,O=C(NN1CCCCC1)c1cc(-c2ccccc2)n(-c2ccccc2)n1,ChEMBL
chembl-pic50-20260527T153246Z,CHEMBL253,CB2,CHEMBL1169572,Cc1cc(Cl)ccc1-c1nc2c(cc1-c1ccc(Cl)cc1)C(NC(=O)C(O)C(F)(F)F)CC(C)(C)O2,5.468521082957745,train,c1ccc(-c2cc3c(nc2-c2ccccc2)OCCC3)cc1,ChEMBL
chembl-pic50-20260527T153246Z,CHEMBL253,CB2,CHEMBL1222966,CC(C)(C)c1nnc(-c2nn(-c3ccc(Cl)cc3Cl)c(-c3ccc(Cl)cc3)c2Cn2cncn2)s1,5.943095148663527,train,c1ccc(-c2c(Cn3cncn3)c(-c3nncs3)nn2-c2ccccc2)cc1,ChEMBL
chembl-pic50-20260527T153246Z,CHEMBL253,CB2,CHEMBL1222969,FC(F)(F)C1(c2nnc(-c3nn(-c4ccc(Cl)cc4Cl)c(-c4ccc(Cl)cc4)c3Cn3cncn3)s2)CCC1,6.296708621881338,train,c1ccc(-c2c(Cn3cncn3)c(-c3nnc(C4CCC4)s3)nn2-c2ccccc2)cc1,ChEMBL
chembl-pic50-20260527T153246Z,CHEMBL253,CB2,CHEMBL1223034,CC(C)(C)c1nnc(-c2nn(-c3ccc(Cl)cc3Cl)c(-c3ccc(Br)cc3)c2Cn2cncn2)s1,6.366531544420414,train,c1ccc(-c2c(Cn3cncn3)c(-c3nncs3)nn2-c2ccccc2)cc1,ChEMBL
chembl-pic50-20260527T153246Z,CHEMBL253,CB2,CHEMBL1223180,FC(F)(F)c1ccccc1-n1nc(-c2nnc(C3(C(F)(F)F)CCC3)s2)c(Cn2cncn2)c1-c1ccc(Cl)cc1,7.114638779968488,train,c1ccc(-c2c(Cn3cncn3)c(-c3nnc(C4CCC4)s3)nn2-c2ccccc2)cc1,ChEMBL
chembl-pic50-20260527T153246Z,CHEMBL253,CB2,CHEMBL1223258,Clc1ccc(-c2c(Cn3cncn3)c(-c3nnc(C4(c5ccc(Cl)cc5)CC4)s3)nn2-c2ccccc2Cl)cc1,6.576754126063192,train,c1ccc(-c2c(Cn3cncn3)c(-c3nnc(C4(c5ccccc5)CC4)s3)nn2-c2ccccc2)cc1,ChEMBL
chembl-pic50-20260527T153246Z,CHEMBL253,CB2,CHEMBL1223259,CC(C)(C)c1nnc(-c2nn(-c3ccccc3Cl)c(-c3ccc(Br)cc3)c2Cn2cncn2)s1,6.260427655549908,train,c1ccc(-c2c(Cn3cncn3)c(-c3nncs3)nn2-c2ccccc2)cc1,ChEMBL
chembl-pic50-20260527T153246Z,CHEMBL253,CB2,CHEMBL1223329,FC(F)(F)C1(c2nnc(-c3nn(-c4ccccc4Cl)c(-c4ccc(Br)cc4)c3Cn3cncn3)s2)CCC1,7.133122185662502,train,c1ccc(-c2c(Cn3cncn3)c(-c3nnc(C4CCC4)s3)nn2-c2ccccc2)cc1,ChEMBL
chembl-pic50-20260527T153246Z,CHEMBL253,CB2,CHEMBL1223330,FC(F)(F)c1ccccc1-n1nc(-c2nnc(C3(C(F)(F)F)CCC3)s2)c(Cn2cncn2)c1-c1ccc(Br)cc1,7.559090917934782,train,c1ccc(-c2c(Cn3cncn3)c(-c3nnc(C4CCC4)s3)nn2-c2ccccc2)cc1,ChEMBL
chembl-pic50-20260527T153246Z,CHEMBL253,CB2,CHEMBL1288088,COc1ccc(/C=C/C(=O)CCC(=O)N2CCCCC2)cc1OC,5.0,train,O=C(/C=C/c1ccccc1)CCC(=O)N1CCCCC1,ChEMBL
chembl-pic50-20260527T153246Z,CHEMBL253,CB2,CHEMBL1288089,COc1ccc(/C=C/C(=O)CCC(=O)NCCO)cc1OC,5.0,train,c1ccccc1,ChEMBL
chembl-pic50-20260527T153246Z,CHEMBL253,CB2,CHEMBL1288118,COc1ccc(/C=C/C(=O)CCC(=O)Nc2ccc(O)cc2)cc1,5.0,train,O=C(/C=C/c1ccccc1)CCC(=O)Nc1ccccc1,ChEMBL
chembl-pic50-20260527T153246Z,CHEMBL253,CB2,CHEMBL1288119,O=C(/C=C/c1ccc2ccccc2c1)CCC(=O)N1CCCCC1,5.0,train,O=C(/C=C/c1ccc2ccccc2c1)CCC(=O)N1CCCCC1,ChEMBL
chembl-pic50-20260527T153246Z,CHEMBL253,CB2,CHEMBL1288148,O=C(/C=C/c1ccc2ccccc2c1)CCC(=O)Nc1ccc(O)cc1,5.0,train,O=C(/C=C/c1ccc2ccccc2c1)CCC(=O)Nc1ccccc1,ChEMBL
chembl-pic50-20260527T153246Z,CHEMBL253,CB2,CHEMBL1288181,O=C(/C=C/c1ccc2ccccc2c1)CCCC(=O)N1CCCCC1,5.0,train,O=C(/C=C/c1ccc2ccccc2c1)CCCC(=O)N1CCCCC1,ChEMBL
chembl-pic50-20260527T153246Z,CHEMBL253,CB2,CHEMBL1288209,O=C(/C=C/c1ccc2ccccc2c1)CCCC(=O)NC1CC1,5.095825631715837,train,O=C(/C=C/c1ccc2ccccc2c1)CCCC(=O)NC1CC1,ChEMBL
chembl-pic50-20260527T153246Z,CHEMBL253,CB2,CHEMBL1305795,COc1ccc(-c2cc(C(=O)Nc3ccc(S(=O)(=O)Nc4ncccn4)cc3)c3ccccc3n2)cc1,4.494850021680094,train,O=C(Nc1ccc(S(=O)(=O)Nc2ncccn2)cc1)c1cc(-c2ccccc2)nc2ccccc12,ChEMBL
chembl-pic50-20260527T153246Z,CHEMBL253,CB2,CHEMBL1310336,Cc1cc(C)c2nc(-c3ccccn3)cc(C(=O)Nc3ccc(S(=O)(=O)Nc4onc(C)c4C)cc3)c2c1,4.494850021680094,train,O=C(Nc1ccc(S(=O)(=O)Nc2ccno2)cc1)c1cc(-c2ccccn2)nc2ccccc12,ChEMBL
chembl-pic50-20260527T153246Z,CHEMBL253,CB2,CHEMBL1336209,CCN(CC)S(=O)(=O)c1ccc(NC(=O)c2cc(-c3cccs3)nc3ccccc23)cc1,4.494850021680094,train,O=C(Nc1ccccc1)c1cc(-c2cccs2)nc2ccccc12,ChEMBL
chembl-pic50-20260527T153246Z,CHEMBL253,CB2,CHEMBL1354041,COc1ccc(NC(=O)c2cnn3c(O)cc(C4CCN(C(=O)OC(C)(C)C)CC4)nc23)cc1Cl,4.494850021680094,train,O=C(Nc1ccccc1)c1cnn2ccc(C3CCNCC3)nc12,ChEMBL
chembl-pic50-20260527T153246Z,CHEMBL253,CB2,CHEMBL1360165,O=C(NCCc1ccccc1)Nc1ccc(Cl)cc1,5.0,train,O=C(NCCc1ccccc1)Nc1ccccc1,ChEMBL
chembl-pic50-20260527T153246Z,CHEMBL253,CB2,CHEMBL1367646,COc1ccc(S(=O)(=O)N2CCOCC2)cc1NC(=O)c1ccc(-n2nc(C)cc2C)cc1,4.494850021680094,train,O=C(Nc1cccc(S(=O)(=O)N2CCOCC2)c1)c1ccc(-n2cccn2)cc1,ChEMBL
chembl-pic50-20260527T153246Z,CHEMBL253,CB2,CHEMBL1368569,CCN(CC)S(=O)(=O)c1ccc(NC(=O)c2cc(-c3ccccc3)nc3ccccc23)cc1,4.966576244513051,train,O=C(Nc1ccccc1)c1cc(-c2ccccc2)nc2ccccc12,ChEMBL
chembl-pic50-20260527T153246Z,CHEMBL253,CB2,CHEMBL1369676,CCCN(CCC)Cc1c(C(=O)NN=C/C(C)=C\c2ccccc2)nnn1-c1nonc1N,4.494850021680094,train,O=C(NN=C/C=C\c1ccccc1)c1cn(-c2cnon2)nn1,ChEMBL
chembl-pic50-20260527T153246Z,CHEMBL253,CB2,CHEMBL1385076,Cc1cccc(N2CCN(C(=O)c3cc(S(=O)(=O)N(C)C)ccc3N3CCCC3)CC2)c1C,4.82102305270683,train,O=C(c1ccccc1N1CCCC1)N1CCN(c2ccccc2)CC1,ChEMBL
chembl-pic50-20260527T153246Z,CHEMBL253,CB2,CHEMBL1389833,CC(C)=CC(=O)Nc1ccc(OCc2ccccc2)cc1,4.494850021680094,train,c1ccc(COc2ccccc2)cc1,ChEMBL
chembl-pic50-20260527T153246Z,CHEMBL253,CB2,CHEMBL1398595,CC(Sc1nc2cc(Cl)ccc2s1)C(=O)Nc1cccc(S(=O)(=O)N2CCOCC2)c1,4.494850021680094,train,O=C(CSc1nc2ccccc2s1)Nc1cccc(S(=O)(=O)N2CCOCC2)c1,ChEMBL
chembl-pic50-20260527T153246Z,CHEMBL253,CB2,CHEMBL1402210,Cc1noc(NS(=O)(=O)c2ccc(NC(=O)c3cc(-c4ccccc4Cl)nc4ccccc34)cc2)c1C,4.494850021680094,train,O=C(Nc1ccc(S(=O)(=O)Nc2ccno2)cc1)c1cc(-c2ccccc2)nc2ccccc12,ChEMBL
chembl-pic50-20260527T153246Z,CHEMBL253,CB2,CHEMBL1402920,Cc1nc(N2CCN(C(=O)c3ccco3)CC2)c2c3c(sc2n1)CCCC3,4.494850021680094,train,O=C(c1ccco1)N1CCN(c2ncnc3sc4c(c23)CCCC4)CC1,ChEMBL
chembl-pic50-20260527T153246Z,CHEMBL253,CB2,CHEMBL1410009,CC(C)(C)NS(=O)(=O)c1ccc(NC(=O)C(Sc2ccccc2)c2ccccc2)cc1,4.494850021680094,train,O=C(Nc1ccccc1)C(Sc1ccccc1)c1ccccc1,ChEMBL
chembl-pic50-20260527T153246Z,CHEMBL253,CB2,CHEMBL1411212,Cc1cccn2c(=O)c3cc(C(=O)NC4CCCC4)c(=N)n(C4CCCC4)c3nc12,4.494850021680094,train,N=c1c(C(=O)NC2CCCC2)cc2c(=O)n3ccccc3nc2n1C1CCCC1,ChEMBL
chembl-pic50-20260527T153246Z,CHEMBL253,CB2,CHEMBL1416169,O=C(Nc1ccc(S(=O)(=O)Nc2nccs2)cc1)c1cc(-c2ccncc2)nc2ccccc12,4.494850021680094,train,O=C(Nc1ccc(S(=O)(=O)Nc2nccs2)cc1)c1cc(-c2ccncc2)nc2ccccc12,ChEMBL
chembl-pic50-20260527T153246Z,CHEMBL253,CB2,CHEMBL1416366,C=CCN(CC=C)S(=O)(=O)c1ccc(NC(=S)NC(=O)c2ccc(-c3ccccc3)cc2)cc1,4.494850021680094,train,O=C(NC(=S)Nc1ccccc1)c1ccc(-c2ccccc2)cc1,ChEMBL
chembl-pic50-20260527T153246Z,CHEMBL253,CB2,CHEMBL1420800,COc1ccc(NS(=O)(=O)c2ccc3[nH]c(COc4cccc5ccccc45)nc3c2)cc1,4.494850021680094,train,O=S(=O)(Nc1ccccc1)c1ccc2[nH]c(COc3cccc4ccccc34)nc2c1,ChEMBL
chembl-pic50-20260527T153246Z,CHEMBL253,CB2,CHEMBL1421591,CCCCC1(Cc2cccc([N+](=O)[O-])c2)C(=O)N(c2ccccc2)N(c2ccccc2)C1=O,4.494850021680094,train,O=C1C(Cc2ccccc2)C(=O)N(c2ccccc2)N1c1ccccc1,ChEMBL
chembl-pic50-20260527T153246Z,CHEMBL253,CB2,CHEMBL1429129,CC1=CC(C)(C)N2C(=O)C3(SCC(=O)N3c3ccc(F)cc3)c3cc(C)cc1c32,4.494850021680094,train,O=C1CSC2(C(=O)N3CC=Cc4cccc2c43)N1c1ccccc1,ChEMBL
chembl-pic50-20260527T153246Z,CHEMBL253,CB2,CHEMBL1430124,Cc1cc(C)nc(NS(=O)(=O)c2ccc(NC(=O)c3cc(-c4ccccc4)nc4ccccc34)cc2)n1,4.494850021680094,train,O=C(Nc1ccc(S(=O)(=O)Nc2ncccn2)cc1)c1cc(-c2ccccc2)nc2ccccc12,ChEMBL
chembl-pic50-20260527T153246Z,CHEMBL253,CB2,CHEMBL1441155,Cc1ccc2nc3c(cc(C(=O)NCc4ccco4)c(=N)n3C3CCCC3)c(=O)n2c1,4.494850021680094,train,N=c1c(C(=O)NCc2ccco2)cc2c(=O)n3ccccc3nc2n1C1CCCC1,ChEMBL
chembl-pic50-20260527T153246Z,CHEMBL253,CB2,CHEMBL1443900,Oc1ccc(-c2[nH]nc(C(F)(F)F)c2-c2ccccc2)c(O)c1,4.494850021680094,train,c1ccc(-c2cn[nH]c2-c2ccccc2)cc1,ChEMBL
chembl-pic50-20260527T153246Z,CHEMBL253,CB2,CHEMBL1445966,Cc1ccc2c(c1)C(c1ccc(O)cc1)(c1ccc(O)cc1)C(=O)N2C,4.494850021680094,train,O=C1Nc2ccccc2C1(c1ccccc1)c1ccccc1,ChEMBL
chembl-pic50-20260527T153246Z,CHEMBL253,CB2,CHEMBL1446359,C/C(C=NNC(=O)c1nnn(-c2nonc2N)c1CN1CCC(C)CC1)=C/c1ccccc1,4.494850021680094,train,O=C(NN=CC=Cc1ccccc1)c1nnn(-c2cnon2)c1CN1CCCCC1,ChEMBL
chembl-pic50-20260527T153246Z,CHEMBL253,CB2,CHEMBL1448070,Cc1cccc(-c2cc(C(=O)Nc3sc(C)c(C)c3C(N)=O)c3ccccc3n2)c1,4.494850021680094,train,O=C(Nc1cccs1)c1cc(-c2ccccc2)nc2ccccc12,ChEMBL
chembl-pic50-20260527T153246Z,CHEMBL253,CB2,CHEMBL1449870,N=c1c(C(=O)NC2CCCC2)cc2c(=O)n3ccccc3nc2n1C1CCCC1,4.494850021680094,train,N=c1c(C(=O)NC2CCCC2)cc2c(=O)n3ccccc3nc2n1C1CCCC1,ChEMBL
chembl-pic50-20260527T153246Z,CHEMBL253,CB2,CHEMBL1452827,CC(C)NS(=O)(=O)c1ccc(NC(=S)NC(=O)c2ccc(-c3ccccc3)cc2)cc1,4.494850021680094,train,O=C(NC(=S)Nc1ccccc1)c1ccc(-c2ccccc2)cc1,ChEMBL
chembl-pic50-20260527T153246Z,CHEMBL253,CB2,CHEMBL1452959,CCN1C(=O)C(c2ccc(O)cc2)(c2ccc(O)cc2)c2ccccc21,4.494850021680094,train,O=C1Nc2ccccc2C1(c1ccccc1)c1ccccc1,ChEMBL
chembl-pic50-20260527T153246Z,CHEMBL253,CB2,CHEMBL1453578,COc1ccc(S(=O)(=O)N2CCOCC2)cc1NC(=O)c1ccc(Cl)cc1,4.494850021680094,train,O=C(Nc1cccc(S(=O)(=O)N2CCOCC2)c1)c1ccccc1,ChEMBL
chembl-pic50-20260527T153246Z,CHEMBL253,CB2,CHEMBL1459029,COc1ccc2c(c1)cc(C)c1nnc(SCC(=O)N(C)c3nc(-c4ccccc4)cs3)n12,4.494850021680094,train,O=C(CSc1nnc2ccc3ccccc3n12)Nc1nc(-c2ccccc2)cs1,ChEMBL
chembl-pic50-20260527T153246Z,CHEMBL253,CB2,CHEMBL1460039,COc1ccc(-c2c(C(F)(F)F)n[nH]c2-c2ccc(O)cc2O)cc1,4.494850021680094,train,c1ccc(-c2cn[nH]c2-c2ccccc2)cc1,ChEMBL
chembl-pic50-20260527T153246Z,CHEMBL253,CB2,CHEMBL1465869,Cc1ccc2nc(-c3ccccn3)cc(C(=O)Nc3ccc(S(=O)(=O)N4CCOCC4)cc3)c2c1,4.494850021680094,train,O=C(Nc1ccc(S(=O)(=O)N2CCOCC2)cc1)c1cc(-c2ccccn2)nc2ccccc12,ChEMBL
chembl-pic50-20260527T153246Z,CHEMBL253,CB2,CHEMBL1466203,COC(=O)C1=C(N)c2c(F)cccc2C1(C#N)c1ccc(F)cc1,4.494850021680094,train,C1=CC(c2ccccc2)c2ccccc21,ChEMBL
chembl-pic50-20260527T153246Z,CHEMBL253,CB2,CHEMBL1468612,CC(C)(C)OC(=O)N1CCC(c2cc(O)n3ncc(C(=O)Nc4ccc(F)c(Cl)c4)c3n2)CC1,4.494850021680094,train,O=C(Nc1ccccc1)c1cnn2ccc(C3CCNCC3)nc12,ChEMBL
chembl-pic50-20260527T153246Z,CHEMBL253,CB2,CHEMBL1469952,CCCN(CCC)Cc1c(C(=O)NN=Cc2c[nH]c3ccccc23)nnn1-c1nonc1N,4.494850021680094,train,O=C(NN=Cc1c[nH]c2ccccc12)c1cn(-c2cnon2)nn1,ChEMBL
chembl-pic50-20260527T153246Z,CHEMBL253,CB2,CHEMBL1471590,CCCN(CCC)Cc1c(C(=O)NN=C/C(C)=C\c2ccco2)nnn1-c1nonc1N,4.494850021680094,train,O=C(NN=C/C=C\c1ccco1)c1cn(-c2cnon2)nn1,ChEMBL
chembl-pic50-20260527T153246Z,CHEMBL253,CB2,CHEMBL1481494,COc1ccc(-c2cc(C(=O)Nc3ccc(S(=O)(=O)Nc4onc(C)c4C)cc3)c3ccccc3n2)cc1,4.494850021680094,train,O=C(Nc1ccc(S(=O)(=O)Nc2ccno2)cc1)c1cc(-c2ccccc2)nc2ccccc12,ChEMBL
chembl-pic50-20260527T153246Z,CHEMBL253,CB2,CHEMBL1484306,Cc1nc(N2CCN(C(=O)c3ccco3)CC2)c2c3c(sc2n1)CC(C)CC3,4.494850021680094,train,O=C(c1ccco1)N1CCN(c2ncnc3sc4c(c23)CCCC4)CC1,ChEMBL
chembl-pic50-20260527T153246Z,CHEMBL253,CB2,CHEMBL1506227,O=C(NCCc1ccncc1)Nc1ccc(Cl)cc1,5.0,train,O=C(NCCc1ccncc1)Nc1ccccc1,ChEMBL
chembl-pic50-20260527T153246Z,CHEMBL253,CB2,CHEMBL1507172,Cc1cc(C)c2nc(-c3ccccn3)cc(C(=O)Nc3ccc(S(=O)(=O)Nc4cc(C)on4)cc3)c2c1,4.494850021680094,train,O=C(Nc1ccc(S(=O)(=O)Nc2ccon2)cc1)c1cc(-c2ccccn2)nc2ccccc12,ChEMBL
chembl-pic50-20260527T153246Z,CHEMBL253,CB2,CHEMBL1507657,O=C(c1ccco1)N1CCN(c2nc(C3CC3)nc3sc4c(c23)CCCC4)CC1,4.494850021680094,train,O=C(c1ccco1)N1CCN(c2nc(C3CC3)nc3sc4c(c23)CCCC4)CC1,ChEMBL
chembl-pic50-20260527T153246Z,CHEMBL253,CB2,CHEMBL1531383,COc1ccc(Cn2c(-c3ccc(OC)cc3)nc3ccccc32)cc1,5.568636235841013,train,c1ccc(Cn2c(-c3ccccc3)nc3ccccc32)cc1,ChEMBL
chembl-pic50-20260527T153246Z,CHEMBL253,CB2,CHEMBL1532240,COc1ccccc1/C=C/C(=O)NC(=S)Nc1ccc(S(=O)(=O)N(C)c2ccccc2)cc1,4.494850021680094,train,O=C(/C=C/c1ccccc1)NC(=S)Nc1ccc(S(=O)(=O)Nc2ccccc2)cc1,ChEMBL
chembl-pic50-20260527T153246Z,CHEMBL253,CB2,CHEMBL1542604,COc1ccc(-c2[nH]nc(C)c2-c2ccc(Cl)cc2)c(O)c1,5.282329496997738,train,c1ccc(-c2cn[nH]c2-c2ccccc2)cc1,ChEMBL
chembl-pic50-20260527T153246Z,CHEMBL253,CB2,CHEMBL1544821,O=C(CSc1nc2ccccc2s1)N1c2ccccc2Sc2ccc(C(F)(F)F)cc21,4.494850021680094,train,O=C(CSc1nc2ccccc2s1)N1c2ccccc2Sc2ccccc21,ChEMBL
chembl-pic50-20260527T153246Z,CHEMBL253,CB2,CHEMBL1545109,CCCCC1(Cc2ccc(OC)c([N+](=O)[O-])c2)C(=O)N(c2ccccc2)N(c2ccccc2)C1=O,4.494850021680094,train,O=C1C(Cc2ccccc2)C(=O)N(c2ccccc2)N1c1ccccc1,ChEMBL
chembl-pic50-20260527T153246Z,CHEMBL253,CB2,CHEMBL1545328,O=C(CSc1nc2ccccc2s1)N1c2ccccc2Sc2ccc(Cl)cc21,4.494850021680094,train,O=C(CSc1nc2ccccc2s1)N1c2ccccc2Sc2ccccc21,ChEMBL
chembl-pic50-20260527T153246Z,CHEMBL253,CB2,CHEMBL1546161,Cc1n[nH]c(-c2ccc(O)cc2O)c1-c1ccc(Cl)cc1,4.494850021680094,train,c1ccc(-c2cn[nH]c2-c2ccccc2)cc1,ChEMBL
chembl-pic50-20260527T153246Z,CHEMBL253,CB2,CHEMBL1549881,Cc1n[nH]c(-c2ccc(O)c(C)c2O)c1Oc1ccccc1,4.494850021680094,train,c1ccc(Oc2cn[nH]c2-c2ccccc2)cc1,ChEMBL
chembl-pic50-20260527T153246Z,CHEMBL253,CB2,CHEMBL1553629,CCc1c(C(=O)NCCc2ccc(N3CCCCC3)cc2)[nH]c2ccc(Cl)cc12,5.0,train,O=C(NCCc1ccc(N2CCCCC2)cc1)c1cc2ccccc2[nH]1,ChEMBL
chembl-pic50-20260527T153246Z,CHEMBL253,CB2,CHEMBL1569796,O=C(NCCN1CCCCC1)Nc1ccc(Cl)cc1,5.0,train,O=C(NCCN1CCCCC1)Nc1ccccc1,ChEMBL
chembl-pic50-20260527T153246Z,CHEMBL253,CB2,CHEMBL1569918,Cc1occc1C(=O)Nc1ccc(OCc2ccccc2)cc1,4.494850021680094,train,O=C(Nc1ccc(OCc2ccccc2)cc1)c1ccoc1,ChEMBL
chembl-pic50-20260527T153246Z,CHEMBL253,CB2,CHEMBL1572633,COC(=O)C1=C(N)c2ccccc2C1(C#N)c1ccccc1,4.494850021680094,train,C1=CC(c2ccccc2)c2ccccc21,ChEMBL
chembl-pic50-20260527T153246Z,CHEMBL253,CB2,CHEMBL1575373,Cc1cc(OCC(=O)Nc2ccc(S(=O)(=O)NC3=NCCCCC3)cc2)c(C(C)C)cc1Cl,4.494850021680094,train,O=C(COc1ccccc1)Nc1ccc(S(=O)(=O)NC2=NCCCCC2)cc1,ChEMBL
chembl-pic50-20260527T153246Z,CHEMBL253,CB2,CHEMBL1578189,Cc1cccn2c(=O)c3cc(C(=O)NCc4ccco4)c(=N)n(C4CCCC4)c3nc12,4.494850021680094,train,N=c1c(C(=O)NCc2ccco2)cc2c(=O)n3ccccc3nc2n1C1CCCC1,ChEMBL
chembl-pic50-20260527T153246Z,CHEMBL253,CB2,CHEMBL1581985,CC1=CC(C)(C)N2C(=O)C3(SCC(=O)N3c3ccc(O)cc3)c3cc(C)cc1c32,4.494850021680094,train,O=C1CSC2(C(=O)N3CC=Cc4cccc2c43)N1c1ccccc1,ChEMBL
chembl-pic50-20260527T153246Z,CHEMBL253,CB2,CHEMBL1582765,COC(=O)C1=C(N)c2c(F)cccc2C1(C#N)c1ccccc1,4.494850021680094,train,C1=CC(c2ccccc2)c2ccccc21,ChEMBL
chembl-pic50-20260527T153246Z,CHEMBL253,CB2,CHEMBL1585996,CN(C)S(=O)(=O)c1ccc(N2CCCC2)c(C(=O)N2CCN(c3ccc([N+](=O)[O-])cc3)CC2)c1,4.494850021680094,train,O=C(c1ccccc1N1CCCC1)N1CCN(c2ccccc2)CC1,ChEMBL
chembl-pic50-20260527T153246Z,CHEMBL253,CB2,CHEMBL1586567,N=c1c(C(=O)NCc2ccco2)cc2c(=O)n3ccccc3nc2n1C1CCCC1,4.494850021680094,train,N=c1c(C(=O)NCc2ccco2)cc2c(=O)n3ccccc3nc2n1C1CCCC1,ChEMBL
chembl-pic50-20260527T153246Z,CHEMBL253,CB2,CHEMBL1586706,Cc1ccc(-c2cc(C(=O)Nc3ccc(S(=O)(=O)Nc4cc(C)on4)cc3)c3ccccc3n2)c(C)c1,4.494850021680094,train,O=C(Nc1ccc(S(=O)(=O)Nc2ccon2)cc1)c1cc(-c2ccccc2)nc2ccccc12,ChEMBL
chembl-pic50-20260527T153246Z,CHEMBL253,CB2,CHEMBL158784,CN/C(=N\S(=O)(=O)c1ccc(Cl)cc1)N1CC(c2ccccc2)C(c2ccc(Cl)cc2)=N1,5.301029995663981,train,O=S(=O)(N=CN1CC(c2ccccc2)C(c2ccccc2)=N1)c1ccccc1,ChEMBL
chembl-pic50-20260527T153246Z,CHEMBL253,CB2,CHEMBL1592197,CCOc1ccccc1N1CCN(C(=O)c2cc(S(=O)(=O)N(C)C)ccc2N2CCCC2)CC1,4.494850021680094,train,O=C(c1ccccc1N1CCCC1)N1CCN(c2ccccc2)CC1,ChEMBL
chembl-pic50-20260527T153246Z,CHEMBL253,CB2,CHEMBL1611658,CCC(C)NS(=O)(=O)c1ccc(NC(=O)C(Sc2ccccc2)c2ccccc2)cc1,4.494850021680094,train,O=C(Nc1ccccc1)C(Sc1ccccc1)c1ccccc1,ChEMBL
chembl-pic50-20260527T153246Z,CHEMBL253,CB2,CHEMBL1613157,COc1ccc(CNCCC(c2ccccc2)c2ccc3c(c2)OCO3)cc1,4.494850021680094,train,c1ccc(CNCCC(c2ccccc2)c2ccc3c(c2)OCO3)cc1,ChEMBL
chembl-pic50-20260527T153246Z,CHEMBL253,CB2,CHEMBL1697974,COc1ccc(S(=O)(=O)N2CCOCC2)cc1NC(=O)c1cc2c(s1)CCCCCC2,4.494850021680094,train,O=C(Nc1cccc(S(=O)(=O)N2CCOCC2)c1)c1cc2c(s1)CCCCCC2,ChEMBL
chembl-pic50-20260527T153246Z,CHEMBL253,CB2,CHEMBL1698243,CCOc1ccc(-c2n[nH]c(C)c2-c2ccc(OC)cc2)c(O)c1,5.421360790031928,train,c1ccc(-c2c[nH]nc2-c2ccccc2)cc1,ChEMBL
chembl-pic50-20260527T153246Z,CHEMBL253,CB2,CHEMBL1698745,Cc1ccc2nc3c(cc(C(=O)NC4CCCC4)c(=N)n3C3CCCC3)c(=O)n2c1,4.494850021680094,train,N=c1c(C(=O)NC2CCCC2)cc2c(=O)n3ccccc3nc2n1C1CCCC1,ChEMBL
chembl-pic50-20260527T153246Z,CHEMBL253,CB2,CHEMBL1699880,Cc1ccc(-c2csc(NC(=O)CSc3nnc4cc(C)c5ccccc5n34)n2)cc1,4.494850021680094,train,O=C(CSc1nnc2ccc3ccccc3n12)Nc1nc(-c2ccccc2)cs1,ChEMBL
chembl-pic50-20260527T153246Z,CHEMBL253,CB2,CHEMBL1700716,CC(C)NC(=O)c1cc2c(=O)n3ccccc3nc2n(C2CCCC2)c1=N,4.494850021680094,train,N=c1ccc2c(=O)n3ccccc3nc2n1C1CCCC1,ChEMBL
chembl-pic50-20260527T153246Z,CHEMBL253,CB2,CHEMBL1703285,Cc1nc(N2CCN(C(=O)NCc3ccccc3)CC2)c2c3c(sc2n1)CCCC3,4.818156412055227,train,O=C(NCc1ccccc1)N1CCN(c2ncnc3sc4c(c23)CCCC4)CC1,ChEMBL
chembl-pic50-20260527T153246Z,CHEMBL253,CB2,CHEMBL1703615,COCCCNC(=O)c1cc2c(=O)n3ccccc3nc2n(C2CCCC2)c1=N,4.494850021680094,train,N=c1ccc2c(=O)n3ccccc3nc2n1C1CCCC1,ChEMBL
chembl-pic50-20260527T153246Z,CHEMBL253,CB2,CHEMBL1703896,Cc1nc(N2CCN(C(=O)COc3ccccc3C)CC2)c2c3c(sc2n1)CCCC3,4.882728704344236,train,O=C(COc1ccccc1)N1CCN(c2ncnc3sc4c(c23)CCCC4)CC1,ChEMBL
chembl-pic50-20260527T153246Z,CHEMBL253,CB2,CHEMBL1704166,Cc1cccc(N2CCN(C(=O)c3cccc(S(=O)(=O)N4CCCCC4)c3)CC2)c1C,4.494850021680094,train,O=C(c1cccc(S(=O)(=O)N2CCCCC2)c1)N1CCN(c2ccccc2)CC1,ChEMBL
chembl-pic50-20260527T153246Z,CHEMBL253,CB2,CHEMBL1705015,CC(C)Oc1ccc(S(=O)(=O)N2CCOCC2)cc1NC(=O)c1cc2ccccc2s1,4.494850021680094,train,O=C(Nc1cccc(S(=O)(=O)N2CCOCC2)c1)c1cc2ccccc2s1,ChEMBL
chembl-pic50-20260527T153246Z,CHEMBL253,CB2,CHEMBL1705027,CCc1sc(C(=O)Nc2cc(S(=O)(=O)N3CCOCC3)ccc2OC)cc1C,4.494850021680094,train,O=C(Nc1cccc(S(=O)(=O)N2CCOCC2)c1)c1cccs1,ChEMBL
chembl-pic50-20260527T153246Z,CHEMBL253,CB2,CHEMBL1705660,CCNC(=O)c1cc2c(=O)n3ccccc3nc2n(C2CCCC2)c1=N,4.494850021680094,train,N=c1ccc2c(=O)n3ccccc3nc2n1C1CCCC1,ChEMBL
chembl-pic50-20260527T153246Z,CHEMBL253,CB2,CHEMBL1705807,Cc1nc(N2CCN(C(=O)C3CCCO3)CC2)c2c3c(sc2n1)CCCC3,4.494850021680094,train,O=C(C1CCCO1)N1CCN(c2ncnc3sc4c(c23)CCCC4)CC1,ChEMBL
chembl-pic50-20260527T153246Z,CHEMBL253,CB2,CHEMBL1706882,Cc1nc(N2CCN(C(=O)c3ccc4c(c3)nc(C)n4C)CC2)c2c3c(sc2n1)CC(C)CC3,4.494850021680094,train,O=C(c1ccc2[nH]cnc2c1)N1CCN(c2ncnc3sc4c(c23)CCCC4)CC1,ChEMBL
chembl-pic50-20260527T153246Z,CHEMBL253,CB2,CHEMBL1708243,CCOc1ccc(-c2n[nH]c(C)c2-c2ccccc2)c(O)c1,4.623423042943488,train,c1ccc(-c2c[nH]nc2-c2ccccc2)cc1,ChEMBL
chembl-pic50-20260527T153246Z,CHEMBL253,CB2,CHEMBL1709480,O=C(Cc1ccc2c(c1)OCO2)N1CCC(n2nc(-c3ccccc3)oc2=O)CC1,4.494850021680094,train,O=C(Cc1ccc2c(c1)OCO2)N1CCC(n2nc(-c3ccccc3)oc2=O)CC1,ChEMBL
chembl-pic50-20260527T153246Z,CHEMBL253,CB2,CHEMBL1709590,O=C(Nc1cc(S(=O)(=O)N2CCOCC2)ccc1N1CCCC1)c1cc2c(s1)CCCC2,4.494850021680094,train,O=C(Nc1cc(S(=O)(=O)N2CCOCC2)ccc1N1CCCC1)c1cc2c(s1)CCCC2,ChEMBL
chembl-pic50-20260527T153246Z,CHEMBL253,CB2,CHEMBL1709725,Cc1ccccc1N1CCN(C(=O)c2cc(S(=O)(=O)N3CCCCC3)ccc2N2CCCC2)CC1,4.494850021680094,train,O=C(c1cc(S(=O)(=O)N2CCCCC2)ccc1N1CCCC1)N1CCN(c2ccccc2)CC1,ChEMBL
chembl-pic50-20260527T153246Z,CHEMBL253,CB2,CHEMBL1710129,Cc1nc(N2CCN(C(=O)C(C)C)CC2)c2c3c(sc2n1)CCCC3,4.494850021680094,train,c1nc(N2CCNCC2)c2c3c(sc2n1)CCCC3,ChEMBL
chembl-pic50-20260527T153246Z,CHEMBL253,CB2,CHEMBL1712952,COc1ccc(S(=O)(=O)N2CCOCC2)cc1NC(=O)c1ccc(OC(F)F)cc1,4.494850021680094,train,O=C(Nc1cccc(S(=O)(=O)N2CCOCC2)c1)c1ccccc1,ChEMBL
chembl-pic50-20260527T153246Z,CHEMBL253,CB2,CHEMBL1713121,CN(C)S(=O)(=O)c1ccc(Cl)c(C(=O)N2CCN(c3ccc([N+](=O)[O-])cc3)CC2)c1,4.494850021680094,train,O=C(c1ccccc1)N1CCN(c2ccccc2)CC1,ChEMBL
chembl-pic50-20260527T153246Z,CHEMBL253,CB2,CHEMBL1713756,COc1ccc(-n2cc3c(-c4ccc(-c5ccccc5)cc4)nnc(C)c3n2)cc1,5.679853713888946,train,c1ccc(-c2ccc(-c3nncc4nn(-c5ccccc5)cc34)cc2)cc1,ChEMBL
chembl-pic50-20260527T153246Z,CHEMBL253,CB2,CHEMBL1714272,COc1ccc(-c2csc(NC(=O)CSc3nnc4c(C)cc5ccccc5n34)n2)cc1,4.494850021680094,train,O=C(CSc1nnc2ccc3ccccc3n12)Nc1nc(-c2ccccc2)cs1,ChEMBL
chembl-pic50-20260527T153246Z,CHEMBL253,CB2,CHEMBL1715275,Cc1nc(N2CCN(C(=O)c3ccccc3)CC2)c2c3c(sc2n1)CC(C)CC3,5.037157318798758,train,O=C(c1ccccc1)N1CCN(c2ncnc3sc4c(c23)CCCC4)CC1,ChEMBL
chembl-pic50-20260527T153246Z,CHEMBL253,CB2,CHEMBL1715363,Cc1cccc(N2CCN(C(=O)c3cc(S(=O)(=O)N(C)C)ccc3Cl)CC2)c1C,4.494850021680094,train,O=C(c1ccccc1)N1CCN(c2ccccc2)CC1,ChEMBL
chembl-pic50-20260527T153246Z,CHEMBL253,CB2,CHEMBL1715811,COc1ccc(S(=O)(=O)N2CCOCC2)cc1NC(=O)c1sc2cccc(F)c2c1C,4.494850021680094,train,O=C(Nc1cccc(S(=O)(=O)N2CCOCC2)c1)c1cc2ccccc2s1,ChEMBL
chembl-pic50-20260527T153246Z,CHEMBL253,CB2,CHEMBL1717402,CNC(=O)c1cc2c(=O)n3ccccc3nc2n(C2CCCC2)c1=N,4.494850021680094,train,N=c1ccc2c(=O)n3ccccc3nc2n1C1CCCC1,ChEMBL
chembl-pic50-20260527T153246Z,CHEMBL253,CB2,CHEMBL1717635,CCCc1cc(C(=O)Nc2cc(S(=O)(=O)N3CCOCC3)ccc2OC)sc1C,4.494850021680094,train,O=C(Nc1cccc(S(=O)(=O)N2CCOCC2)c1)c1cccs1,ChEMBL
chembl-pic50-20260527T153246Z,CHEMBL253,CB2,CHEMBL1718220,Cc1nnc(-c2cccc3ccccc23)c2cn(-c3cccc(Br)c3)nc12,5.412289034981089,train,c1ccc(-n2cc3c(-c4cccc5ccccc45)nncc3n2)cc1,ChEMBL
chembl-pic50-20260527T153246Z,CHEMBL253,CB2,CHEMBL1718432,COc1ccc2cc(C)c3nnc(SCC(=O)Nc4nc(-c5ccc(F)cc5)cs4)n3c2c1,4.494850021680094,train,O=C(CSc1nnc2ccc3ccccc3n12)Nc1nc(-c2ccccc2)cs1,ChEMBL
chembl-pic50-20260527T153246Z,CHEMBL253,CB2,CHEMBL1718537,Cc1nc(N2CCN(C(=O)C3CCCCC3)CC2)c2c3c(sc2n1)CCCC3,4.774690718274137,train,O=C(C1CCCCC1)N1CCN(c2ncnc3sc4c(c23)CCCC4)CC1,ChEMBL
chembl-pic50-20260527T153246Z,CHEMBL253,CB2,CHEMBL1718746,Cc1cccc(N2CCN(C(=O)c3cccc(S(=O)(=O)N(C)C)c3)CC2)c1C,4.494850021680094,train,O=C(c1ccccc1)N1CCN(c2ccccc2)CC1,ChEMBL
chembl-pic50-20260527T153246Z,CHEMBL253,CB2,CHEMBL1719997,COc1ccc2c(c1)cc(C)c1nnc(SCC(=O)Nc3nc(C)cs3)n12,4.494850021680094,train,O=C(CSc1nnc2ccc3ccccc3n12)Nc1nccs1,ChEMBL
chembl-pic50-20260527T153246Z,CHEMBL253,CB2,CHEMBL1720072,N=c1c(C(=O)NCc2cccnc2)cc2c(=O)n3ccccc3nc2n1C1CCCC1,4.494850021680094,train,N=c1c(C(=O)NCc2cccnc2)cc2c(=O)n3ccccc3nc2n1C1CCCC1,ChEMBL
chembl-pic50-20260527T153246Z,CHEMBL253,CB2,CHEMBL1721058,N=c1c(C(=O)NCCc2ccccc2)cc2c(=O)n3ccccc3nc2n1C1CCCC1,4.494850021680094,train,N=c1c(C(=O)NCCc2ccccc2)cc2c(=O)n3ccccc3nc2n1C1CCCC1,ChEMBL
chembl-pic50-20260527T153246Z,CHEMBL253,CB2,CHEMBL1721827,Cc1nc(N2CCN(C(=O)C3CC3)CC2)c2c3c(sc2n1)CC(C)CC3,4.494850021680094,train,O=C(C1CC1)N1CCN(c2ncnc3sc4c(c23)CCCC4)CC1,ChEMBL
chembl-pic50-20260527T153246Z,CHEMBL253,CB2,CHEMBL1722769,COc1ccc(S(=O)(=O)N2CCOCC2)cc1NC(=O)c1ccc(OCC(C)C)c(OC)c1,4.494850021680094,train,O=C(Nc1cccc(S(=O)(=O)N2CCOCC2)c1)c1ccccc1,ChEMBL
chembl-pic50-20260527T153246Z,CHEMBL253,CB2,CHEMBL1724290,COc1ccc(-c2csc(NC(=O)CSc3nnc4c(C)cc5cc6c(cc5n34)OCCO6)n2)cc1,4.494850021680094,train,O=C(CSc1nnc2ccc3cc4c(cc3n12)OCCO4)Nc1nc(-c2ccccc2)cs1,ChEMBL
chembl-pic50-20260527T153246Z,CHEMBL253,CB2,CHEMBL1724622,CN(C)S(=O)(=O)c1ccc(N2CCCC2)c(C(=O)N2CCN(c3ccccc3)CC2)c1,4.494850021680094,train,O=C(c1ccccc1N1CCCC1)N1CCN(c2ccccc2)CC1,ChEMBL
chembl-pic50-20260527T153246Z,CHEMBL253,CB2,CHEMBL1724849,CN(C)S(=O)(=O)c1ccc(N2CCCC2)c(C(=O)N2CCN(c3cccc(Cl)c3)CC2)c1,4.494850021680094,train,O=C(c1ccccc1N1CCCC1)N1CCN(c2ccccc2)CC1,ChEMBL
chembl-pic50-20260527T153246Z,CHEMBL253,CB2,CHEMBL1725618,Cc1[nH]nc(-c2ccc(O)cc2O)c1-c1ccc(Br)cc1,5.036212172654444,train,c1ccc(-c2c[nH]nc2-c2ccccc2)cc1,ChEMBL
chembl-pic50-20260527T153246Z,CHEMBL253,CB2,CHEMBL1725686,Cc1cccc(OCC(=O)N2CCN(c3nc(C)nc4sc5c(c34)CCCC5)CC2)c1,4.958607314841775,train,O=C(COc1ccccc1)N1CCN(c2ncnc3sc4c(c23)CCCC4)CC1,ChEMBL
chembl-pic50-20260527T153246Z,CHEMBL253,CB2,CHEMBL1727053,CC(C)(C)c1ccc(-c2c(-c3nc4ccccc4[nH]3)n[nH]c2-c2ccccc2)cc1,4.856985199745905,train,c1ccc(-c2[nH]nc(-c3nc4ccccc4[nH]3)c2-c2ccccc2)cc1,ChEMBL
chembl-pic50-20260527T153246Z,CHEMBL253,CB2,CHEMBL1727119,Cc1cccc(N2CCN(C(=O)c3cccc(S(=O)(=O)N4CCOCC4)c3)CC2)c1C,4.494850021680094,train,O=C(c1cccc(S(=O)(=O)N2CCOCC2)c1)N1CCN(c2ccccc2)CC1,ChEMBL
chembl-pic50-20260527T153246Z,CHEMBL253,CB2,CHEMBL1730381,N=c1c(C(=O)NCc2ccccc2)cc2c(=O)n3ccccc3nc2n1C1CCCC1,4.494850021680094,train,N=c1c(C(=O)NCc2ccccc2)cc2c(=O)n3ccccc3nc2n1C1CCCC1,ChEMBL
chembl-pic50-20260527T153246Z,CHEMBL253,CB2,CHEMBL1730617,CCc1cc(C(=O)Nc2cc(S(=O)(=O)N3CCOCC3)ccc2OC)sc1C,4.494850021680094,train,O=C(Nc1cccc(S(=O)(=O)N2CCOCC2)c1)c1cccs1,ChEMBL
chembl-pic50-20260527T153246Z,CHEMBL253,CB2,CHEMBL1732131,Cc1ccc2cc(C)c3nnc(SCC(=O)N(C)c4nc(-c5ccccc5)cs4)n3c2c1,4.494850021680094,train,O=C(CSc1nnc2ccc3ccccc3n12)Nc1nc(-c2ccccc2)cs1,ChEMBL
chembl-pic50-20260527T153246Z,CHEMBL253,CB2,CHEMBL1733298,Cc1ccc(Cl)cc1N1CCN(C(=O)c2cc(S(=O)(=O)N(C)C)ccc2N2CCCC2)CC1,4.494850021680094,train,O=C(c1ccccc1N1CCCC1)N1CCN(c2ccccc2)CC1,ChEMBL
chembl-pic50-20260527T153246Z,CHEMBL253,CB2,CHEMBL1733320,N=c1c(C(=O)NC2CCCCC2)cc2c(=O)n3ccccc3nc2n1C1CCCC1,4.494850021680094,train,N=c1c(C(=O)NC2CCCCC2)cc2c(=O)n3ccccc3nc2n1C1CCCC1,ChEMBL
chembl-pic50-20260527T153246Z,CHEMBL253,CB2,CHEMBL1733898,COc1ccc(S(=O)(=O)N2CCOCC2)cc1NC(=O)c1cc2c(s1)CCCCC2,4.494850021680094,train,O=C(Nc1cccc(S(=O)(=O)N2CCOCC2)c1)c1cc2c(s1)CCCCC2,ChEMBL
chembl-pic50-20260527T153246Z,CHEMBL253,CB2,CHEMBL1734382,Cc1cc2cc3c(cc2n2c(SCC(=O)Nc4nc(-c5ccccc5)cs4)nnc12)OCCO3,4.494850021680094,train,O=C(CSc1nnc2ccc3cc4c(cc3n12)OCCO4)Nc1nc(-c2ccccc2)cs1,ChEMBL
chembl-pic50-20260527T153246Z,CHEMBL253,CB2,CHEMBL1735479,CC(C)Oc1ccc(S(=O)(=O)N2CCOCC2)cc1NC(=O)c1cc2c(s1)CCCCC2,4.494850021680094,train,O=C(Nc1cccc(S(=O)(=O)N2CCOCC2)c1)c1cc2c(s1)CCCCC2,ChEMBL
chembl-pic50-20260527T153246Z,CHEMBL253,CB2,CHEMBL1760930,O=C(c1cccc(Cl)c1Cl)c1nc(CN2CCOCC2)c2ccccn12,8.301029995663981,train,O=C(c1ccccc1)c1nc(CN2CCOCC2)c2ccccn12,ChEMBL
chembl-pic50-20260527T153246Z,CHEMBL253,CB2,CHEMBL1760931,O=C(c1cccc(F)c1C(F)(F)F)c1nc(CN2CCOCC2)c2ccccn12,9.154901959985743,train,O=C(c1ccccc1)c1nc(CN2CCOCC2)c2ccccn12,ChEMBL
chembl-pic50-20260527T153246Z,CHEMBL253,CB2,CHEMBL1760932,O=C(c1cccc(Cl)c1Cl)c1nc(CN2CCC(F)(F)CC2)c2ccccn12,9.522878745280337,train,O=C(c1ccccc1)c1nc(CN2CCCCC2)c2ccccn12,ChEMBL
chembl-pic50-20260527T153246Z,CHEMBL253,CB2,CHEMBL1760933,O=C(Nc1cccc(C(F)(F)F)n1)c1nc(CN2CCC(F)(F)CC2)c2ccccn12,8.769551078621726,train,O=C(Nc1ccccn1)c1nc(CN2CCCCC2)c2ccccn12,ChEMBL
chembl-pic50-20260527T153246Z,CHEMBL253,CB2,CHEMBL1760935,O=C(NCC1(CO)CCCC1)c1nc(CN2CCC(F)(F)CC2)n2ccccc12,8.522878745280337,train,O=C(NCC1CCCC1)c1nc(CN2CCCCC2)n2ccccc12,ChEMBL
chembl-pic50-20260527T153246Z,CHEMBL253,CB2,CHEMBL1760937,CC(C)(C)CNC(=O)c1nc(C2CC2)n2ccccc12,7.6777807052660805,train,c1ccn2c(C3CC3)ncc2c1,ChEMBL
chembl-pic50-20260527T153246Z,CHEMBL253,CB2,CHEMBL1760938,O=C(N[C@H](c1ccccn1)C(F)(F)F)c1nc(N2CCOCC2)n2ccccc12,7.6777807052660805,train,O=C(NCc1ccccn1)c1nc(N2CCOCC2)n2ccccc12,ChEMBL
chembl-pic50-20260527T153246Z,CHEMBL253,CB2,CHEMBL1760939,O=C(NCC1(CO)CCCC1)c1nc(N2CCOCC2)n2ccccc12,7.481486060122112,train,O=C(NCC1CCCC1)c1nc(N2CCOCC2)n2ccccc12,ChEMBL
chembl-pic50-20260527T153246Z,CHEMBL253,CB2,CHEMBL1760940,O=C(NC(c1ccncc1)c1ccc(F)cc1)c1nc(N2CCC(F)(F)C2)c2cnccn12,7.036212172654444,train,O=C(NC(c1ccccc1)c1ccncc1)c1nc(N2CCCC2)c2cnccn12,ChEMBL
chembl-pic50-20260527T153246Z,CHEMBL253,CB2,CHEMBL1760943,O=C(NC(c1cccnc1)C(F)(F)F)c1nc(N2CCOCC2)c2cnccn12,7.161150909262744,train,O=C(NCc1cccnc1)c1nc(N2CCOCC2)c2cnccn12,ChEMBL
chembl-pic50-20260527T153246Z,CHEMBL253,CB2,CHEMBL1765153,O=C(c1ccccc1)N1CC[C@](O)(c2ccccc2)[C@H]2CCCC[C@@H]21,7.346787486224656,train,O=C(c1ccccc1)N1CCC(c2ccccc2)[C@H]2CCCC[C@@H]21,ChEMBL
chembl-pic50-20260527T153246Z,CHEMBL253,CB2,CHEMBL1765154,O=C(c1ccc(Cl)cc1)N1CC[C@](O)(c2ccccc2)[C@H]2CCCC[C@@H]21,7.619788758288394,train,O=C(c1ccccc1)N1CCC(c2ccccc2)[C@H]2CCCC[C@@H]21,ChEMBL
chembl-pic50-20260527T153246Z,CHEMBL253,CB2,CHEMBL1765156,O=C(c1cccc2[nH]ccc12)N1CC[C@](O)(c2ccccc2)[C@H]2CCCC[C@@H]21,7.657577319177793,train,O=C(c1cccc2[nH]ccc12)N1CCC(c2ccccc2)[C@H]2CCCC[C@@H]21,ChEMBL
chembl-pic50-20260527T153246Z,CHEMBL253,CB2,CHEMBL1765159,O=C(c1ccccc1)N1CC[C@](O)(c2ccccc2)[C@H]2CCCC[C@H]21,8.3767507096021,train,O=C(c1ccccc1)N1CCC(c2ccccc2)[C@H]2CCCC[C@H]21,ChEMBL
chembl-pic50-20260527T153246Z,CHEMBL253,CB2,CHEMBL1765160,O=C(c1ccc(Cl)cc1)N1CC[C@](O)(c2ccccc2)[C@H]2CCCC[C@H]21,9.853871964321762,train,O=C(c1ccccc1)N1CCC(c2ccccc2)[C@H]2CCCC[C@H]21,ChEMBL
chembl-pic50-20260527T153246Z,CHEMBL253,CB2,CHEMBL1765161,O=C(c1ccc2ccccc2n1)N1CC[C@](O)(c2ccccc2)[C@H]2CCCC[C@H]21,9.086186147616283,train,O=C(c1ccc2ccccc2n1)N1CCC(c2ccccc2)[C@H]2CCCC[C@H]21,ChEMBL
chembl-pic50-20260527T153246Z,CHEMBL253,CB2,CHEMBL1765246,O=C(c1cccc2[nH]ccc12)N1CC[C@](O)(c2ccccc2)[C@H]2CCCC[C@H]21,9.207608310501746,train,O=C(c1cccc2[nH]ccc12)N1CCC(c2ccccc2)[C@H]2CCCC[C@H]21,ChEMBL
chembl-pic50-20260527T153246Z,CHEMBL253,CB2,CHEMBL1765247,O=C(c1cc(-c2ccccc2F)[nH]n1)N1CC[C@](O)(c2ccccc2)[C@H]2CCCC[C@H]21,7.6777807052660805,train,O=C(c1cc(-c2ccccc2)[nH]n1)N1CCC(c2ccccc2)[C@H]2CCCC[C@H]21,ChEMBL
chembl-pic50-20260527T153246Z,CHEMBL253,CB2,CHEMBL1765248,CN1CCC(C(=O)N2CC[C@](O)(c3ccccc3)[C@H]3CCCC[C@H]32)C1,8.229147988357855,train,O=C(C1CCNC1)N1CCC(c2ccccc2)[C@H]2CCCC[C@H]21,ChEMBL
chembl-pic50-20260527T153246Z,CHEMBL253,CB2,CHEMBL1765249,CS(=O)(=O)c1ccc([C@@]2(O)CCN(C(=O)c3ccccc3)[C@H]3CCCC[C@@H]32)cc1,6.97469413473523,train,O=C(c1ccccc1)N1CCC(c2ccccc2)[C@H]2CCCC[C@@H]21,ChEMBL
